2025-11-06 10:37:09,151 [Worker-4: Loading available Gradle versions] INFO  o.e.b.c.i.u.g.PublishedGradleVersions - Gradle version information cache is not available. Remote download required.
2025-11-06 11:49:53,523 [Worker-8: Loading available Gradle versions] INFO  o.e.b.c.i.u.g.PublishedGradleVersions - Gradle version information cache is up-to-date. Trying to read.
2025-11-06 11:49:57,562 [main] INFO  o.b.c.a.StaticComponentContainer - (StaticComponentContainer.java:368) - Instantiated org.burningwave.core.SLF4JManagedLoggerRepository
2025-11-06 11:49:57,564 [main] INFO  o.b.c.a.StaticComponentContainer - (StaticComponentContainer.java:369) - 

	Configuration values for static components:

		background-executor.all-tasks-monitoring.enabled=\
			true
		background-executor.all-tasks-monitoring.interval=\
			30000
		background-executor.all-tasks-monitoring.logger.enabled=\
			false
		background-executor.all-tasks-monitoring.minimum-elapsed-time-to-consider-a-task-as-probable-dead-locked=\
			300000
		background-executor.all-tasks-monitoring.probable-dead-locked-tasks-handling.policy=\
			log only
		background-executor.queued-task-executor[0].name=\
			Low priority tasks
		background-executor.queued-task-executor[0].priority=\
			1
		background-executor.queued-task-executor[1].name=\
			Normal priority tasks
		background-executor.queued-task-executor[1].priority=\
			5
		background-executor.queued-task-executor[2].name=\
			High priority tasks
		background-executor.queued-task-executor[2].priority=\
			10
		background-executor.task-creation-tracking.enabled=\
			${background-executor.all-tasks-monitoring.enabled}
		banner.additonal-informations=\
			${Bundle-Vendor} ${Bundle-Name} ${Bundle-Version}
		banner.additonal-informations.retrieve-from-manifest-file-of=\
			Burningwave Core
		banner.file=\
			org/burningwave/banner.bwb
		banner.hide=\
			true
		buffer-handler.default-allocation-mode=\
			ByteBuffer::allocateDirect
		buffer-handler.default-buffer-size=\
			1024
		group-name-for-named-elements=\
			Burningwave
		iterable-object-helper.default-values-separator=\
			;
		iterable-object-helper.parallel-iteration.applicability.default-minimum-collection-size=\
			2
		iterable-object-helper.parallel-iteration.applicability.max-runtime-thread-count-threshold=\
			autodetect
		iterable-object-helper.parallel-iteration.applicability.output-collection-enabled-types=\
			java.util.concurrent.ConcurrentHashMap$CollectionView;\
			java.util.Collections$SynchronizedCollection;\
			java.util.concurrent.CopyOnWriteArrayList;\
			java.util.concurrent.CopyOnWriteArraySet;\
			java.util.concurrent.BlockingQueue;\
			java.util.concurrent.ConcurrentSkipListSet;\
			java.util.concurrent.ConcurrentSkipListMap$EntrySet;\
			java.util.concurrent.ConcurrentSkipListMap$KeySet;\
			java.util.concurrent.ConcurrentSkipListMap$Values;
		jvm.driver.init=\
			false
		managed-logger.repository=\
			autodetect
		managed-logger.repository.enabled=\
			true
		managed-logger.repository.logging.warn.disabled-for=\
			org.burningwave.core.assembler.ComponentContainer$ClassLoader;\
			org.burningwave.core.classes.MemoryClassLoader;\
			org.burningwave.core.classes.PathScannerClassLoader;
		modules.export-all-to-all=\
			true
		resource-releaser.enabled=\
			true
		synchronizer.all-threads-monitoring.enabled=\
			false
		synchronizer.all-threads-monitoring.interval=\
			90000
		thread-supplier.default-daemon-flag-value=\
			true
		thread-supplier.default-thread-priority=\
			5
		thread-supplier.max-detached-thread-count=\
			${thread-supplier.max-poolable-thread-count}
		thread-supplier.max-detached-thread-count.elapsed-time-threshold-from-last-increase-for-gradual-decreasing-to-initial-value=\
			30000
		thread-supplier.max-detached-thread-count.increasing-step=\
			autodetect
		thread-supplier.max-poolable-thread-count=\
			autodetect
		thread-supplier.poolable-thread-request-timeout=\
			6000


2025-11-06 11:49:57,565 [main] INFO  o.b.core.jvm.BufferHandler - (BufferHandler.java:127) - default buffer size: 1024 bytes
2025-11-06 11:49:57,567 [main] INFO  o.b.core.jvm.BufferHandler - (BufferHandler.java:141) - default allocation mode: ByteBuffer::allocateDirect
2025-11-06 11:49:57,570 [main] INFO  org.burningwave.core.Cache - (Cache.java:76) - Building cache
2025-11-06 11:49:57,582 [main] INFO  o.b.c.a.StaticComponentContainer - (StaticComponentContainer.java:443) - org.burningwave.core.assembler.StaticComponentContainer initialized in 0.129250599 seconds
2025-11-06 14:57:15,664 [Burningwave - Resource releaser] INFO  o.b.c.a.StaticComponentContainer - (StaticComponentContainer.java:391) - ... Waiting for all tasks ending
2025-11-06 14:57:15,665 [Burningwave - Resource releaser] INFO  o.b.c.a.StaticComponentContainer - (StaticComponentContainer.java:397) - Closing all component containers
2025-11-06 14:57:15,667 [Burningwave - Resource releaser] INFO  o.b.c.a.StaticComponentContainer - (StaticComponentContainer.java:403) - Closing FileSystemHelper
2025-11-06 14:57:15,668 [Burningwave - Resource releaser] INFO  o.b.c.a.StaticComponentContainer - (StaticComponentContainer.java:409) - ... Waiting for all tasks ending before shutting down the BackgroundExecutor
2025-11-06 14:57:15,668 [Burningwave - Resource releaser] INFO  o.b.c.a.StaticComponentContainer - (StaticComponentContainer.java:414) - Shutting down BackgroundExecutor
2025-11-06 14:57:15,669 [Burningwave - Resource releaser] INFO  o.b.c.a.StaticComponentContainer - (StaticComponentContainer.java:420) - Stopping all threads monitoring thread
2025-11-06 14:57:15,669 [Burningwave - Resource releaser] INFO  o.b.c.a.StaticComponentContainer - (StaticComponentContainer.java:425) - Closing ThreadHolder
2025-11-06 14:57:15,670 [Burningwave - Resource releaser] INFO  o.b.c.a.StaticComponentContainer - (StaticComponentContainer.java:430) - Shutting down ThreadSupplier
2025-11-10 08:33:35,737 [main] INFO  o.b.c.a.StaticComponentContainer - (StaticComponentContainer.java:368) - Instantiated org.burningwave.core.SLF4JManagedLoggerRepository
2025-11-10 08:33:35,747 [main] INFO  o.b.c.a.StaticComponentContainer - (StaticComponentContainer.java:369) - 

	Configuration values for static components:

		background-executor.all-tasks-monitoring.enabled=\
			true
		background-executor.all-tasks-monitoring.interval=\
			30000
		background-executor.all-tasks-monitoring.logger.enabled=\
			false
		background-executor.all-tasks-monitoring.minimum-elapsed-time-to-consider-a-task-as-probable-dead-locked=\
			300000
		background-executor.all-tasks-monitoring.probable-dead-locked-tasks-handling.policy=\
			log only
		background-executor.queued-task-executor[0].name=\
			Low priority tasks
		background-executor.queued-task-executor[0].priority=\
			1
		background-executor.queued-task-executor[1].name=\
			Normal priority tasks
		background-executor.queued-task-executor[1].priority=\
			5
		background-executor.queued-task-executor[2].name=\
			High priority tasks
		background-executor.queued-task-executor[2].priority=\
			10
		background-executor.task-creation-tracking.enabled=\
			${background-executor.all-tasks-monitoring.enabled}
		banner.additonal-informations=\
			${Bundle-Vendor} ${Bundle-Name} ${Bundle-Version}
		banner.additonal-informations.retrieve-from-manifest-file-of=\
			Burningwave Core
		banner.file=\
			org/burningwave/banner.bwb
		banner.hide=\
			true
		buffer-handler.default-allocation-mode=\
			ByteBuffer::allocateDirect
		buffer-handler.default-buffer-size=\
			1024
		group-name-for-named-elements=\
			Burningwave
		iterable-object-helper.default-values-separator=\
			;
		iterable-object-helper.parallel-iteration.applicability.default-minimum-collection-size=\
			2
		iterable-object-helper.parallel-iteration.applicability.max-runtime-thread-count-threshold=\
			autodetect
		iterable-object-helper.parallel-iteration.applicability.output-collection-enabled-types=\
			java.util.concurrent.ConcurrentHashMap$CollectionView;\
			java.util.Collections$SynchronizedCollection;\
			java.util.concurrent.CopyOnWriteArrayList;\
			java.util.concurrent.CopyOnWriteArraySet;\
			java.util.concurrent.BlockingQueue;\
			java.util.concurrent.ConcurrentSkipListSet;\
			java.util.concurrent.ConcurrentSkipListMap$EntrySet;\
			java.util.concurrent.ConcurrentSkipListMap$KeySet;\
			java.util.concurrent.ConcurrentSkipListMap$Values;
		jvm.driver.init=\
			false
		managed-logger.repository=\
			autodetect
		managed-logger.repository.enabled=\
			true
		managed-logger.repository.logging.warn.disabled-for=\
			org.burningwave.core.assembler.ComponentContainer$ClassLoader;\
			org.burningwave.core.classes.MemoryClassLoader;\
			org.burningwave.core.classes.PathScannerClassLoader;
		modules.export-all-to-all=\
			true
		resource-releaser.enabled=\
			true
		synchronizer.all-threads-monitoring.enabled=\
			false
		synchronizer.all-threads-monitoring.interval=\
			90000
		thread-supplier.default-daemon-flag-value=\
			true
		thread-supplier.default-thread-priority=\
			5
		thread-supplier.max-detached-thread-count=\
			${thread-supplier.max-poolable-thread-count}
		thread-supplier.max-detached-thread-count.elapsed-time-threshold-from-last-increase-for-gradual-decreasing-to-initial-value=\
			30000
		thread-supplier.max-detached-thread-count.increasing-step=\
			autodetect
		thread-supplier.max-poolable-thread-count=\
			autodetect
		thread-supplier.poolable-thread-request-timeout=\
			6000


2025-11-10 08:33:35,760 [main] INFO  o.b.core.jvm.BufferHandler - (BufferHandler.java:127) - default buffer size: 1024 bytes
2025-11-10 08:33:35,760 [main] INFO  o.b.core.jvm.BufferHandler - (BufferHandler.java:141) - default allocation mode: ByteBuffer::allocateDirect
2025-11-10 08:33:35,763 [main] INFO  org.burningwave.core.Cache - (Cache.java:76) - Building cache
2025-11-10 08:33:35,778 [main] INFO  o.b.c.a.StaticComponentContainer - (StaticComponentContainer.java:443) - org.burningwave.core.assembler.StaticComponentContainer initialized in 0.2268672 seconds
2025-11-10 08:33:37,531 [Worker-6: Loading available Gradle versions] INFO  o.e.b.c.i.u.g.PublishedGradleVersions - Gradle version information cache is out-of-date. Trying to update.
2025-11-10 13:40:20,920 [Burningwave - Resource releaser] INFO  o.b.c.a.StaticComponentContainer - (StaticComponentContainer.java:391) - ... Waiting for all tasks ending
2025-11-10 13:40:20,920 [Burningwave - Resource releaser] INFO  o.b.c.a.StaticComponentContainer - (StaticComponentContainer.java:397) - Closing all component containers
2025-11-10 13:40:20,921 [Burningwave - Resource releaser] INFO  o.b.c.a.StaticComponentContainer - (StaticComponentContainer.java:403) - Closing FileSystemHelper
2025-11-10 13:40:20,922 [Burningwave - Resource releaser] INFO  o.b.c.a.StaticComponentContainer - (StaticComponentContainer.java:409) - ... Waiting for all tasks ending before shutting down the BackgroundExecutor
2025-11-10 13:40:20,922 [Burningwave - Resource releaser] INFO  o.b.c.a.StaticComponentContainer - (StaticComponentContainer.java:414) - Shutting down BackgroundExecutor
2025-11-10 13:40:20,923 [Burningwave - Resource releaser] INFO  o.b.c.a.StaticComponentContainer - (StaticComponentContainer.java:420) - Stopping all threads monitoring thread
2025-11-10 13:40:20,923 [Burningwave - Resource releaser] INFO  o.b.c.a.StaticComponentContainer - (StaticComponentContainer.java:425) - Closing ThreadHolder
2025-11-10 13:40:20,923 [Burningwave - Resource releaser] INFO  o.b.c.a.StaticComponentContainer - (StaticComponentContainer.java:430) - Shutting down ThreadSupplier
2025-11-10 13:40:32,074 [main] INFO  o.b.c.a.StaticComponentContainer - (StaticComponentContainer.java:368) - Instantiated org.burningwave.core.SLF4JManagedLoggerRepository
2025-11-10 13:40:32,076 [main] INFO  o.b.c.a.StaticComponentContainer - (StaticComponentContainer.java:369) - 

	Configuration values for static components:

		background-executor.all-tasks-monitoring.enabled=\
			true
		background-executor.all-tasks-monitoring.interval=\
			30000
		background-executor.all-tasks-monitoring.logger.enabled=\
			false
		background-executor.all-tasks-monitoring.minimum-elapsed-time-to-consider-a-task-as-probable-dead-locked=\
			300000
		background-executor.all-tasks-monitoring.probable-dead-locked-tasks-handling.policy=\
			log only
		background-executor.queued-task-executor[0].name=\
			Low priority tasks
		background-executor.queued-task-executor[0].priority=\
			1
		background-executor.queued-task-executor[1].name=\
			Normal priority tasks
		background-executor.queued-task-executor[1].priority=\
			5
		background-executor.queued-task-executor[2].name=\
			High priority tasks
		background-executor.queued-task-executor[2].priority=\
			10
		background-executor.task-creation-tracking.enabled=\
			${background-executor.all-tasks-monitoring.enabled}
		banner.additonal-informations=\
			${Bundle-Vendor} ${Bundle-Name} ${Bundle-Version}
		banner.additonal-informations.retrieve-from-manifest-file-of=\
			Burningwave Core
		banner.file=\
			org/burningwave/banner.bwb
		banner.hide=\
			true
		buffer-handler.default-allocation-mode=\
			ByteBuffer::allocateDirect
		buffer-handler.default-buffer-size=\
			1024
		group-name-for-named-elements=\
			Burningwave
		iterable-object-helper.default-values-separator=\
			;
		iterable-object-helper.parallel-iteration.applicability.default-minimum-collection-size=\
			2
		iterable-object-helper.parallel-iteration.applicability.max-runtime-thread-count-threshold=\
			autodetect
		iterable-object-helper.parallel-iteration.applicability.output-collection-enabled-types=\
			java.util.concurrent.ConcurrentHashMap$CollectionView;\
			java.util.Collections$SynchronizedCollection;\
			java.util.concurrent.CopyOnWriteArrayList;\
			java.util.concurrent.CopyOnWriteArraySet;\
			java.util.concurrent.BlockingQueue;\
			java.util.concurrent.ConcurrentSkipListSet;\
			java.util.concurrent.ConcurrentSkipListMap$EntrySet;\
			java.util.concurrent.ConcurrentSkipListMap$KeySet;\
			java.util.concurrent.ConcurrentSkipListMap$Values;
		jvm.driver.init=\
			false
		managed-logger.repository=\
			autodetect
		managed-logger.repository.enabled=\
			true
		managed-logger.repository.logging.warn.disabled-for=\
			org.burningwave.core.assembler.ComponentContainer$ClassLoader;\
			org.burningwave.core.classes.MemoryClassLoader;\
			org.burningwave.core.classes.PathScannerClassLoader;
		modules.export-all-to-all=\
			true
		resource-releaser.enabled=\
			true
		synchronizer.all-threads-monitoring.enabled=\
			false
		synchronizer.all-threads-monitoring.interval=\
			90000
		thread-supplier.default-daemon-flag-value=\
			true
		thread-supplier.default-thread-priority=\
			5
		thread-supplier.max-detached-thread-count=\
			${thread-supplier.max-poolable-thread-count}
		thread-supplier.max-detached-thread-count.elapsed-time-threshold-from-last-increase-for-gradual-decreasing-to-initial-value=\
			30000
		thread-supplier.max-detached-thread-count.increasing-step=\
			autodetect
		thread-supplier.max-poolable-thread-count=\
			autodetect
		thread-supplier.poolable-thread-request-timeout=\
			6000


2025-11-10 13:40:32,078 [main] INFO  o.b.core.jvm.BufferHandler - (BufferHandler.java:127) - default buffer size: 1024 bytes
2025-11-10 13:40:32,078 [main] INFO  o.b.core.jvm.BufferHandler - (BufferHandler.java:141) - default allocation mode: ByteBuffer::allocateDirect
2025-11-10 13:40:32,080 [main] INFO  org.burningwave.core.Cache - (Cache.java:76) - Building cache
2025-11-10 13:40:32,096 [main] INFO  o.b.c.a.StaticComponentContainer - (StaticComponentContainer.java:443) - org.burningwave.core.assembler.StaticComponentContainer initialized in 0.0723195 seconds
2025-11-10 13:40:33,945 [Worker-7: Loading available Gradle versions] INFO  o.e.b.c.i.u.g.PublishedGradleVersions - Gradle version information cache is up-to-date. Trying to read.
2025-11-11 01:32:36,127 [Burningwave - Resource releaser] INFO  o.b.c.a.StaticComponentContainer - (StaticComponentContainer.java:391) - ... Waiting for all tasks ending
2025-11-11 01:32:36,131 [Burningwave - Resource releaser] INFO  o.b.c.a.StaticComponentContainer - (StaticComponentContainer.java:397) - Closing all component containers
2025-11-11 01:32:36,133 [Burningwave - Resource releaser] INFO  o.b.c.a.StaticComponentContainer - (StaticComponentContainer.java:403) - Closing FileSystemHelper
2025-11-11 01:32:36,134 [Burningwave - Resource releaser] INFO  o.b.c.a.StaticComponentContainer - (StaticComponentContainer.java:409) - ... Waiting for all tasks ending before shutting down the BackgroundExecutor
2025-11-11 01:32:36,135 [Burningwave - Resource releaser] INFO  o.b.c.a.StaticComponentContainer - (StaticComponentContainer.java:414) - Shutting down BackgroundExecutor
2025-11-11 01:32:36,136 [Burningwave - Resource releaser] INFO  o.b.c.a.StaticComponentContainer - (StaticComponentContainer.java:420) - Stopping all threads monitoring thread
2025-11-11 01:32:36,137 [Burningwave - Resource releaser] INFO  o.b.c.a.StaticComponentContainer - (StaticComponentContainer.java:425) - Closing ThreadHolder
2025-11-11 01:32:36,138 [Burningwave - Resource releaser] INFO  o.b.c.a.StaticComponentContainer - (StaticComponentContainer.java:430) - Shutting down ThreadSupplier
2025-11-11 09:44:38,728 [Worker-6: Loading available Gradle versions] INFO  o.e.b.c.i.u.g.PublishedGradleVersions - Gradle version information cache is out-of-date. Trying to update.
2025-11-11 09:44:42,336 [org.eclipse.wst.sse.ui.internal.reconcile.StructuredRegionProcessor] INFO  o.b.c.a.StaticComponentContainer - (StaticComponentContainer.java:368) - Instantiated org.burningwave.core.SLF4JManagedLoggerRepository
2025-11-11 09:44:42,339 [org.eclipse.wst.sse.ui.internal.reconcile.StructuredRegionProcessor] INFO  o.b.c.a.StaticComponentContainer - (StaticComponentContainer.java:369) - 

	Configuration values for static components:

		background-executor.all-tasks-monitoring.enabled=\
			true
		background-executor.all-tasks-monitoring.interval=\
			30000
		background-executor.all-tasks-monitoring.logger.enabled=\
			false
		background-executor.all-tasks-monitoring.minimum-elapsed-time-to-consider-a-task-as-probable-dead-locked=\
			300000
		background-executor.all-tasks-monitoring.probable-dead-locked-tasks-handling.policy=\
			log only
		background-executor.queued-task-executor[0].name=\
			Low priority tasks
		background-executor.queued-task-executor[0].priority=\
			1
		background-executor.queued-task-executor[1].name=\
			Normal priority tasks
		background-executor.queued-task-executor[1].priority=\
			5
		background-executor.queued-task-executor[2].name=\
			High priority tasks
		background-executor.queued-task-executor[2].priority=\
			10
		background-executor.task-creation-tracking.enabled=\
			${background-executor.all-tasks-monitoring.enabled}
		banner.additonal-informations=\
			${Bundle-Vendor} ${Bundle-Name} ${Bundle-Version}
		banner.additonal-informations.retrieve-from-manifest-file-of=\
			Burningwave Core
		banner.file=\
			org/burningwave/banner.bwb
		banner.hide=\
			true
		buffer-handler.default-allocation-mode=\
			ByteBuffer::allocateDirect
		buffer-handler.default-buffer-size=\
			1024
		group-name-for-named-elements=\
			Burningwave
		iterable-object-helper.default-values-separator=\
			;
		iterable-object-helper.parallel-iteration.applicability.default-minimum-collection-size=\
			2
		iterable-object-helper.parallel-iteration.applicability.max-runtime-thread-count-threshold=\
			autodetect
		iterable-object-helper.parallel-iteration.applicability.output-collection-enabled-types=\
			java.util.concurrent.ConcurrentHashMap$CollectionView;\
			java.util.Collections$SynchronizedCollection;\
			java.util.concurrent.CopyOnWriteArrayList;\
			java.util.concurrent.CopyOnWriteArraySet;\
			java.util.concurrent.BlockingQueue;\
			java.util.concurrent.ConcurrentSkipListSet;\
			java.util.concurrent.ConcurrentSkipListMap$EntrySet;\
			java.util.concurrent.ConcurrentSkipListMap$KeySet;\
			java.util.concurrent.ConcurrentSkipListMap$Values;
		jvm.driver.init=\
			false
		managed-logger.repository=\
			autodetect
		managed-logger.repository.enabled=\
			true
		managed-logger.repository.logging.warn.disabled-for=\
			org.burningwave.core.assembler.ComponentContainer$ClassLoader;\
			org.burningwave.core.classes.MemoryClassLoader;\
			org.burningwave.core.classes.PathScannerClassLoader;
		modules.export-all-to-all=\
			true
		resource-releaser.enabled=\
			true
		synchronizer.all-threads-monitoring.enabled=\
			false
		synchronizer.all-threads-monitoring.interval=\
			90000
		thread-supplier.default-daemon-flag-value=\
			true
		thread-supplier.default-thread-priority=\
			5
		thread-supplier.max-detached-thread-count=\
			${thread-supplier.max-poolable-thread-count}
		thread-supplier.max-detached-thread-count.elapsed-time-threshold-from-last-increase-for-gradual-decreasing-to-initial-value=\
			30000
		thread-supplier.max-detached-thread-count.increasing-step=\
			autodetect
		thread-supplier.max-poolable-thread-count=\
			autodetect
		thread-supplier.poolable-thread-request-timeout=\
			6000


2025-11-11 09:44:42,344 [org.eclipse.wst.sse.ui.internal.reconcile.StructuredRegionProcessor] INFO  o.b.core.jvm.BufferHandler - (BufferHandler.java:127) - default buffer size: 1024 bytes
2025-11-11 09:44:42,345 [org.eclipse.wst.sse.ui.internal.reconcile.StructuredRegionProcessor] INFO  o.b.core.jvm.BufferHandler - (BufferHandler.java:141) - default allocation mode: ByteBuffer::allocateDirect
2025-11-11 09:44:42,357 [org.eclipse.wst.sse.ui.internal.reconcile.StructuredRegionProcessor] INFO  org.burningwave.core.Cache - (Cache.java:76) - Building cache
2025-11-11 09:44:42,453 [org.eclipse.wst.sse.ui.internal.reconcile.StructuredRegionProcessor] INFO  o.b.c.a.StaticComponentContainer - (StaticComponentContainer.java:443) - org.burningwave.core.assembler.StaticComponentContainer initialized in 0.9612763 seconds
2025-11-11 12:18:39,284 [Burningwave - Resource releaser] INFO  o.b.c.a.StaticComponentContainer - (StaticComponentContainer.java:391) - ... Waiting for all tasks ending
2025-11-11 12:18:39,285 [Burningwave - Resource releaser] INFO  o.b.c.a.StaticComponentContainer - (StaticComponentContainer.java:397) - Closing all component containers
2025-11-11 12:18:39,286 [Burningwave - Resource releaser] INFO  o.b.c.a.StaticComponentContainer - (StaticComponentContainer.java:403) - Closing FileSystemHelper
2025-11-11 12:18:39,286 [Burningwave - Resource releaser] INFO  o.b.c.a.StaticComponentContainer - (StaticComponentContainer.java:409) - ... Waiting for all tasks ending before shutting down the BackgroundExecutor
2025-11-11 12:18:39,287 [Burningwave - Resource releaser] INFO  o.b.c.a.StaticComponentContainer - (StaticComponentContainer.java:414) - Shutting down BackgroundExecutor
2025-11-11 12:18:39,287 [Burningwave - Resource releaser] INFO  o.b.c.a.StaticComponentContainer - (StaticComponentContainer.java:420) - Stopping all threads monitoring thread
2025-11-11 12:18:39,287 [Burningwave - Resource releaser] INFO  o.b.c.a.StaticComponentContainer - (StaticComponentContainer.java:425) - Closing ThreadHolder
2025-11-11 12:18:39,287 [Burningwave - Resource releaser] INFO  o.b.c.a.StaticComponentContainer - (StaticComponentContainer.java:430) - Shutting down ThreadSupplier
2025-11-11 18:29:08,077 [Worker-2: Loading available Gradle versions] INFO  o.e.b.c.i.u.g.PublishedGradleVersions - Gradle version information cache is up-to-date. Trying to read.
2025-11-11 18:30:04,831 [Worker-13: Synchronizing projects] INFO  o.b.c.a.StaticComponentContainer - (StaticComponentContainer.java:368) - Instantiated org.burningwave.core.SLF4JManagedLoggerRepository
2025-11-11 18:30:04,835 [Worker-13: Synchronizing projects] INFO  o.b.c.a.StaticComponentContainer - (StaticComponentContainer.java:369) - 

	Configuration values for static components:

		background-executor.all-tasks-monitoring.enabled=\
			true
		background-executor.all-tasks-monitoring.interval=\
			30000
		background-executor.all-tasks-monitoring.logger.enabled=\
			false
		background-executor.all-tasks-monitoring.minimum-elapsed-time-to-consider-a-task-as-probable-dead-locked=\
			300000
		background-executor.all-tasks-monitoring.probable-dead-locked-tasks-handling.policy=\
			log only
		background-executor.queued-task-executor[0].name=\
			Low priority tasks
		background-executor.queued-task-executor[0].priority=\
			1
		background-executor.queued-task-executor[1].name=\
			Normal priority tasks
		background-executor.queued-task-executor[1].priority=\
			5
		background-executor.queued-task-executor[2].name=\
			High priority tasks
		background-executor.queued-task-executor[2].priority=\
			10
		background-executor.task-creation-tracking.enabled=\
			${background-executor.all-tasks-monitoring.enabled}
		banner.additonal-informations=\
			${Bundle-Vendor} ${Bundle-Name} ${Bundle-Version}
		banner.additonal-informations.retrieve-from-manifest-file-of=\
			Burningwave Core
		banner.file=\
			org/burningwave/banner.bwb
		banner.hide=\
			true
		buffer-handler.default-allocation-mode=\
			ByteBuffer::allocateDirect
		buffer-handler.default-buffer-size=\
			1024
		group-name-for-named-elements=\
			Burningwave
		iterable-object-helper.default-values-separator=\
			;
		iterable-object-helper.parallel-iteration.applicability.default-minimum-collection-size=\
			2
		iterable-object-helper.parallel-iteration.applicability.max-runtime-thread-count-threshold=\
			autodetect
		iterable-object-helper.parallel-iteration.applicability.output-collection-enabled-types=\
			java.util.concurrent.ConcurrentHashMap$CollectionView;\
			java.util.Collections$SynchronizedCollection;\
			java.util.concurrent.CopyOnWriteArrayList;\
			java.util.concurrent.CopyOnWriteArraySet;\
			java.util.concurrent.BlockingQueue;\
			java.util.concurrent.ConcurrentSkipListSet;\
			java.util.concurrent.ConcurrentSkipListMap$EntrySet;\
			java.util.concurrent.ConcurrentSkipListMap$KeySet;\
			java.util.concurrent.ConcurrentSkipListMap$Values;
		jvm.driver.init=\
			false
		managed-logger.repository=\
			autodetect
		managed-logger.repository.enabled=\
			true
		managed-logger.repository.logging.warn.disabled-for=\
			org.burningwave.core.assembler.ComponentContainer$ClassLoader;\
			org.burningwave.core.classes.MemoryClassLoader;\
			org.burningwave.core.classes.PathScannerClassLoader;
		modules.export-all-to-all=\
			true
		resource-releaser.enabled=\
			true
		synchronizer.all-threads-monitoring.enabled=\
			false
		synchronizer.all-threads-monitoring.interval=\
			90000
		thread-supplier.default-daemon-flag-value=\
			true
		thread-supplier.default-thread-priority=\
			5
		thread-supplier.max-detached-thread-count=\
			${thread-supplier.max-poolable-thread-count}
		thread-supplier.max-detached-thread-count.elapsed-time-threshold-from-last-increase-for-gradual-decreasing-to-initial-value=\
			30000
		thread-supplier.max-detached-thread-count.increasing-step=\
			autodetect
		thread-supplier.max-poolable-thread-count=\
			autodetect
		thread-supplier.poolable-thread-request-timeout=\
			6000


2025-11-11 18:30:04,840 [Worker-13: Synchronizing projects] INFO  o.b.core.jvm.BufferHandler - (BufferHandler.java:127) - default buffer size: 1024 bytes
2025-11-11 18:30:04,842 [Worker-13: Synchronizing projects] INFO  o.b.core.jvm.BufferHandler - (BufferHandler.java:141) - default allocation mode: ByteBuffer::allocateDirect
2025-11-11 18:30:04,848 [Worker-13: Synchronizing projects] INFO  org.burningwave.core.Cache - (Cache.java:76) - Building cache
2025-11-11 18:30:04,883 [Worker-13: Synchronizing projects] INFO  o.b.c.a.StaticComponentContainer - (StaticComponentContainer.java:443) - org.burningwave.core.assembler.StaticComponentContainer initialized in 0.1706583 seconds
2025-11-11 22:20:36,225 [Burningwave - Resource releaser] INFO  o.b.c.a.StaticComponentContainer - (StaticComponentContainer.java:391) - ... Waiting for all tasks ending
2025-11-11 22:20:36,226 [Burningwave - Resource releaser] INFO  o.b.c.a.StaticComponentContainer - (StaticComponentContainer.java:397) - Closing all component containers
2025-11-11 22:20:36,229 [Burningwave - Resource releaser] INFO  o.b.c.a.StaticComponentContainer - (StaticComponentContainer.java:403) - Closing FileSystemHelper
2025-11-11 22:20:36,230 [Burningwave - Resource releaser] INFO  o.b.c.a.StaticComponentContainer - (StaticComponentContainer.java:409) - ... Waiting for all tasks ending before shutting down the BackgroundExecutor
2025-11-11 22:20:36,231 [Burningwave - Resource releaser] INFO  o.b.c.a.StaticComponentContainer - (StaticComponentContainer.java:414) - Shutting down BackgroundExecutor
2025-11-11 22:20:36,232 [Burningwave - Resource releaser] INFO  o.b.c.a.StaticComponentContainer - (StaticComponentContainer.java:420) - Stopping all threads monitoring thread
2025-11-11 22:20:36,232 [Burningwave - Resource releaser] INFO  o.b.c.a.StaticComponentContainer - (StaticComponentContainer.java:425) - Closing ThreadHolder
2025-11-11 22:20:36,233 [Burningwave - Resource releaser] INFO  o.b.c.a.StaticComponentContainer - (StaticComponentContainer.java:430) - Shutting down ThreadSupplier
2025-11-12 16:37:07,039 [main] INFO  o.b.c.a.StaticComponentContainer - (StaticComponentContainer.java:368) - Instantiated org.burningwave.core.SLF4JManagedLoggerRepository
2025-11-12 16:37:07,042 [main] INFO  o.b.c.a.StaticComponentContainer - (StaticComponentContainer.java:369) - 

	Configuration values for static components:

		background-executor.all-tasks-monitoring.enabled=\
			true
		background-executor.all-tasks-monitoring.interval=\
			30000
		background-executor.all-tasks-monitoring.logger.enabled=\
			false
		background-executor.all-tasks-monitoring.minimum-elapsed-time-to-consider-a-task-as-probable-dead-locked=\
			300000
		background-executor.all-tasks-monitoring.probable-dead-locked-tasks-handling.policy=\
			log only
		background-executor.queued-task-executor[0].name=\
			Low priority tasks
		background-executor.queued-task-executor[0].priority=\
			1
		background-executor.queued-task-executor[1].name=\
			Normal priority tasks
		background-executor.queued-task-executor[1].priority=\
			5
		background-executor.queued-task-executor[2].name=\
			High priority tasks
		background-executor.queued-task-executor[2].priority=\
			10
		background-executor.task-creation-tracking.enabled=\
			${background-executor.all-tasks-monitoring.enabled}
		banner.additonal-informations=\
			${Bundle-Vendor} ${Bundle-Name} ${Bundle-Version}
		banner.additonal-informations.retrieve-from-manifest-file-of=\
			Burningwave Core
		banner.file=\
			org/burningwave/banner.bwb
		banner.hide=\
			true
		buffer-handler.default-allocation-mode=\
			ByteBuffer::allocateDirect
		buffer-handler.default-buffer-size=\
			1024
		group-name-for-named-elements=\
			Burningwave
		iterable-object-helper.default-values-separator=\
			;
		iterable-object-helper.parallel-iteration.applicability.default-minimum-collection-size=\
			2
		iterable-object-helper.parallel-iteration.applicability.max-runtime-thread-count-threshold=\
			autodetect
		iterable-object-helper.parallel-iteration.applicability.output-collection-enabled-types=\
			java.util.concurrent.ConcurrentHashMap$CollectionView;\
			java.util.Collections$SynchronizedCollection;\
			java.util.concurrent.CopyOnWriteArrayList;\
			java.util.concurrent.CopyOnWriteArraySet;\
			java.util.concurrent.BlockingQueue;\
			java.util.concurrent.ConcurrentSkipListSet;\
			java.util.concurrent.ConcurrentSkipListMap$EntrySet;\
			java.util.concurrent.ConcurrentSkipListMap$KeySet;\
			java.util.concurrent.ConcurrentSkipListMap$Values;
		jvm.driver.init=\
			false
		managed-logger.repository=\
			autodetect
		managed-logger.repository.enabled=\
			true
		managed-logger.repository.logging.warn.disabled-for=\
			org.burningwave.core.assembler.ComponentContainer$ClassLoader;\
			org.burningwave.core.classes.MemoryClassLoader;\
			org.burningwave.core.classes.PathScannerClassLoader;
		modules.export-all-to-all=\
			true
		resource-releaser.enabled=\
			true
		synchronizer.all-threads-monitoring.enabled=\
			false
		synchronizer.all-threads-monitoring.interval=\
			90000
		thread-supplier.default-daemon-flag-value=\
			true
		thread-supplier.default-thread-priority=\
			5
		thread-supplier.max-detached-thread-count=\
			${thread-supplier.max-poolable-thread-count}
		thread-supplier.max-detached-thread-count.elapsed-time-threshold-from-last-increase-for-gradual-decreasing-to-initial-value=\
			30000
		thread-supplier.max-detached-thread-count.increasing-step=\
			autodetect
		thread-supplier.max-poolable-thread-count=\
			autodetect
		thread-supplier.poolable-thread-request-timeout=\
			6000


2025-11-12 16:37:07,044 [main] INFO  o.b.core.jvm.BufferHandler - (BufferHandler.java:127) - default buffer size: 1024 bytes
2025-11-12 16:37:07,045 [main] INFO  o.b.core.jvm.BufferHandler - (BufferHandler.java:141) - default allocation mode: ByteBuffer::allocateDirect
2025-11-12 16:37:07,048 [main] INFO  org.burningwave.core.Cache - (Cache.java:76) - Building cache
2025-11-12 16:37:07,070 [main] INFO  o.b.c.a.StaticComponentContainer - (StaticComponentContainer.java:443) - org.burningwave.core.assembler.StaticComponentContainer initialized in 0.1052435 seconds
2025-11-12 16:37:08,391 [Worker-1: Loading available Gradle versions] INFO  o.e.b.c.i.u.g.PublishedGradleVersions - Gradle version information cache is up-to-date. Trying to read.
2025-11-12 16:47:10,811 [Burningwave - Resource releaser] INFO  o.b.c.a.StaticComponentContainer - (StaticComponentContainer.java:391) - ... Waiting for all tasks ending
2025-11-12 16:47:10,814 [Burningwave - Resource releaser] INFO  o.b.c.a.StaticComponentContainer - (StaticComponentContainer.java:397) - Closing all component containers
2025-11-12 16:47:10,816 [Burningwave - Resource releaser] INFO  o.b.c.a.StaticComponentContainer - (StaticComponentContainer.java:403) - Closing FileSystemHelper
2025-11-12 16:47:10,818 [Burningwave - Resource releaser] INFO  o.b.c.a.StaticComponentContainer - (StaticComponentContainer.java:409) - ... Waiting for all tasks ending before shutting down the BackgroundExecutor
2025-11-12 16:47:10,819 [Burningwave - Resource releaser] INFO  o.b.c.a.StaticComponentContainer - (StaticComponentContainer.java:414) - Shutting down BackgroundExecutor
2025-11-12 16:47:10,820 [Burningwave - Resource releaser] INFO  o.b.c.a.StaticComponentContainer - (StaticComponentContainer.java:420) - Stopping all threads monitoring thread
2025-11-12 16:47:10,821 [Burningwave - Resource releaser] INFO  o.b.c.a.StaticComponentContainer - (StaticComponentContainer.java:425) - Closing ThreadHolder
2025-11-12 16:47:10,822 [Burningwave - Resource releaser] INFO  o.b.c.a.StaticComponentContainer - (StaticComponentContainer.java:430) - Shutting down ThreadSupplier
2025-11-12 16:47:24,481 [main] INFO  o.b.c.a.StaticComponentContainer - (StaticComponentContainer.java:368) - Instantiated org.burningwave.core.SLF4JManagedLoggerRepository
2025-11-12 16:47:24,483 [main] INFO  o.b.c.a.StaticComponentContainer - (StaticComponentContainer.java:369) - 

	Configuration values for static components:

		background-executor.all-tasks-monitoring.enabled=\
			true
		background-executor.all-tasks-monitoring.interval=\
			30000
		background-executor.all-tasks-monitoring.logger.enabled=\
			false
		background-executor.all-tasks-monitoring.minimum-elapsed-time-to-consider-a-task-as-probable-dead-locked=\
			300000
		background-executor.all-tasks-monitoring.probable-dead-locked-tasks-handling.policy=\
			log only
		background-executor.queued-task-executor[0].name=\
			Low priority tasks
		background-executor.queued-task-executor[0].priority=\
			1
		background-executor.queued-task-executor[1].name=\
			Normal priority tasks
		background-executor.queued-task-executor[1].priority=\
			5
		background-executor.queued-task-executor[2].name=\
			High priority tasks
		background-executor.queued-task-executor[2].priority=\
			10
		background-executor.task-creation-tracking.enabled=\
			${background-executor.all-tasks-monitoring.enabled}
		banner.additonal-informations=\
			${Bundle-Vendor} ${Bundle-Name} ${Bundle-Version}
		banner.additonal-informations.retrieve-from-manifest-file-of=\
			Burningwave Core
		banner.file=\
			org/burningwave/banner.bwb
		banner.hide=\
			true
		buffer-handler.default-allocation-mode=\
			ByteBuffer::allocateDirect
		buffer-handler.default-buffer-size=\
			1024
		group-name-for-named-elements=\
			Burningwave
		iterable-object-helper.default-values-separator=\
			;
		iterable-object-helper.parallel-iteration.applicability.default-minimum-collection-size=\
			2
		iterable-object-helper.parallel-iteration.applicability.max-runtime-thread-count-threshold=\
			autodetect
		iterable-object-helper.parallel-iteration.applicability.output-collection-enabled-types=\
			java.util.concurrent.ConcurrentHashMap$CollectionView;\
			java.util.Collections$SynchronizedCollection;\
			java.util.concurrent.CopyOnWriteArrayList;\
			java.util.concurrent.CopyOnWriteArraySet;\
			java.util.concurrent.BlockingQueue;\
			java.util.concurrent.ConcurrentSkipListSet;\
			java.util.concurrent.ConcurrentSkipListMap$EntrySet;\
			java.util.concurrent.ConcurrentSkipListMap$KeySet;\
			java.util.concurrent.ConcurrentSkipListMap$Values;
		jvm.driver.init=\
			false
		managed-logger.repository=\
			autodetect
		managed-logger.repository.enabled=\
			true
		managed-logger.repository.logging.warn.disabled-for=\
			org.burningwave.core.assembler.ComponentContainer$ClassLoader;\
			org.burningwave.core.classes.MemoryClassLoader;\
			org.burningwave.core.classes.PathScannerClassLoader;
		modules.export-all-to-all=\
			true
		resource-releaser.enabled=\
			true
		synchronizer.all-threads-monitoring.enabled=\
			false
		synchronizer.all-threads-monitoring.interval=\
			90000
		thread-supplier.default-daemon-flag-value=\
			true
		thread-supplier.default-thread-priority=\
			5
		thread-supplier.max-detached-thread-count=\
			${thread-supplier.max-poolable-thread-count}
		thread-supplier.max-detached-thread-count.elapsed-time-threshold-from-last-increase-for-gradual-decreasing-to-initial-value=\
			30000
		thread-supplier.max-detached-thread-count.increasing-step=\
			autodetect
		thread-supplier.max-poolable-thread-count=\
			autodetect
		thread-supplier.poolable-thread-request-timeout=\
			6000


2025-11-12 16:47:24,485 [main] INFO  o.b.core.jvm.BufferHandler - (BufferHandler.java:127) - default buffer size: 1024 bytes
2025-11-12 16:47:24,486 [main] INFO  o.b.core.jvm.BufferHandler - (BufferHandler.java:141) - default allocation mode: ByteBuffer::allocateDirect
2025-11-12 16:47:24,488 [main] INFO  org.burningwave.core.Cache - (Cache.java:76) - Building cache
2025-11-12 16:47:24,506 [main] INFO  o.b.c.a.StaticComponentContainer - (StaticComponentContainer.java:443) - org.burningwave.core.assembler.StaticComponentContainer initialized in 0.0916841 seconds
2025-11-12 16:47:27,179 [Worker-2: Loading available Gradle versions] INFO  o.e.b.c.i.u.g.PublishedGradleVersions - Gradle version information cache is up-to-date. Trying to read.
2025-11-12 22:28:04,257 [Burningwave - Resource releaser] INFO  o.b.c.a.StaticComponentContainer - (StaticComponentContainer.java:391) - ... Waiting for all tasks ending
2025-11-12 22:28:04,258 [Burningwave - Resource releaser] INFO  o.b.c.a.StaticComponentContainer - (StaticComponentContainer.java:397) - Closing all component containers
2025-11-12 22:28:04,261 [Burningwave - Resource releaser] INFO  o.b.c.a.StaticComponentContainer - (StaticComponentContainer.java:403) - Closing FileSystemHelper
2025-11-12 22:28:04,262 [Burningwave - Resource releaser] INFO  o.b.c.a.StaticComponentContainer - (StaticComponentContainer.java:409) - ... Waiting for all tasks ending before shutting down the BackgroundExecutor
2025-11-12 22:28:04,263 [Burningwave - Resource releaser] INFO  o.b.c.a.StaticComponentContainer - (StaticComponentContainer.java:414) - Shutting down BackgroundExecutor
2025-11-12 22:28:04,263 [Burningwave - Resource releaser] INFO  o.b.c.a.StaticComponentContainer - (StaticComponentContainer.java:420) - Stopping all threads monitoring thread
2025-11-12 22:28:04,264 [Burningwave - Resource releaser] INFO  o.b.c.a.StaticComponentContainer - (StaticComponentContainer.java:425) - Closing ThreadHolder
2025-11-12 22:28:04,264 [Burningwave - Resource releaser] INFO  o.b.c.a.StaticComponentContainer - (StaticComponentContainer.java:430) - Shutting down ThreadSupplier
2025-11-13 16:33:24,475 [main] INFO  o.b.c.a.StaticComponentContainer - (StaticComponentContainer.java:368) - Instantiated org.burningwave.core.SLF4JManagedLoggerRepository
2025-11-13 16:33:24,478 [main] INFO  o.b.c.a.StaticComponentContainer - (StaticComponentContainer.java:369) - 

	Configuration values for static components:

		background-executor.all-tasks-monitoring.enabled=\
			true
		background-executor.all-tasks-monitoring.interval=\
			30000
		background-executor.all-tasks-monitoring.logger.enabled=\
			false
		background-executor.all-tasks-monitoring.minimum-elapsed-time-to-consider-a-task-as-probable-dead-locked=\
			300000
		background-executor.all-tasks-monitoring.probable-dead-locked-tasks-handling.policy=\
			log only
		background-executor.queued-task-executor[0].name=\
			Low priority tasks
		background-executor.queued-task-executor[0].priority=\
			1
		background-executor.queued-task-executor[1].name=\
			Normal priority tasks
		background-executor.queued-task-executor[1].priority=\
			5
		background-executor.queued-task-executor[2].name=\
			High priority tasks
		background-executor.queued-task-executor[2].priority=\
			10
		background-executor.task-creation-tracking.enabled=\
			${background-executor.all-tasks-monitoring.enabled}
		banner.additonal-informations=\
			${Bundle-Vendor} ${Bundle-Name} ${Bundle-Version}
		banner.additonal-informations.retrieve-from-manifest-file-of=\
			Burningwave Core
		banner.file=\
			org/burningwave/banner.bwb
		banner.hide=\
			true
		buffer-handler.default-allocation-mode=\
			ByteBuffer::allocateDirect
		buffer-handler.default-buffer-size=\
			1024
		group-name-for-named-elements=\
			Burningwave
		iterable-object-helper.default-values-separator=\
			;
		iterable-object-helper.parallel-iteration.applicability.default-minimum-collection-size=\
			2
		iterable-object-helper.parallel-iteration.applicability.max-runtime-thread-count-threshold=\
			autodetect
		iterable-object-helper.parallel-iteration.applicability.output-collection-enabled-types=\
			java.util.concurrent.ConcurrentHashMap$CollectionView;\
			java.util.Collections$SynchronizedCollection;\
			java.util.concurrent.CopyOnWriteArrayList;\
			java.util.concurrent.CopyOnWriteArraySet;\
			java.util.concurrent.BlockingQueue;\
			java.util.concurrent.ConcurrentSkipListSet;\
			java.util.concurrent.ConcurrentSkipListMap$EntrySet;\
			java.util.concurrent.ConcurrentSkipListMap$KeySet;\
			java.util.concurrent.ConcurrentSkipListMap$Values;
		jvm.driver.init=\
			false
		managed-logger.repository=\
			autodetect
		managed-logger.repository.enabled=\
			true
		managed-logger.repository.logging.warn.disabled-for=\
			org.burningwave.core.assembler.ComponentContainer$ClassLoader;\
			org.burningwave.core.classes.MemoryClassLoader;\
			org.burningwave.core.classes.PathScannerClassLoader;
		modules.export-all-to-all=\
			true
		resource-releaser.enabled=\
			true
		synchronizer.all-threads-monitoring.enabled=\
			false
		synchronizer.all-threads-monitoring.interval=\
			90000
		thread-supplier.default-daemon-flag-value=\
			true
		thread-supplier.default-thread-priority=\
			5
		thread-supplier.max-detached-thread-count=\
			${thread-supplier.max-poolable-thread-count}
		thread-supplier.max-detached-thread-count.elapsed-time-threshold-from-last-increase-for-gradual-decreasing-to-initial-value=\
			30000
		thread-supplier.max-detached-thread-count.increasing-step=\
			autodetect
		thread-supplier.max-poolable-thread-count=\
			autodetect
		thread-supplier.poolable-thread-request-timeout=\
			6000


2025-11-13 16:33:24,481 [main] INFO  o.b.core.jvm.BufferHandler - (BufferHandler.java:127) - default buffer size: 1024 bytes
2025-11-13 16:33:24,482 [main] INFO  o.b.core.jvm.BufferHandler - (BufferHandler.java:141) - default allocation mode: ByteBuffer::allocateDirect
2025-11-13 16:33:24,488 [main] INFO  org.burningwave.core.Cache - (Cache.java:76) - Building cache
2025-11-13 16:33:24,518 [main] INFO  o.b.c.a.StaticComponentContainer - (StaticComponentContainer.java:443) - org.burningwave.core.assembler.StaticComponentContainer initialized in 0.1196864 seconds
2025-11-13 16:33:25,518 [Worker-6: Loading available Gradle versions] INFO  o.e.b.c.i.u.g.PublishedGradleVersions - Gradle version information cache is out-of-date. Trying to update.
2025-11-13 18:24:28,258 [Burningwave - Resource releaser] INFO  o.b.c.a.StaticComponentContainer - (StaticComponentContainer.java:391) - ... Waiting for all tasks ending
2025-11-13 18:24:28,260 [Burningwave - Resource releaser] INFO  o.b.c.a.StaticComponentContainer - (StaticComponentContainer.java:397) - Closing all component containers
2025-11-13 18:24:28,261 [Burningwave - Resource releaser] INFO  o.b.c.a.StaticComponentContainer - (StaticComponentContainer.java:403) - Closing FileSystemHelper
2025-11-13 18:24:28,262 [Burningwave - Resource releaser] INFO  o.b.c.a.StaticComponentContainer - (StaticComponentContainer.java:409) - ... Waiting for all tasks ending before shutting down the BackgroundExecutor
2025-11-13 18:24:28,263 [Burningwave - Resource releaser] INFO  o.b.c.a.StaticComponentContainer - (StaticComponentContainer.java:414) - Shutting down BackgroundExecutor
2025-11-13 18:24:28,264 [Burningwave - Resource releaser] INFO  o.b.c.a.StaticComponentContainer - (StaticComponentContainer.java:420) - Stopping all threads monitoring thread
2025-11-13 18:24:28,264 [Burningwave - Resource releaser] INFO  o.b.c.a.StaticComponentContainer - (StaticComponentContainer.java:425) - Closing ThreadHolder
2025-11-13 18:24:28,264 [Burningwave - Resource releaser] INFO  o.b.c.a.StaticComponentContainer - (StaticComponentContainer.java:430) - Shutting down ThreadSupplier
2026-01-08 16:46:53,048 [main] INFO  o.b.c.a.StaticComponentContainer - (StaticComponentContainer.java:368) - Instantiated org.burningwave.core.SLF4JManagedLoggerRepository
2026-01-08 16:46:53,052 [main] INFO  o.b.c.a.StaticComponentContainer - (StaticComponentContainer.java:369) - 

	Configuration values for static components:

		background-executor.all-tasks-monitoring.enabled=\
			true
		background-executor.all-tasks-monitoring.interval=\
			30000
		background-executor.all-tasks-monitoring.logger.enabled=\
			false
		background-executor.all-tasks-monitoring.minimum-elapsed-time-to-consider-a-task-as-probable-dead-locked=\
			300000
		background-executor.all-tasks-monitoring.probable-dead-locked-tasks-handling.policy=\
			log only
		background-executor.queued-task-executor[0].name=\
			Low priority tasks
		background-executor.queued-task-executor[0].priority=\
			1
		background-executor.queued-task-executor[1].name=\
			Normal priority tasks
		background-executor.queued-task-executor[1].priority=\
			5
		background-executor.queued-task-executor[2].name=\
			High priority tasks
		background-executor.queued-task-executor[2].priority=\
			10
		background-executor.task-creation-tracking.enabled=\
			${background-executor.all-tasks-monitoring.enabled}
		banner.additonal-informations=\
			${Bundle-Vendor} ${Bundle-Name} ${Bundle-Version}
		banner.additonal-informations.retrieve-from-manifest-file-of=\
			Burningwave Core
		banner.file=\
			org/burningwave/banner.bwb
		banner.hide=\
			true
		buffer-handler.default-allocation-mode=\
			ByteBuffer::allocateDirect
		buffer-handler.default-buffer-size=\
			1024
		group-name-for-named-elements=\
			Burningwave
		iterable-object-helper.default-values-separator=\
			;
		iterable-object-helper.parallel-iteration.applicability.default-minimum-collection-size=\
			2
		iterable-object-helper.parallel-iteration.applicability.max-runtime-thread-count-threshold=\
			autodetect
		iterable-object-helper.parallel-iteration.applicability.output-collection-enabled-types=\
			java.util.concurrent.ConcurrentHashMap$CollectionView;\
			java.util.Collections$SynchronizedCollection;\
			java.util.concurrent.CopyOnWriteArrayList;\
			java.util.concurrent.CopyOnWriteArraySet;\
			java.util.concurrent.BlockingQueue;\
			java.util.concurrent.ConcurrentSkipListSet;\
			java.util.concurrent.ConcurrentSkipListMap$EntrySet;\
			java.util.concurrent.ConcurrentSkipListMap$KeySet;\
			java.util.concurrent.ConcurrentSkipListMap$Values;
		jvm.driver.init=\
			false
		managed-logger.repository=\
			autodetect
		managed-logger.repository.enabled=\
			true
		managed-logger.repository.logging.warn.disabled-for=\
			org.burningwave.core.assembler.ComponentContainer$ClassLoader;\
			org.burningwave.core.classes.MemoryClassLoader;\
			org.burningwave.core.classes.PathScannerClassLoader;
		modules.export-all-to-all=\
			true
		resource-releaser.enabled=\
			true
		synchronizer.all-threads-monitoring.enabled=\
			false
		synchronizer.all-threads-monitoring.interval=\
			90000
		thread-supplier.default-daemon-flag-value=\
			true
		thread-supplier.default-thread-priority=\
			5
		thread-supplier.max-detached-thread-count=\
			${thread-supplier.max-poolable-thread-count}
		thread-supplier.max-detached-thread-count.elapsed-time-threshold-from-last-increase-for-gradual-decreasing-to-initial-value=\
			30000
		thread-supplier.max-detached-thread-count.increasing-step=\
			autodetect
		thread-supplier.max-poolable-thread-count=\
			autodetect
		thread-supplier.poolable-thread-request-timeout=\
			6000


2026-01-08 16:46:53,056 [main] INFO  o.b.core.jvm.BufferHandler - (BufferHandler.java:127) - default buffer size: 1024 bytes
2026-01-08 16:46:53,057 [main] INFO  o.b.core.jvm.BufferHandler - (BufferHandler.java:141) - default allocation mode: ByteBuffer::allocateDirect
2026-01-08 16:46:53,062 [main] INFO  org.burningwave.core.Cache - (Cache.java:76) - Building cache
2026-01-08 16:46:53,095 [main] INFO  o.b.c.a.StaticComponentContainer - (StaticComponentContainer.java:443) - org.burningwave.core.assembler.StaticComponentContainer initialized in 0.1381918 seconds
2026-01-08 16:46:54,147 [Worker-5: Loading available Gradle versions] INFO  o.e.b.c.i.u.g.PublishedGradleVersions - Gradle version information cache is out-of-date. Trying to update.
2026-01-08 16:54:34,715 [ModalContext] INFO  o.e.m.c.i.e.AbstractTransferListenerAdapter - Downloading https://repo.maven.apache.org/maven2/org/apache/maven/archetypes/maven-archetype-quickstart/1.1/maven-archetype-quickstart-1.1.pom
2026-01-08 16:54:34,729 [ModalContext] INFO  o.e.m.c.i.e.AbstractTransferListenerAdapter - Downloaded https://repo.maven.apache.org/maven2/org/apache/maven/archetypes/maven-archetype-quickstart/1.1/maven-archetype-quickstart-1.1.pom
2026-01-08 16:54:34,795 [ModalContext] INFO  o.e.m.c.i.e.AbstractTransferListenerAdapter - Downloading https://repo.maven.apache.org/maven2/org/apache/maven/archetypes/maven-archetype-bundles/4/maven-archetype-bundles-4.pom
2026-01-08 16:54:34,799 [ModalContext] INFO  o.e.m.c.i.e.AbstractTransferListenerAdapter - Downloaded https://repo.maven.apache.org/maven2/org/apache/maven/archetypes/maven-archetype-bundles/4/maven-archetype-bundles-4.pom
2026-01-08 16:54:34,846 [ModalContext] INFO  o.e.m.c.i.e.AbstractTransferListenerAdapter - Downloading https://repo.maven.apache.org/maven2/org/apache/maven/archetype/maven-archetype/2.0-alpha-5/maven-archetype-2.0-alpha-5.pom
2026-01-08 16:54:34,851 [ModalContext] INFO  o.e.m.c.i.e.AbstractTransferListenerAdapter - Downloaded https://repo.maven.apache.org/maven2/org/apache/maven/archetype/maven-archetype/2.0-alpha-5/maven-archetype-2.0-alpha-5.pom
2026-01-08 16:54:34,906 [ModalContext] INFO  o.e.m.c.i.e.AbstractTransferListenerAdapter - Downloading https://repo.maven.apache.org/maven2/org/apache/maven/maven-parent/16/maven-parent-16.pom
2026-01-08 16:54:34,910 [ModalContext] INFO  o.e.m.c.i.e.AbstractTransferListenerAdapter - Downloaded https://repo.maven.apache.org/maven2/org/apache/maven/maven-parent/16/maven-parent-16.pom
2026-01-08 16:54:34,993 [ModalContext] INFO  o.e.m.c.i.e.AbstractTransferListenerAdapter - Downloading https://repo.maven.apache.org/maven2/org/apache/apache/7/apache-7.pom
2026-01-08 16:54:34,997 [ModalContext] INFO  o.e.m.c.i.e.AbstractTransferListenerAdapter - Downloaded https://repo.maven.apache.org/maven2/org/apache/apache/7/apache-7.pom
2026-01-08 16:54:35,064 [ModalContext] INFO  o.e.m.c.i.e.AbstractTransferListenerAdapter - Downloading https://repo.maven.apache.org/maven2/org/apache/maven/archetypes/maven-archetype-quickstart/1.1/maven-archetype-quickstart-1.1.jar
2026-01-08 16:54:35,067 [ModalContext] INFO  o.e.m.c.i.e.AbstractTransferListenerAdapter - Downloaded https://repo.maven.apache.org/maven2/org/apache/maven/archetypes/maven-archetype-quickstart/1.1/maven-archetype-quickstart-1.1.jar
2026-01-08 16:55:58,038 [Worker-32: Launching mavenrun-e52e5cb5-0209-45f9-83fa-a5cb0ef440dd] INFO  o.eclipse.m2e.core.internal.Bundles - getClasspathEntries(Bundle=org.eclipse.m2e.maven.runtime_3.9.1100.20250811-2018 [642])
2026-01-08 16:55:58,039 [Worker-32: Launching mavenrun-e52e5cb5-0209-45f9-83fa-a5cb0ef440dd] INFO  o.eclipse.m2e.core.internal.Bundles - 	Entry: C:\Users\ctorleo571\Desktop\eclipse\plugins\org.eclipse.m2e.maven.runtime_3.9.1100.20250811-2018
2026-01-08 16:55:58,040 [Worker-32: Launching mavenrun-e52e5cb5-0209-45f9-83fa-a5cb0ef440dd] INFO  o.eclipse.m2e.core.internal.Bundles - 	Entry: C:\Users\ctorleo571\Desktop\eclipse\plugins\org.eclipse.m2e.maven.runtime_3.9.1100.20250811-2018\jars\aopalliance-1.0.jar
2026-01-08 16:55:58,040 [Worker-32: Launching mavenrun-e52e5cb5-0209-45f9-83fa-a5cb0ef440dd] INFO  o.eclipse.m2e.core.internal.Bundles - 	Entry: C:\Users\ctorleo571\Desktop\eclipse\plugins\org.eclipse.m2e.maven.runtime_3.9.1100.20250811-2018\jars\asm-9.8.jar
2026-01-08 16:55:58,040 [Worker-32: Launching mavenrun-e52e5cb5-0209-45f9-83fa-a5cb0ef440dd] INFO  o.eclipse.m2e.core.internal.Bundles - 	Entry: C:\Users\ctorleo571\Desktop\eclipse\plugins\org.eclipse.m2e.maven.runtime_3.9.1100.20250811-2018\jars\error_prone_annotations-2.38.0.jar
2026-01-08 16:55:58,040 [Worker-32: Launching mavenrun-e52e5cb5-0209-45f9-83fa-a5cb0ef440dd] INFO  o.eclipse.m2e.core.internal.Bundles - 	Entry: C:\Users\ctorleo571\Desktop\eclipse\plugins\org.eclipse.m2e.maven.runtime_3.9.1100.20250811-2018\jars\gson-2.13.1.jar
2026-01-08 16:55:58,040 [Worker-32: Launching mavenrun-e52e5cb5-0209-45f9-83fa-a5cb0ef440dd] INFO  o.eclipse.m2e.core.internal.Bundles - 	Entry: C:\Users\ctorleo571\Desktop\eclipse\plugins\org.eclipse.m2e.maven.runtime_3.9.1100.20250811-2018\jars\guice-5.1.0-classes.jar
2026-01-08 16:55:58,040 [Worker-32: Launching mavenrun-e52e5cb5-0209-45f9-83fa-a5cb0ef440dd] INFO  o.eclipse.m2e.core.internal.Bundles - 	Entry: C:\Users\ctorleo571\Desktop\eclipse\plugins\org.eclipse.m2e.maven.runtime_3.9.1100.20250811-2018\jars\httpclient-4.5.14.jar
2026-01-08 16:55:58,040 [Worker-32: Launching mavenrun-e52e5cb5-0209-45f9-83fa-a5cb0ef440dd] INFO  o.eclipse.m2e.core.internal.Bundles - 	Entry: C:\Users\ctorleo571\Desktop\eclipse\plugins\org.eclipse.m2e.maven.runtime_3.9.1100.20250811-2018\jars\httpcore-4.4.16.jar
2026-01-08 16:55:58,040 [Worker-32: Launching mavenrun-e52e5cb5-0209-45f9-83fa-a5cb0ef440dd] INFO  o.eclipse.m2e.core.internal.Bundles - 	Entry: C:\Users\ctorleo571\Desktop\eclipse\plugins\org.eclipse.m2e.maven.runtime_3.9.1100.20250811-2018\jars\jansi-2.4.2.jar
2026-01-08 16:55:58,040 [Worker-32: Launching mavenrun-e52e5cb5-0209-45f9-83fa-a5cb0ef440dd] INFO  o.eclipse.m2e.core.internal.Bundles - 	Entry: C:\Users\ctorleo571\Desktop\eclipse\plugins\org.eclipse.m2e.maven.runtime_3.9.1100.20250811-2018\jars\jcl-over-slf4j-1.7.36.jar
2026-01-08 16:55:58,040 [Worker-32: Launching mavenrun-e52e5cb5-0209-45f9-83fa-a5cb0ef440dd] INFO  o.eclipse.m2e.core.internal.Bundles - 	Entry: C:\Users\ctorleo571\Desktop\eclipse\plugins\org.eclipse.m2e.maven.runtime_3.9.1100.20250811-2018\jars\maven-artifact-3.9.11.jar
2026-01-08 16:55:58,040 [Worker-32: Launching mavenrun-e52e5cb5-0209-45f9-83fa-a5cb0ef440dd] INFO  o.eclipse.m2e.core.internal.Bundles - 	Entry: C:\Users\ctorleo571\Desktop\eclipse\plugins\org.eclipse.m2e.maven.runtime_3.9.1100.20250811-2018\jars\maven-builder-support-3.9.11.jar
2026-01-08 16:55:58,041 [Worker-32: Launching mavenrun-e52e5cb5-0209-45f9-83fa-a5cb0ef440dd] INFO  o.eclipse.m2e.core.internal.Bundles - 	Entry: C:\Users\ctorleo571\Desktop\eclipse\plugins\org.eclipse.m2e.maven.runtime_3.9.1100.20250811-2018\jars\maven-compat-3.9.11.jar
2026-01-08 16:55:58,041 [Worker-32: Launching mavenrun-e52e5cb5-0209-45f9-83fa-a5cb0ef440dd] INFO  o.eclipse.m2e.core.internal.Bundles - 	Entry: C:\Users\ctorleo571\Desktop\eclipse\plugins\org.eclipse.m2e.maven.runtime_3.9.1100.20250811-2018\jars\maven-core-3.9.11.jar
2026-01-08 16:55:58,041 [Worker-32: Launching mavenrun-e52e5cb5-0209-45f9-83fa-a5cb0ef440dd] INFO  o.eclipse.m2e.core.internal.Bundles - 	Entry: C:\Users\ctorleo571\Desktop\eclipse\plugins\org.eclipse.m2e.maven.runtime_3.9.1100.20250811-2018\jars\maven-embedder-3.9.11.jar
2026-01-08 16:55:58,041 [Worker-32: Launching mavenrun-e52e5cb5-0209-45f9-83fa-a5cb0ef440dd] INFO  o.eclipse.m2e.core.internal.Bundles - 	Entry: C:\Users\ctorleo571\Desktop\eclipse\plugins\org.eclipse.m2e.maven.runtime_3.9.1100.20250811-2018\jars\maven-model-3.9.11.jar
2026-01-08 16:55:58,041 [Worker-32: Launching mavenrun-e52e5cb5-0209-45f9-83fa-a5cb0ef440dd] INFO  o.eclipse.m2e.core.internal.Bundles - 	Entry: C:\Users\ctorleo571\Desktop\eclipse\plugins\org.eclipse.m2e.maven.runtime_3.9.1100.20250811-2018\jars\maven-model-builder-3.9.11.jar
2026-01-08 16:55:58,041 [Worker-32: Launching mavenrun-e52e5cb5-0209-45f9-83fa-a5cb0ef440dd] INFO  o.eclipse.m2e.core.internal.Bundles - 	Entry: C:\Users\ctorleo571\Desktop\eclipse\plugins\org.eclipse.m2e.maven.runtime_3.9.1100.20250811-2018\jars\maven-plugin-api-3.9.11.jar
2026-01-08 16:55:58,041 [Worker-32: Launching mavenrun-e52e5cb5-0209-45f9-83fa-a5cb0ef440dd] INFO  o.eclipse.m2e.core.internal.Bundles - 	Entry: C:\Users\ctorleo571\Desktop\eclipse\plugins\org.eclipse.m2e.maven.runtime_3.9.1100.20250811-2018\jars\maven-repository-metadata-3.9.11.jar
2026-01-08 16:55:58,041 [Worker-32: Launching mavenrun-e52e5cb5-0209-45f9-83fa-a5cb0ef440dd] INFO  o.eclipse.m2e.core.internal.Bundles - 	Entry: C:\Users\ctorleo571\Desktop\eclipse\plugins\org.eclipse.m2e.maven.runtime_3.9.1100.20250811-2018\jars\maven-resolver-api-1.9.24.jar
2026-01-08 16:55:58,041 [Worker-32: Launching mavenrun-e52e5cb5-0209-45f9-83fa-a5cb0ef440dd] INFO  o.eclipse.m2e.core.internal.Bundles - 	Entry: C:\Users\ctorleo571\Desktop\eclipse\plugins\org.eclipse.m2e.maven.runtime_3.9.1100.20250811-2018\jars\maven-resolver-connector-basic-1.9.24.jar
2026-01-08 16:55:58,041 [Worker-32: Launching mavenrun-e52e5cb5-0209-45f9-83fa-a5cb0ef440dd] INFO  o.eclipse.m2e.core.internal.Bundles - 	Entry: C:\Users\ctorleo571\Desktop\eclipse\plugins\org.eclipse.m2e.maven.runtime_3.9.1100.20250811-2018\jars\maven-resolver-impl-1.9.24.jar
2026-01-08 16:55:58,042 [Worker-32: Launching mavenrun-e52e5cb5-0209-45f9-83fa-a5cb0ef440dd] INFO  o.eclipse.m2e.core.internal.Bundles - 	Entry: C:\Users\ctorleo571\Desktop\eclipse\plugins\org.eclipse.m2e.maven.runtime_3.9.1100.20250811-2018\jars\maven-resolver-named-locks-1.9.24.jar
2026-01-08 16:55:58,042 [Worker-32: Launching mavenrun-e52e5cb5-0209-45f9-83fa-a5cb0ef440dd] INFO  o.eclipse.m2e.core.internal.Bundles - 	Entry: C:\Users\ctorleo571\Desktop\eclipse\plugins\org.eclipse.m2e.maven.runtime_3.9.1100.20250811-2018\jars\maven-resolver-provider-3.9.11.jar
2026-01-08 16:55:58,042 [Worker-32: Launching mavenrun-e52e5cb5-0209-45f9-83fa-a5cb0ef440dd] INFO  o.eclipse.m2e.core.internal.Bundles - 	Entry: C:\Users\ctorleo571\Desktop\eclipse\plugins\org.eclipse.m2e.maven.runtime_3.9.1100.20250811-2018\jars\maven-resolver-spi-1.9.24.jar
2026-01-08 16:55:58,042 [Worker-32: Launching mavenrun-e52e5cb5-0209-45f9-83fa-a5cb0ef440dd] INFO  o.eclipse.m2e.core.internal.Bundles - 	Entry: C:\Users\ctorleo571\Desktop\eclipse\plugins\org.eclipse.m2e.maven.runtime_3.9.1100.20250811-2018\jars\maven-resolver-transport-file-1.9.24.jar
2026-01-08 16:55:58,042 [Worker-32: Launching mavenrun-e52e5cb5-0209-45f9-83fa-a5cb0ef440dd] INFO  o.eclipse.m2e.core.internal.Bundles - 	Entry: C:\Users\ctorleo571\Desktop\eclipse\plugins\org.eclipse.m2e.maven.runtime_3.9.1100.20250811-2018\jars\maven-resolver-transport-http-1.9.24.jar
2026-01-08 16:55:58,042 [Worker-32: Launching mavenrun-e52e5cb5-0209-45f9-83fa-a5cb0ef440dd] INFO  o.eclipse.m2e.core.internal.Bundles - 	Entry: C:\Users\ctorleo571\Desktop\eclipse\plugins\org.eclipse.m2e.maven.runtime_3.9.1100.20250811-2018\jars\maven-resolver-transport-wagon-1.9.24.jar
2026-01-08 16:55:58,042 [Worker-32: Launching mavenrun-e52e5cb5-0209-45f9-83fa-a5cb0ef440dd] INFO  o.eclipse.m2e.core.internal.Bundles - 	Entry: C:\Users\ctorleo571\Desktop\eclipse\plugins\org.eclipse.m2e.maven.runtime_3.9.1100.20250811-2018\jars\maven-resolver-util-1.9.24.jar
2026-01-08 16:55:58,042 [Worker-32: Launching mavenrun-e52e5cb5-0209-45f9-83fa-a5cb0ef440dd] INFO  o.eclipse.m2e.core.internal.Bundles - 	Entry: C:\Users\ctorleo571\Desktop\eclipse\plugins\org.eclipse.m2e.maven.runtime_3.9.1100.20250811-2018\jars\maven-settings-3.9.11.jar
2026-01-08 16:55:58,042 [Worker-32: Launching mavenrun-e52e5cb5-0209-45f9-83fa-a5cb0ef440dd] INFO  o.eclipse.m2e.core.internal.Bundles - 	Entry: C:\Users\ctorleo571\Desktop\eclipse\plugins\org.eclipse.m2e.maven.runtime_3.9.1100.20250811-2018\jars\maven-settings-builder-3.9.11.jar
2026-01-08 16:55:58,042 [Worker-32: Launching mavenrun-e52e5cb5-0209-45f9-83fa-a5cb0ef440dd] INFO  o.eclipse.m2e.core.internal.Bundles - 	Entry: C:\Users\ctorleo571\Desktop\eclipse\plugins\org.eclipse.m2e.maven.runtime_3.9.1100.20250811-2018\jars\maven-shared-utils-3.4.2.jar
2026-01-08 16:55:58,043 [Worker-32: Launching mavenrun-e52e5cb5-0209-45f9-83fa-a5cb0ef440dd] INFO  o.eclipse.m2e.core.internal.Bundles - 	Entry: C:\Users\ctorleo571\Desktop\eclipse\plugins\org.eclipse.m2e.maven.runtime_3.9.1100.20250811-2018\jars\org.eclipse.sisu.inject-0.9.0.M4.jar
2026-01-08 16:55:58,043 [Worker-32: Launching mavenrun-e52e5cb5-0209-45f9-83fa-a5cb0ef440dd] INFO  o.eclipse.m2e.core.internal.Bundles - 	Entry: C:\Users\ctorleo571\Desktop\eclipse\plugins\org.eclipse.m2e.maven.runtime_3.9.1100.20250811-2018\jars\org.eclipse.sisu.plexus-0.9.0.M4.jar
2026-01-08 16:55:58,043 [Worker-32: Launching mavenrun-e52e5cb5-0209-45f9-83fa-a5cb0ef440dd] INFO  o.eclipse.m2e.core.internal.Bundles - 	Entry: C:\Users\ctorleo571\Desktop\eclipse\plugins\org.eclipse.m2e.maven.runtime_3.9.1100.20250811-2018\jars\plexus-build-api-0.0.7.jar
2026-01-08 16:55:58,043 [Worker-32: Launching mavenrun-e52e5cb5-0209-45f9-83fa-a5cb0ef440dd] INFO  o.eclipse.m2e.core.internal.Bundles - 	Entry: C:\Users\ctorleo571\Desktop\eclipse\plugins\org.eclipse.m2e.maven.runtime_3.9.1100.20250811-2018\jars\plexus-build-api-1.2.0.jar
2026-01-08 16:55:58,043 [Worker-32: Launching mavenrun-e52e5cb5-0209-45f9-83fa-a5cb0ef440dd] INFO  o.eclipse.m2e.core.internal.Bundles - 	Entry: C:\Users\ctorleo571\Desktop\eclipse\plugins\org.eclipse.m2e.maven.runtime_3.9.1100.20250811-2018\jars\plexus-cipher-2.0.jar
2026-01-08 16:55:58,043 [Worker-32: Launching mavenrun-e52e5cb5-0209-45f9-83fa-a5cb0ef440dd] INFO  o.eclipse.m2e.core.internal.Bundles - 	Entry: C:\Users\ctorleo571\Desktop\eclipse\plugins\org.eclipse.m2e.maven.runtime_3.9.1100.20250811-2018\jars\plexus-classworlds-2.9.0.jar
2026-01-08 16:55:58,043 [Worker-32: Launching mavenrun-e52e5cb5-0209-45f9-83fa-a5cb0ef440dd] INFO  o.eclipse.m2e.core.internal.Bundles - 	Entry: C:\Users\ctorleo571\Desktop\eclipse\plugins\org.eclipse.m2e.maven.runtime_3.9.1100.20250811-2018\jars\plexus-component-annotations-2.2.0.jar
2026-01-08 16:55:58,043 [Worker-32: Launching mavenrun-e52e5cb5-0209-45f9-83fa-a5cb0ef440dd] INFO  o.eclipse.m2e.core.internal.Bundles - 	Entry: C:\Users\ctorleo571\Desktop\eclipse\plugins\org.eclipse.m2e.maven.runtime_3.9.1100.20250811-2018\jars\plexus-interpolation-1.28.jar
2026-01-08 16:55:58,043 [Worker-32: Launching mavenrun-e52e5cb5-0209-45f9-83fa-a5cb0ef440dd] INFO  o.eclipse.m2e.core.internal.Bundles - 	Entry: C:\Users\ctorleo571\Desktop\eclipse\plugins\org.eclipse.m2e.maven.runtime_3.9.1100.20250811-2018\jars\plexus-sec-dispatcher-2.0.jar
2026-01-08 16:55:58,044 [Worker-32: Launching mavenrun-e52e5cb5-0209-45f9-83fa-a5cb0ef440dd] INFO  o.eclipse.m2e.core.internal.Bundles - 	Entry: C:\Users\ctorleo571\Desktop\eclipse\plugins\org.eclipse.m2e.maven.runtime_3.9.1100.20250811-2018\jars\plexus-utils-3.6.0.jar
2026-01-08 16:55:58,044 [Worker-32: Launching mavenrun-e52e5cb5-0209-45f9-83fa-a5cb0ef440dd] INFO  o.eclipse.m2e.core.internal.Bundles - 	Entry: C:\Users\ctorleo571\Desktop\eclipse\plugins\org.eclipse.m2e.maven.runtime_3.9.1100.20250811-2018\jars\wagon-file-3.5.3.jar
2026-01-08 16:55:58,044 [Worker-32: Launching mavenrun-e52e5cb5-0209-45f9-83fa-a5cb0ef440dd] INFO  o.eclipse.m2e.core.internal.Bundles - 	Entry: C:\Users\ctorleo571\Desktop\eclipse\plugins\org.eclipse.m2e.maven.runtime_3.9.1100.20250811-2018\jars\wagon-http-3.5.3.jar
2026-01-08 16:55:58,044 [Worker-32: Launching mavenrun-e52e5cb5-0209-45f9-83fa-a5cb0ef440dd] INFO  o.eclipse.m2e.core.internal.Bundles - 	Entry: C:\Users\ctorleo571\Desktop\eclipse\plugins\org.eclipse.m2e.maven.runtime_3.9.1100.20250811-2018\jars\wagon-http-shared-3.5.3.jar
2026-01-08 16:55:58,044 [Worker-32: Launching mavenrun-e52e5cb5-0209-45f9-83fa-a5cb0ef440dd] INFO  o.eclipse.m2e.core.internal.Bundles - 	Entry: C:\Users\ctorleo571\Desktop\eclipse\plugins\org.eclipse.m2e.maven.runtime_3.9.1100.20250811-2018\jars\wagon-provider-api-3.5.3.jar
2026-01-08 16:55:58,045 [Worker-32: Launching mavenrun-e52e5cb5-0209-45f9-83fa-a5cb0ef440dd] INFO  o.eclipse.m2e.core.internal.Bundles - getClasspathEntries(Bundle=com.google.guava_33.4.8.jre [18])
2026-01-08 16:55:58,046 [Worker-32: Launching mavenrun-e52e5cb5-0209-45f9-83fa-a5cb0ef440dd] INFO  o.eclipse.m2e.core.internal.Bundles - 	Entry: C:\Users\ctorleo571\Desktop\eclipse\plugins\com.google.guava_33.4.8.jre.jar
2026-01-08 16:55:58,046 [Worker-32: Launching mavenrun-e52e5cb5-0209-45f9-83fa-a5cb0ef440dd] INFO  o.eclipse.m2e.core.internal.Bundles - getClasspathEntries(Bundle=slf4j.api_2.0.17 [1007])
2026-01-08 16:55:58,046 [Worker-32: Launching mavenrun-e52e5cb5-0209-45f9-83fa-a5cb0ef440dd] INFO  o.eclipse.m2e.core.internal.Bundles - 	Entry: C:\Users\ctorleo571\Desktop\eclipse\plugins\slf4j.api_2.0.17.jar
2026-01-08 16:55:58,046 [Worker-32: Launching mavenrun-e52e5cb5-0209-45f9-83fa-a5cb0ef440dd] INFO  o.eclipse.m2e.core.internal.Bundles - getClasspathEntries(Bundle=jakarta.inject.jakarta.inject-api_1.0.5 [35])
2026-01-08 16:55:58,047 [Worker-32: Launching mavenrun-e52e5cb5-0209-45f9-83fa-a5cb0ef440dd] INFO  o.eclipse.m2e.core.internal.Bundles - 	Entry: C:\Users\ctorleo571\Desktop\eclipse\plugins\jakarta.inject.jakarta.inject-api_1.0.5.jar
2026-01-08 16:55:58,047 [Worker-32: Launching mavenrun-e52e5cb5-0209-45f9-83fa-a5cb0ef440dd] INFO  o.eclipse.m2e.core.internal.Bundles - getClasspathEntries(Bundle=jakarta.annotation-api_1.3.5 [31])
2026-01-08 16:55:58,047 [Worker-32: Launching mavenrun-e52e5cb5-0209-45f9-83fa-a5cb0ef440dd] INFO  o.eclipse.m2e.core.internal.Bundles - 	Entry: C:\Users\ctorleo571\Desktop\eclipse\plugins\jakarta.annotation-api_1.3.5.jar
2026-01-08 16:55:58,047 [Worker-32: Launching mavenrun-e52e5cb5-0209-45f9-83fa-a5cb0ef440dd] INFO  o.eclipse.m2e.core.internal.Bundles - getClasspathEntries(Bundle=org.apache.commons.cli_1.10.0 [75])
2026-01-08 16:55:58,047 [Worker-32: Launching mavenrun-e52e5cb5-0209-45f9-83fa-a5cb0ef440dd] INFO  o.eclipse.m2e.core.internal.Bundles - 	Entry: C:\Users\ctorleo571\Desktop\eclipse\plugins\org.apache.commons.cli_1.10.0.jar
2026-01-08 16:55:58,047 [Worker-32: Launching mavenrun-e52e5cb5-0209-45f9-83fa-a5cb0ef440dd] INFO  o.eclipse.m2e.core.internal.Bundles - getClasspathEntries(Bundle=org.apache.commons.commons-codec_1.19.0 [77])
2026-01-08 16:55:58,047 [Worker-32: Launching mavenrun-e52e5cb5-0209-45f9-83fa-a5cb0ef440dd] INFO  o.eclipse.m2e.core.internal.Bundles - 	Entry: C:\Users\ctorleo571\Desktop\eclipse\plugins\org.apache.commons.commons-codec_1.19.0.jar
2026-01-08 16:55:58,047 [Worker-32: Launching mavenrun-e52e5cb5-0209-45f9-83fa-a5cb0ef440dd] INFO  o.eclipse.m2e.core.internal.Bundles - getClasspathEntries(Bundle=com.google.guava.failureaccess_1.0.3 [19])
2026-01-08 16:55:58,048 [Worker-32: Launching mavenrun-e52e5cb5-0209-45f9-83fa-a5cb0ef440dd] INFO  o.eclipse.m2e.core.internal.Bundles - 	Entry: C:\Users\ctorleo571\Desktop\eclipse\plugins\com.google.guava.failureaccess_1.0.3.jar
2026-01-08 16:55:58,052 [Worker-32: Launching mavenrun-e52e5cb5-0209-45f9-83fa-a5cb0ef440dd] INFO  o.e.m.i.launch.MavenLaunchDelegate - Run build in "C:\Users\CTORLE~1\AppData\Local\Temp\m2e-archetypeGenerator18192556115803143826":
2026-01-08 16:55:58,056 [Worker-32: Launching mavenrun-e52e5cb5-0209-45f9-83fa-a5cb0ef440dd] INFO  o.e.m.i.launch.MavenLaunchDelegate -  mvn  -DarchetypeGroupId=org.apache.maven.archetypes -DarchetypeArtifactId=maven-archetype-quickstart -DarchetypeVersion=1.1 -DgroupId=Tema4CarlosTorresLeon -DartifactId=khibernate_v25 -Dversion=0.0.1-SNAPSHOT -Dpackage=Tema4CarlosTorresLeon.khibernate_v25 -DoutputDirectory=C:\Users\ctorleo571\Desktop\Proyectos\Tema2AD\Tema2AD -Dstyle.color=always -U archetype:generate
2026-01-08 16:57:18,316 [Worker-24: Creating maven-archetype-quickstart] INFO  o.e.m.c.i.p.ProjectConfigurationManager - Collecting project info '/pom.xml' C:\Users\ctorleo571\Desktop\Proyectos\Tema2AD\Tema2AD\khibernate_v25\pom.xml
2026-01-08 16:57:18,827 [Worker-24: Creating maven-archetype-quickstart] INFO  o.e.m.c.i.l.LifecycleMappingFactory - Using org.eclipse.m2e.jdt.JarLifecycleMapping lifecycle mapping for MavenProject: Tema4CarlosTorresLeon:khibernate_v25:0.0.1-SNAPSHOT @ C:\Users\ctorleo571\Desktop\Proyectos\Tema2AD\Tema2AD\khibernate_v25\pom.xml.
2026-01-08 16:57:18,950 [Worker-24: Creating maven-archetype-quickstart] INFO  o.e.m.c.i.e.AbstractTransferListenerAdapter - Downloading https://repo.maven.apache.org/maven2/junit/junit/3.8.1/junit-3.8.1.pom
2026-01-08 16:57:18,954 [Worker-24: Creating maven-archetype-quickstart] INFO  o.e.m.c.i.e.AbstractTransferListenerAdapter - Downloaded https://repo.maven.apache.org/maven2/junit/junit/3.8.1/junit-3.8.1.pom
2026-01-08 16:57:19,002 [Worker-24: Creating maven-archetype-quickstart] INFO  o.e.m.c.i.e.AbstractTransferListenerAdapter - Downloading https://repo.maven.apache.org/maven2/junit/junit/3.8.1/junit-3.8.1.jar
2026-01-08 16:57:19,019 [Worker-24: Creating maven-archetype-quickstart] INFO  o.e.m.c.i.e.AbstractTransferListenerAdapter - Downloaded https://repo.maven.apache.org/maven2/junit/junit/3.8.1/junit-3.8.1.jar
2026-01-08 16:57:19,557 [Worker-24: Creating maven-archetype-quickstart] INFO  o.e.m.j.i.AbstractJavaProjectConfigurator - Adding source folder /khibernate_v25/src/main/java
2026-01-08 16:57:19,558 [Worker-24: Creating maven-archetype-quickstart] INFO  o.e.m.j.i.AbstractJavaProjectConfigurator - Adding resource folder /khibernate_v25/src/main/resources
2026-01-08 16:57:19,561 [Worker-24: Creating maven-archetype-quickstart] INFO  o.e.m.j.i.AbstractJavaProjectConfigurator - Adding source folder /khibernate_v25/src/test/java
2026-01-08 16:57:19,562 [Worker-24: Creating maven-archetype-quickstart] INFO  o.e.m.j.i.AbstractJavaProjectConfigurator - Adding resource folder /khibernate_v25/src/test/resources
2026-01-08 16:57:19,639 [Worker-24: Creating maven-archetype-quickstart] WARN  o.apache.maven.project.MavenProject - Direct modification of compileSourceRoots through clear() is deprecated and will not work in Maven 4.0.0. Please use the add/remove methods instead. If you're using a plugin that causes this warning, please upgrade to the latest version and report an issue if the warning persists. To disable these warnings, set -Dmaven.project.sourceRoots.warningsDisabled=true on the command line, in the .mvn/maven.config file, or in project POM properties.
2026-01-08 16:57:19,640 [Worker-24: Creating maven-archetype-quickstart] WARN  o.apache.maven.project.MavenProject - Direct modification of compileSourceRoots through add() is deprecated and will not work in Maven 4.0.0. Please use the add/remove methods instead. If you're using a plugin that causes this warning, please upgrade to the latest version and report an issue if the warning persists. To disable these warnings, set -Dmaven.project.sourceRoots.warningsDisabled=true on the command line, in the .mvn/maven.config file, or in project POM properties.
2026-01-08 16:57:19,640 [Worker-24: Creating maven-archetype-quickstart] WARN  o.apache.maven.project.MavenProject - Direct modification of testCompileSourceRoots through clear() is deprecated and will not work in Maven 4.0.0. Please use the add/remove methods instead. If you're using a plugin that causes this warning, please upgrade to the latest version and report an issue if the warning persists. To disable these warnings, set -Dmaven.project.sourceRoots.warningsDisabled=true on the command line, in the .mvn/maven.config file, or in project POM properties.
2026-01-08 16:57:19,641 [Worker-24: Creating maven-archetype-quickstart] WARN  o.apache.maven.project.MavenProject - Direct modification of testCompileSourceRoots through add() is deprecated and will not work in Maven 4.0.0. Please use the add/remove methods instead. If you're using a plugin that causes this warning, please upgrade to the latest version and report an issue if the warning persists. To disable these warnings, set -Dmaven.project.sourceRoots.warningsDisabled=true on the command line, in the .mvn/maven.config file, or in project POM properties.
2026-01-08 16:57:19,657 [Worker-24: Creating maven-archetype-quickstart] INFO  o.e.m.c.i.p.ProjectConfigurationManager - Imported and configured 1 project(s) in 1 sec
2026-01-08 16:57:20,099 [Worker-31: Building] INFO  o.a.m.s.f.DefaultMavenResourcesFiltering - skip non existing resourceDirectory C:\Users\ctorleo571\Desktop\Proyectos\Tema2AD\Tema2AD\khibernate_v25\src\main\resources
2026-01-08 16:57:20,104 [Worker-31: Building] INFO  o.a.m.s.f.DefaultMavenResourcesFiltering - skip non existing resourceDirectory C:\Users\ctorleo571\Desktop\Proyectos\Tema2AD\Tema2AD\khibernate_v25\src\test\resources
2026-01-08 16:57:20,459 [Worker-31: Building] WARN  o.apache.maven.project.MavenProject - Direct modification of compileSourceRoots through clear() is deprecated and will not work in Maven 4.0.0. Please use the add/remove methods instead. If you're using a plugin that causes this warning, please upgrade to the latest version and report an issue if the warning persists. To disable these warnings, set -Dmaven.project.sourceRoots.warningsDisabled=true on the command line, in the .mvn/maven.config file, or in project POM properties.
2026-01-08 16:57:20,460 [Worker-31: Building] WARN  o.apache.maven.project.MavenProject - Direct modification of compileSourceRoots through add() is deprecated and will not work in Maven 4.0.0. Please use the add/remove methods instead. If you're using a plugin that causes this warning, please upgrade to the latest version and report an issue if the warning persists. To disable these warnings, set -Dmaven.project.sourceRoots.warningsDisabled=true on the command line, in the .mvn/maven.config file, or in project POM properties.
2026-01-08 16:57:20,461 [Worker-31: Building] WARN  o.apache.maven.project.MavenProject - Direct modification of testCompileSourceRoots through clear() is deprecated and will not work in Maven 4.0.0. Please use the add/remove methods instead. If you're using a plugin that causes this warning, please upgrade to the latest version and report an issue if the warning persists. To disable these warnings, set -Dmaven.project.sourceRoots.warningsDisabled=true on the command line, in the .mvn/maven.config file, or in project POM properties.
2026-01-08 16:57:20,462 [Worker-31: Building] WARN  o.apache.maven.project.MavenProject - Direct modification of testCompileSourceRoots through add() is deprecated and will not work in Maven 4.0.0. Please use the add/remove methods instead. If you're using a plugin that causes this warning, please upgrade to the latest version and report an issue if the warning persists. To disable these warnings, set -Dmaven.project.sourceRoots.warningsDisabled=true on the command line, in the .mvn/maven.config file, or in project POM properties.
2026-01-08 16:57:20,518 [Worker-34: Download sources and javadoc] INFO  o.e.m.c.i.e.AbstractTransferListenerAdapter - Downloading https://repo.maven.apache.org/maven2/junit/junit/3.8.1/junit-3.8.1-sources.jar
2026-01-08 16:57:20,524 [Worker-34: Download sources and javadoc] INFO  o.e.m.c.i.e.AbstractTransferListenerAdapter - Downloaded https://repo.maven.apache.org/maven2/junit/junit/3.8.1/junit-3.8.1-sources.jar
2026-01-08 16:57:20,529 [Worker-34: Download sources and javadoc] INFO  o.e.m.j.internal.DownloadSourcesJob - Downloaded sources for junit:junit:3.8.1
2026-01-08 17:01:29,353 [Worker-38: Building] INFO  o.e.m.c.i.l.LifecycleMappingFactory - Using org.eclipse.m2e.jdt.JarLifecycleMapping lifecycle mapping for MavenProject: Tema4CarlosTorresLeon:khibernate_v25:0.0.1-SNAPSHOT @ C:\Users\ctorleo571\Desktop\Proyectos\Tema2AD\Tema2AD\khibernate_v25\pom.xml.
2026-01-08 17:01:29,441 [Worker-38: Building] INFO  o.e.m.c.i.e.AbstractTransferListenerAdapter - Downloading https://repo.maven.apache.org/maven2/org/hibernate/orm/hibernate-core/7.2.0.Final/hibernate-core-7.2.0.Final.pom
2026-01-08 17:01:29,447 [Worker-38: Building] INFO  o.e.m.c.i.e.AbstractTransferListenerAdapter - Downloaded https://repo.maven.apache.org/maven2/org/hibernate/orm/hibernate-core/7.2.0.Final/hibernate-core-7.2.0.Final.pom
2026-01-08 17:01:29,514 [Worker-38: Building] INFO  o.e.m.c.i.e.AbstractTransferListenerAdapter - Downloading https://repo.maven.apache.org/maven2/org/jboss/logging/jboss-logging/3.5.0.Final/jboss-logging-3.5.0.Final.pom
2026-01-08 17:01:29,520 [Worker-38: Building] INFO  o.e.m.c.i.e.AbstractTransferListenerAdapter - Downloaded https://repo.maven.apache.org/maven2/org/jboss/logging/jboss-logging/3.5.0.Final/jboss-logging-3.5.0.Final.pom
2026-01-08 17:01:29,629 [Worker-38: Building] INFO  o.e.m.c.i.e.AbstractTransferListenerAdapter - Downloading https://repo.maven.apache.org/maven2/com/google/protobuf/protobuf-java/4.31.1/protobuf-java-4.31.1.pom
2026-01-08 17:01:29,633 [Worker-38: Building] INFO  o.e.m.c.i.e.AbstractTransferListenerAdapter - Downloaded https://repo.maven.apache.org/maven2/com/google/protobuf/protobuf-java/4.31.1/protobuf-java-4.31.1.pom
2026-01-08 17:01:29,675 [Worker-38: Building] INFO  o.e.m.c.i.e.AbstractTransferListenerAdapter - Downloading https://repo.maven.apache.org/maven2/com/google/protobuf/protobuf-parent/4.31.1/protobuf-parent-4.31.1.pom
2026-01-08 17:01:29,679 [Worker-38: Building] INFO  o.e.m.c.i.e.AbstractTransferListenerAdapter - Downloaded https://repo.maven.apache.org/maven2/com/google/protobuf/protobuf-parent/4.31.1/protobuf-parent-4.31.1.pom
2026-01-08 17:01:29,721 [Worker-38: Building] INFO  o.e.m.c.i.e.AbstractTransferListenerAdapter - Downloading https://repo.maven.apache.org/maven2/com/google/protobuf/protobuf-bom/4.31.1/protobuf-bom-4.31.1.pom
2026-01-08 17:01:29,724 [Worker-38: Building] INFO  o.e.m.c.i.e.AbstractTransferListenerAdapter - Downloaded https://repo.maven.apache.org/maven2/com/google/protobuf/protobuf-bom/4.31.1/protobuf-bom-4.31.1.pom
2026-01-08 17:01:29,784 [Worker-38: Building] INFO  o.e.m.c.i.e.AbstractTransferListenerAdapter - Downloading https://repo.maven.apache.org/maven2/org/hibernate/orm/hibernate-core/7.2.0.Final/hibernate-core-7.2.0.Final.jar
2026-01-08 17:01:30,067 [Worker-38: Building] INFO  o.e.m.c.i.e.AbstractTransferListenerAdapter - Downloaded https://repo.maven.apache.org/maven2/org/hibernate/orm/hibernate-core/7.2.0.Final/hibernate-core-7.2.0.Final.jar
2026-01-08 17:01:30,104 [BasicRepositoryConnector-repo.maven.apache.org-0-0] INFO  o.e.m.c.i.e.AbstractTransferListenerAdapter - Downloading https://repo.maven.apache.org/maven2/com/google/protobuf/protobuf-java/4.31.1/protobuf-java-4.31.1.jar
2026-01-08 17:01:30,126 [BasicRepositoryConnector-repo.maven.apache.org-0-0] INFO  o.e.m.c.i.e.AbstractTransferListenerAdapter - Downloaded https://repo.maven.apache.org/maven2/com/google/protobuf/protobuf-java/4.31.1/protobuf-java-4.31.1.jar
2026-01-08 17:01:30,264 [Worker-38: Building] INFO  o.a.m.s.f.DefaultMavenResourcesFiltering - skip non existing resourceDirectory C:\Users\ctorleo571\Desktop\Proyectos\Tema2AD\Tema2AD\khibernate_v25\src\main\resources
2026-01-08 17:01:30,267 [Worker-38: Building] INFO  o.a.m.s.f.DefaultMavenResourcesFiltering - skip non existing resourceDirectory C:\Users\ctorleo571\Desktop\Proyectos\Tema2AD\Tema2AD\khibernate_v25\src\test\resources
2026-01-08 17:01:30,469 [Worker-38: Building] WARN  o.apache.maven.project.MavenProject - Direct modification of compileSourceRoots through clear() is deprecated and will not work in Maven 4.0.0. Please use the add/remove methods instead. If you're using a plugin that causes this warning, please upgrade to the latest version and report an issue if the warning persists. To disable these warnings, set -Dmaven.project.sourceRoots.warningsDisabled=true on the command line, in the .mvn/maven.config file, or in project POM properties.
2026-01-08 17:01:30,470 [Worker-38: Building] WARN  o.apache.maven.project.MavenProject - Direct modification of compileSourceRoots through add() is deprecated and will not work in Maven 4.0.0. Please use the add/remove methods instead. If you're using a plugin that causes this warning, please upgrade to the latest version and report an issue if the warning persists. To disable these warnings, set -Dmaven.project.sourceRoots.warningsDisabled=true on the command line, in the .mvn/maven.config file, or in project POM properties.
2026-01-08 17:01:30,471 [Worker-38: Building] WARN  o.apache.maven.project.MavenProject - Direct modification of testCompileSourceRoots through clear() is deprecated and will not work in Maven 4.0.0. Please use the add/remove methods instead. If you're using a plugin that causes this warning, please upgrade to the latest version and report an issue if the warning persists. To disable these warnings, set -Dmaven.project.sourceRoots.warningsDisabled=true on the command line, in the .mvn/maven.config file, or in project POM properties.
2026-01-08 17:01:30,471 [Worker-38: Building] WARN  o.apache.maven.project.MavenProject - Direct modification of testCompileSourceRoots through add() is deprecated and will not work in Maven 4.0.0. Please use the add/remove methods instead. If you're using a plugin that causes this warning, please upgrade to the latest version and report an issue if the warning persists. To disable these warnings, set -Dmaven.project.sourceRoots.warningsDisabled=true on the command line, in the .mvn/maven.config file, or in project POM properties.
2026-01-08 17:01:31,314 [Worker-38: Download sources and javadoc] INFO  o.e.m.c.i.e.AbstractTransferListenerAdapter - Downloading https://repo.maven.apache.org/maven2/org/hibernate/orm/hibernate-core/7.2.0.Final/hibernate-core-7.2.0.Final-sources.jar
2026-01-08 17:01:31,537 [Worker-38: Download sources and javadoc] INFO  o.e.m.c.i.e.AbstractTransferListenerAdapter - Downloaded https://repo.maven.apache.org/maven2/org/hibernate/orm/hibernate-core/7.2.0.Final/hibernate-core-7.2.0.Final-sources.jar
2026-01-08 17:01:31,540 [Worker-38: Download sources and javadoc] INFO  o.e.m.j.internal.DownloadSourcesJob - Downloaded sources for org.hibernate.orm:hibernate-core:7.2.0.Final
2026-01-08 17:01:31,648 [Worker-38: Download sources and javadoc] INFO  o.e.m.c.i.e.AbstractTransferListenerAdapter - Downloading https://repo.maven.apache.org/maven2/jakarta/persistence/jakarta.persistence-api/3.2.0/jakarta.persistence-api-3.2.0-sources.jar
2026-01-08 17:01:31,677 [Worker-38: Download sources and javadoc] INFO  o.e.m.c.i.e.AbstractTransferListenerAdapter - Downloaded https://repo.maven.apache.org/maven2/jakarta/persistence/jakarta.persistence-api/3.2.0/jakarta.persistence-api-3.2.0-sources.jar
2026-01-08 17:01:31,684 [Worker-38: Download sources and javadoc] INFO  o.e.m.j.internal.DownloadSourcesJob - Downloaded sources for jakarta.persistence:jakarta.persistence-api:3.2.0
2026-01-08 17:01:31,792 [Worker-38: Download sources and javadoc] INFO  o.e.m.c.i.e.AbstractTransferListenerAdapter - Downloading https://repo.maven.apache.org/maven2/jakarta/transaction/jakarta.transaction-api/2.0.1/jakarta.transaction-api-2.0.1-sources.jar
2026-01-08 17:01:31,799 [Worker-38: Download sources and javadoc] INFO  o.e.m.c.i.e.AbstractTransferListenerAdapter - Downloaded https://repo.maven.apache.org/maven2/jakarta/transaction/jakarta.transaction-api/2.0.1/jakarta.transaction-api-2.0.1-sources.jar
2026-01-08 17:01:31,805 [Worker-38: Download sources and javadoc] INFO  o.e.m.j.internal.DownloadSourcesJob - Downloaded sources for jakarta.transaction:jakarta.transaction-api:2.0.1
2026-01-08 17:01:31,927 [Worker-38: Download sources and javadoc] INFO  o.e.m.c.i.e.AbstractTransferListenerAdapter - Downloading https://repo.maven.apache.org/maven2/org/jboss/logging/jboss-logging/3.6.1.Final/jboss-logging-3.6.1.Final-sources.jar
2026-01-08 17:01:31,933 [Worker-38: Download sources and javadoc] INFO  o.e.m.c.i.e.AbstractTransferListenerAdapter - Downloaded https://repo.maven.apache.org/maven2/org/jboss/logging/jboss-logging/3.6.1.Final/jboss-logging-3.6.1.Final-sources.jar
2026-01-08 17:01:31,938 [Worker-38: Download sources and javadoc] INFO  o.e.m.j.internal.DownloadSourcesJob - Downloaded sources for org.jboss.logging:jboss-logging:3.6.1.Final
2026-01-08 17:01:32,056 [Worker-38: Download sources and javadoc] INFO  o.e.m.c.i.e.AbstractTransferListenerAdapter - Downloading https://repo.maven.apache.org/maven2/org/hibernate/models/hibernate-models/1.0.1/hibernate-models-1.0.1-sources.jar
2026-01-08 17:01:32,088 [Worker-38: Download sources and javadoc] INFO  o.e.m.c.i.e.AbstractTransferListenerAdapter - Downloaded https://repo.maven.apache.org/maven2/org/hibernate/models/hibernate-models/1.0.1/hibernate-models-1.0.1-sources.jar
2026-01-08 17:01:32,093 [Worker-38: Download sources and javadoc] INFO  o.e.m.j.internal.DownloadSourcesJob - Downloaded sources for org.hibernate.models:hibernate-models:1.0.1
2026-01-08 17:01:32,160 [Worker-39: Building] INFO  o.a.m.s.f.DefaultMavenResourcesFiltering - skip non existing resourceDirectory C:\Users\ctorleo571\Desktop\Proyectos\Tema2AD\Tema2AD\khibernate_v25\src\main\resources
2026-01-08 17:01:32,163 [Worker-39: Building] INFO  o.a.m.s.f.DefaultMavenResourcesFiltering - skip non existing resourceDirectory C:\Users\ctorleo571\Desktop\Proyectos\Tema2AD\Tema2AD\khibernate_v25\src\test\resources
2026-01-08 17:01:32,177 [Worker-39: Building] WARN  o.apache.maven.project.MavenProject - Direct modification of compileSourceRoots through clear() is deprecated and will not work in Maven 4.0.0. Please use the add/remove methods instead. If you're using a plugin that causes this warning, please upgrade to the latest version and report an issue if the warning persists. To disable these warnings, set -Dmaven.project.sourceRoots.warningsDisabled=true on the command line, in the .mvn/maven.config file, or in project POM properties.
2026-01-08 17:01:32,178 [Worker-39: Building] WARN  o.apache.maven.project.MavenProject - Direct modification of compileSourceRoots through add() is deprecated and will not work in Maven 4.0.0. Please use the add/remove methods instead. If you're using a plugin that causes this warning, please upgrade to the latest version and report an issue if the warning persists. To disable these warnings, set -Dmaven.project.sourceRoots.warningsDisabled=true on the command line, in the .mvn/maven.config file, or in project POM properties.
2026-01-08 17:01:32,178 [Worker-38: Download sources and javadoc] INFO  o.e.m.c.i.e.AbstractTransferListenerAdapter - Downloading https://repo.maven.apache.org/maven2/com/fasterxml/classmate/1.7.1/classmate-1.7.1-sources.jar
2026-01-08 17:01:32,179 [Worker-39: Building] WARN  o.apache.maven.project.MavenProject - Direct modification of testCompileSourceRoots through clear() is deprecated and will not work in Maven 4.0.0. Please use the add/remove methods instead. If you're using a plugin that causes this warning, please upgrade to the latest version and report an issue if the warning persists. To disable these warnings, set -Dmaven.project.sourceRoots.warningsDisabled=true on the command line, in the .mvn/maven.config file, or in project POM properties.
2026-01-08 17:01:32,180 [Worker-39: Building] WARN  o.apache.maven.project.MavenProject - Direct modification of testCompileSourceRoots through add() is deprecated and will not work in Maven 4.0.0. Please use the add/remove methods instead. If you're using a plugin that causes this warning, please upgrade to the latest version and report an issue if the warning persists. To disable these warnings, set -Dmaven.project.sourceRoots.warningsDisabled=true on the command line, in the .mvn/maven.config file, or in project POM properties.
2026-01-08 17:01:32,183 [Worker-38: Download sources and javadoc] INFO  o.e.m.c.i.e.AbstractTransferListenerAdapter - Downloaded https://repo.maven.apache.org/maven2/com/fasterxml/classmate/1.7.1/classmate-1.7.1-sources.jar
2026-01-08 17:01:32,186 [Worker-38: Download sources and javadoc] INFO  o.e.m.j.internal.DownloadSourcesJob - Downloaded sources for com.fasterxml:classmate:1.7.1
2026-01-08 17:01:32,279 [Worker-38: Download sources and javadoc] INFO  o.e.m.c.i.e.AbstractTransferListenerAdapter - Downloading https://repo.maven.apache.org/maven2/net/bytebuddy/byte-buddy/1.17.8/byte-buddy-1.17.8-sources.jar
2026-01-08 17:01:32,387 [Worker-38: Download sources and javadoc] INFO  o.e.m.c.i.e.AbstractTransferListenerAdapter - Downloaded https://repo.maven.apache.org/maven2/net/bytebuddy/byte-buddy/1.17.8/byte-buddy-1.17.8-sources.jar
2026-01-08 17:01:32,391 [Worker-38: Download sources and javadoc] INFO  o.e.m.j.internal.DownloadSourcesJob - Downloaded sources for net.bytebuddy:byte-buddy:1.17.8
2026-01-08 17:01:32,483 [Worker-38: Download sources and javadoc] INFO  o.e.m.c.i.e.AbstractTransferListenerAdapter - Downloading https://repo.maven.apache.org/maven2/jakarta/xml/bind/jakarta.xml.bind-api/4.0.4/jakarta.xml.bind-api-4.0.4-sources.jar
2026-01-08 17:01:32,516 [Worker-38: Download sources and javadoc] INFO  o.e.m.c.i.e.AbstractTransferListenerAdapter - Downloaded https://repo.maven.apache.org/maven2/jakarta/xml/bind/jakarta.xml.bind-api/4.0.4/jakarta.xml.bind-api-4.0.4-sources.jar
2026-01-08 17:01:32,521 [Worker-38: Download sources and javadoc] INFO  o.e.m.j.internal.DownloadSourcesJob - Downloaded sources for jakarta.xml.bind:jakarta.xml.bind-api:4.0.4
2026-01-08 17:01:32,616 [Worker-38: Download sources and javadoc] INFO  o.e.m.c.i.e.AbstractTransferListenerAdapter - Downloading https://repo.maven.apache.org/maven2/jakarta/activation/jakarta.activation-api/2.1.4/jakarta.activation-api-2.1.4-sources.jar
2026-01-08 17:01:32,621 [Worker-38: Download sources and javadoc] INFO  o.e.m.c.i.e.AbstractTransferListenerAdapter - Downloaded https://repo.maven.apache.org/maven2/jakarta/activation/jakarta.activation-api/2.1.4/jakarta.activation-api-2.1.4-sources.jar
2026-01-08 17:01:32,624 [Worker-38: Download sources and javadoc] INFO  o.e.m.j.internal.DownloadSourcesJob - Downloaded sources for jakarta.activation:jakarta.activation-api:2.1.4
2026-01-08 17:01:32,715 [Worker-38: Download sources and javadoc] INFO  o.e.m.c.i.e.AbstractTransferListenerAdapter - Downloading https://repo.maven.apache.org/maven2/org/glassfish/jaxb/jaxb-runtime/4.0.6/jaxb-runtime-4.0.6-sources.jar
2026-01-08 17:01:32,779 [Worker-38: Download sources and javadoc] INFO  o.e.m.c.i.e.AbstractTransferListenerAdapter - Downloaded https://repo.maven.apache.org/maven2/org/glassfish/jaxb/jaxb-runtime/4.0.6/jaxb-runtime-4.0.6-sources.jar
2026-01-08 17:01:32,782 [Worker-38: Download sources and javadoc] INFO  o.e.m.j.internal.DownloadSourcesJob - Downloaded sources for org.glassfish.jaxb:jaxb-runtime:4.0.6
2026-01-08 17:01:32,870 [Worker-38: Download sources and javadoc] INFO  o.e.m.c.i.e.AbstractTransferListenerAdapter - Downloading https://repo.maven.apache.org/maven2/org/glassfish/jaxb/jaxb-core/4.0.6/jaxb-core-4.0.6-sources.jar
2026-01-08 17:01:32,901 [Worker-38: Download sources and javadoc] INFO  o.e.m.c.i.e.AbstractTransferListenerAdapter - Downloaded https://repo.maven.apache.org/maven2/org/glassfish/jaxb/jaxb-core/4.0.6/jaxb-core-4.0.6-sources.jar
2026-01-08 17:01:32,904 [Worker-38: Download sources and javadoc] INFO  o.e.m.j.internal.DownloadSourcesJob - Downloaded sources for org.glassfish.jaxb:jaxb-core:4.0.6
2026-01-08 17:01:33,041 [Worker-38: Download sources and javadoc] INFO  o.e.m.c.i.e.AbstractTransferListenerAdapter - Downloading https://repo.maven.apache.org/maven2/org/eclipse/angus/angus-activation/2.0.3/angus-activation-2.0.3-sources.jar
2026-01-08 17:01:33,045 [Worker-38: Download sources and javadoc] INFO  o.e.m.c.i.e.AbstractTransferListenerAdapter - Downloaded https://repo.maven.apache.org/maven2/org/eclipse/angus/angus-activation/2.0.3/angus-activation-2.0.3-sources.jar
2026-01-08 17:01:33,048 [Worker-38: Download sources and javadoc] INFO  o.e.m.j.internal.DownloadSourcesJob - Downloaded sources for org.eclipse.angus:angus-activation:2.0.3
2026-01-08 17:01:33,132 [Worker-38: Download sources and javadoc] INFO  o.e.m.c.i.e.AbstractTransferListenerAdapter - Downloading https://repo.maven.apache.org/maven2/org/glassfish/jaxb/txw2/4.0.6/txw2-4.0.6-sources.jar
2026-01-08 17:01:33,149 [Worker-38: Download sources and javadoc] INFO  o.e.m.c.i.e.AbstractTransferListenerAdapter - Downloaded https://repo.maven.apache.org/maven2/org/glassfish/jaxb/txw2/4.0.6/txw2-4.0.6-sources.jar
2026-01-08 17:01:33,152 [Worker-38: Download sources and javadoc] INFO  o.e.m.j.internal.DownloadSourcesJob - Downloaded sources for org.glassfish.jaxb:txw2:4.0.6
2026-01-08 17:01:33,242 [Worker-38: Download sources and javadoc] INFO  o.e.m.c.i.e.AbstractTransferListenerAdapter - Downloading https://repo.maven.apache.org/maven2/com/sun/istack/istack-commons-runtime/4.1.2/istack-commons-runtime-4.1.2-sources.jar
2026-01-08 17:01:33,245 [Worker-38: Download sources and javadoc] INFO  o.e.m.c.i.e.AbstractTransferListenerAdapter - Downloaded https://repo.maven.apache.org/maven2/com/sun/istack/istack-commons-runtime/4.1.2/istack-commons-runtime-4.1.2-sources.jar
2026-01-08 17:01:33,248 [Worker-38: Download sources and javadoc] INFO  o.e.m.j.internal.DownloadSourcesJob - Downloaded sources for com.sun.istack:istack-commons-runtime:4.1.2
2026-01-08 17:01:33,327 [Worker-38: Download sources and javadoc] INFO  o.e.m.c.i.e.AbstractTransferListenerAdapter - Downloading https://repo.maven.apache.org/maven2/jakarta/inject/jakarta.inject-api/2.0.1/jakarta.inject-api-2.0.1-sources.jar
2026-01-08 17:01:33,330 [Worker-38: Download sources and javadoc] INFO  o.e.m.c.i.e.AbstractTransferListenerAdapter - Downloaded https://repo.maven.apache.org/maven2/jakarta/inject/jakarta.inject-api/2.0.1/jakarta.inject-api-2.0.1-sources.jar
2026-01-08 17:01:33,333 [Worker-38: Download sources and javadoc] INFO  o.e.m.j.internal.DownloadSourcesJob - Downloaded sources for jakarta.inject:jakarta.inject-api:2.0.1
2026-01-08 17:01:33,430 [Worker-38: Download sources and javadoc] INFO  o.e.m.c.i.e.AbstractTransferListenerAdapter - Downloading https://repo.maven.apache.org/maven2/org/antlr/antlr4-runtime/4.13.2/antlr4-runtime-4.13.2-sources.jar
2026-01-08 17:01:33,476 [Worker-38: Download sources and javadoc] INFO  o.e.m.c.i.e.AbstractTransferListenerAdapter - Downloaded https://repo.maven.apache.org/maven2/org/antlr/antlr4-runtime/4.13.2/antlr4-runtime-4.13.2-sources.jar
2026-01-08 17:01:33,479 [Worker-38: Download sources and javadoc] INFO  o.e.m.j.internal.DownloadSourcesJob - Downloaded sources for org.antlr:antlr4-runtime:4.13.2
2026-01-08 17:01:33,573 [Worker-38: Download sources and javadoc] INFO  o.e.m.c.i.e.AbstractTransferListenerAdapter - Downloading https://repo.maven.apache.org/maven2/com/mysql/mysql-connector-j/9.5.0/mysql-connector-j-9.5.0-sources.jar
2026-01-08 17:01:33,660 [Worker-38: Download sources and javadoc] INFO  o.e.m.c.i.e.AbstractTransferListenerAdapter - Downloaded https://repo.maven.apache.org/maven2/com/mysql/mysql-connector-j/9.5.0/mysql-connector-j-9.5.0-sources.jar
2026-01-08 17:01:33,664 [Worker-38: Download sources and javadoc] INFO  o.e.m.j.internal.DownloadSourcesJob - Downloaded sources for com.mysql:mysql-connector-j:9.5.0
2026-01-08 17:01:33,758 [Worker-38: Download sources and javadoc] INFO  o.e.m.c.i.e.AbstractTransferListenerAdapter - Downloading https://repo.maven.apache.org/maven2/com/google/protobuf/protobuf-java/4.31.1/protobuf-java-4.31.1-sources.jar
2026-01-08 17:01:33,824 [Worker-38: Download sources and javadoc] INFO  o.e.m.c.i.e.AbstractTransferListenerAdapter - Downloaded https://repo.maven.apache.org/maven2/com/google/protobuf/protobuf-java/4.31.1/protobuf-java-4.31.1-sources.jar
2026-01-08 17:01:33,827 [Worker-38: Download sources and javadoc] INFO  o.e.m.j.internal.DownloadSourcesJob - Downloaded sources for com.google.protobuf:protobuf-java:4.31.1
2026-01-08 17:02:48,976 [Worker-24: Launching Executing clean in C__Users_ctorleo571_Desktop_Proyectos_Tema2AD_Tema2AD_khibernate_v25] INFO  o.eclipse.m2e.core.internal.Bundles - getClasspathEntries(Bundle=org.eclipse.m2e.maven.runtime_3.9.1100.20250811-2018 [642])
2026-01-08 17:02:48,976 [Worker-24: Launching Executing clean in C__Users_ctorleo571_Desktop_Proyectos_Tema2AD_Tema2AD_khibernate_v25] INFO  o.eclipse.m2e.core.internal.Bundles - 	Entry: C:\Users\ctorleo571\Desktop\eclipse\plugins\org.eclipse.m2e.maven.runtime_3.9.1100.20250811-2018
2026-01-08 17:02:48,976 [Worker-24: Launching Executing clean in C__Users_ctorleo571_Desktop_Proyectos_Tema2AD_Tema2AD_khibernate_v25] INFO  o.eclipse.m2e.core.internal.Bundles - 	Entry: C:\Users\ctorleo571\Desktop\eclipse\plugins\org.eclipse.m2e.maven.runtime_3.9.1100.20250811-2018\jars\aopalliance-1.0.jar
2026-01-08 17:02:48,977 [Worker-24: Launching Executing clean in C__Users_ctorleo571_Desktop_Proyectos_Tema2AD_Tema2AD_khibernate_v25] INFO  o.eclipse.m2e.core.internal.Bundles - 	Entry: C:\Users\ctorleo571\Desktop\eclipse\plugins\org.eclipse.m2e.maven.runtime_3.9.1100.20250811-2018\jars\asm-9.8.jar
2026-01-08 17:02:48,977 [Worker-24: Launching Executing clean in C__Users_ctorleo571_Desktop_Proyectos_Tema2AD_Tema2AD_khibernate_v25] INFO  o.eclipse.m2e.core.internal.Bundles - 	Entry: C:\Users\ctorleo571\Desktop\eclipse\plugins\org.eclipse.m2e.maven.runtime_3.9.1100.20250811-2018\jars\error_prone_annotations-2.38.0.jar
2026-01-08 17:02:48,977 [Worker-24: Launching Executing clean in C__Users_ctorleo571_Desktop_Proyectos_Tema2AD_Tema2AD_khibernate_v25] INFO  o.eclipse.m2e.core.internal.Bundles - 	Entry: C:\Users\ctorleo571\Desktop\eclipse\plugins\org.eclipse.m2e.maven.runtime_3.9.1100.20250811-2018\jars\gson-2.13.1.jar
2026-01-08 17:02:48,977 [Worker-24: Launching Executing clean in C__Users_ctorleo571_Desktop_Proyectos_Tema2AD_Tema2AD_khibernate_v25] INFO  o.eclipse.m2e.core.internal.Bundles - 	Entry: C:\Users\ctorleo571\Desktop\eclipse\plugins\org.eclipse.m2e.maven.runtime_3.9.1100.20250811-2018\jars\guice-5.1.0-classes.jar
2026-01-08 17:02:48,977 [Worker-24: Launching Executing clean in C__Users_ctorleo571_Desktop_Proyectos_Tema2AD_Tema2AD_khibernate_v25] INFO  o.eclipse.m2e.core.internal.Bundles - 	Entry: C:\Users\ctorleo571\Desktop\eclipse\plugins\org.eclipse.m2e.maven.runtime_3.9.1100.20250811-2018\jars\httpclient-4.5.14.jar
2026-01-08 17:02:48,977 [Worker-24: Launching Executing clean in C__Users_ctorleo571_Desktop_Proyectos_Tema2AD_Tema2AD_khibernate_v25] INFO  o.eclipse.m2e.core.internal.Bundles - 	Entry: C:\Users\ctorleo571\Desktop\eclipse\plugins\org.eclipse.m2e.maven.runtime_3.9.1100.20250811-2018\jars\httpcore-4.4.16.jar
2026-01-08 17:02:48,977 [Worker-24: Launching Executing clean in C__Users_ctorleo571_Desktop_Proyectos_Tema2AD_Tema2AD_khibernate_v25] INFO  o.eclipse.m2e.core.internal.Bundles - 	Entry: C:\Users\ctorleo571\Desktop\eclipse\plugins\org.eclipse.m2e.maven.runtime_3.9.1100.20250811-2018\jars\jansi-2.4.2.jar
2026-01-08 17:02:48,977 [Worker-24: Launching Executing clean in C__Users_ctorleo571_Desktop_Proyectos_Tema2AD_Tema2AD_khibernate_v25] INFO  o.eclipse.m2e.core.internal.Bundles - 	Entry: C:\Users\ctorleo571\Desktop\eclipse\plugins\org.eclipse.m2e.maven.runtime_3.9.1100.20250811-2018\jars\jcl-over-slf4j-1.7.36.jar
2026-01-08 17:02:48,977 [Worker-24: Launching Executing clean in C__Users_ctorleo571_Desktop_Proyectos_Tema2AD_Tema2AD_khibernate_v25] INFO  o.eclipse.m2e.core.internal.Bundles - 	Entry: C:\Users\ctorleo571\Desktop\eclipse\plugins\org.eclipse.m2e.maven.runtime_3.9.1100.20250811-2018\jars\maven-artifact-3.9.11.jar
2026-01-08 17:02:48,977 [Worker-24: Launching Executing clean in C__Users_ctorleo571_Desktop_Proyectos_Tema2AD_Tema2AD_khibernate_v25] INFO  o.eclipse.m2e.core.internal.Bundles - 	Entry: C:\Users\ctorleo571\Desktop\eclipse\plugins\org.eclipse.m2e.maven.runtime_3.9.1100.20250811-2018\jars\maven-builder-support-3.9.11.jar
2026-01-08 17:02:48,978 [Worker-24: Launching Executing clean in C__Users_ctorleo571_Desktop_Proyectos_Tema2AD_Tema2AD_khibernate_v25] INFO  o.eclipse.m2e.core.internal.Bundles - 	Entry: C:\Users\ctorleo571\Desktop\eclipse\plugins\org.eclipse.m2e.maven.runtime_3.9.1100.20250811-2018\jars\maven-compat-3.9.11.jar
2026-01-08 17:02:48,978 [Worker-24: Launching Executing clean in C__Users_ctorleo571_Desktop_Proyectos_Tema2AD_Tema2AD_khibernate_v25] INFO  o.eclipse.m2e.core.internal.Bundles - 	Entry: C:\Users\ctorleo571\Desktop\eclipse\plugins\org.eclipse.m2e.maven.runtime_3.9.1100.20250811-2018\jars\maven-core-3.9.11.jar
2026-01-08 17:02:48,978 [Worker-24: Launching Executing clean in C__Users_ctorleo571_Desktop_Proyectos_Tema2AD_Tema2AD_khibernate_v25] INFO  o.eclipse.m2e.core.internal.Bundles - 	Entry: C:\Users\ctorleo571\Desktop\eclipse\plugins\org.eclipse.m2e.maven.runtime_3.9.1100.20250811-2018\jars\maven-embedder-3.9.11.jar
2026-01-08 17:02:48,978 [Worker-24: Launching Executing clean in C__Users_ctorleo571_Desktop_Proyectos_Tema2AD_Tema2AD_khibernate_v25] INFO  o.eclipse.m2e.core.internal.Bundles - 	Entry: C:\Users\ctorleo571\Desktop\eclipse\plugins\org.eclipse.m2e.maven.runtime_3.9.1100.20250811-2018\jars\maven-model-3.9.11.jar
2026-01-08 17:02:48,978 [Worker-24: Launching Executing clean in C__Users_ctorleo571_Desktop_Proyectos_Tema2AD_Tema2AD_khibernate_v25] INFO  o.eclipse.m2e.core.internal.Bundles - 	Entry: C:\Users\ctorleo571\Desktop\eclipse\plugins\org.eclipse.m2e.maven.runtime_3.9.1100.20250811-2018\jars\maven-model-builder-3.9.11.jar
2026-01-08 17:02:48,978 [Worker-24: Launching Executing clean in C__Users_ctorleo571_Desktop_Proyectos_Tema2AD_Tema2AD_khibernate_v25] INFO  o.eclipse.m2e.core.internal.Bundles - 	Entry: C:\Users\ctorleo571\Desktop\eclipse\plugins\org.eclipse.m2e.maven.runtime_3.9.1100.20250811-2018\jars\maven-plugin-api-3.9.11.jar
2026-01-08 17:02:48,978 [Worker-24: Launching Executing clean in C__Users_ctorleo571_Desktop_Proyectos_Tema2AD_Tema2AD_khibernate_v25] INFO  o.eclipse.m2e.core.internal.Bundles - 	Entry: C:\Users\ctorleo571\Desktop\eclipse\plugins\org.eclipse.m2e.maven.runtime_3.9.1100.20250811-2018\jars\maven-repository-metadata-3.9.11.jar
2026-01-08 17:02:48,978 [Worker-24: Launching Executing clean in C__Users_ctorleo571_Desktop_Proyectos_Tema2AD_Tema2AD_khibernate_v25] INFO  o.eclipse.m2e.core.internal.Bundles - 	Entry: C:\Users\ctorleo571\Desktop\eclipse\plugins\org.eclipse.m2e.maven.runtime_3.9.1100.20250811-2018\jars\maven-resolver-api-1.9.24.jar
2026-01-08 17:02:48,978 [Worker-24: Launching Executing clean in C__Users_ctorleo571_Desktop_Proyectos_Tema2AD_Tema2AD_khibernate_v25] INFO  o.eclipse.m2e.core.internal.Bundles - 	Entry: C:\Users\ctorleo571\Desktop\eclipse\plugins\org.eclipse.m2e.maven.runtime_3.9.1100.20250811-2018\jars\maven-resolver-connector-basic-1.9.24.jar
2026-01-08 17:02:48,978 [Worker-24: Launching Executing clean in C__Users_ctorleo571_Desktop_Proyectos_Tema2AD_Tema2AD_khibernate_v25] INFO  o.eclipse.m2e.core.internal.Bundles - 	Entry: C:\Users\ctorleo571\Desktop\eclipse\plugins\org.eclipse.m2e.maven.runtime_3.9.1100.20250811-2018\jars\maven-resolver-impl-1.9.24.jar
2026-01-08 17:02:48,979 [Worker-24: Launching Executing clean in C__Users_ctorleo571_Desktop_Proyectos_Tema2AD_Tema2AD_khibernate_v25] INFO  o.eclipse.m2e.core.internal.Bundles - 	Entry: C:\Users\ctorleo571\Desktop\eclipse\plugins\org.eclipse.m2e.maven.runtime_3.9.1100.20250811-2018\jars\maven-resolver-named-locks-1.9.24.jar
2026-01-08 17:02:48,979 [Worker-24: Launching Executing clean in C__Users_ctorleo571_Desktop_Proyectos_Tema2AD_Tema2AD_khibernate_v25] INFO  o.eclipse.m2e.core.internal.Bundles - 	Entry: C:\Users\ctorleo571\Desktop\eclipse\plugins\org.eclipse.m2e.maven.runtime_3.9.1100.20250811-2018\jars\maven-resolver-provider-3.9.11.jar
2026-01-08 17:02:48,979 [Worker-24: Launching Executing clean in C__Users_ctorleo571_Desktop_Proyectos_Tema2AD_Tema2AD_khibernate_v25] INFO  o.eclipse.m2e.core.internal.Bundles - 	Entry: C:\Users\ctorleo571\Desktop\eclipse\plugins\org.eclipse.m2e.maven.runtime_3.9.1100.20250811-2018\jars\maven-resolver-spi-1.9.24.jar
2026-01-08 17:02:48,979 [Worker-24: Launching Executing clean in C__Users_ctorleo571_Desktop_Proyectos_Tema2AD_Tema2AD_khibernate_v25] INFO  o.eclipse.m2e.core.internal.Bundles - 	Entry: C:\Users\ctorleo571\Desktop\eclipse\plugins\org.eclipse.m2e.maven.runtime_3.9.1100.20250811-2018\jars\maven-resolver-transport-file-1.9.24.jar
2026-01-08 17:02:48,979 [Worker-24: Launching Executing clean in C__Users_ctorleo571_Desktop_Proyectos_Tema2AD_Tema2AD_khibernate_v25] INFO  o.eclipse.m2e.core.internal.Bundles - 	Entry: C:\Users\ctorleo571\Desktop\eclipse\plugins\org.eclipse.m2e.maven.runtime_3.9.1100.20250811-2018\jars\maven-resolver-transport-http-1.9.24.jar
2026-01-08 17:02:48,979 [Worker-24: Launching Executing clean in C__Users_ctorleo571_Desktop_Proyectos_Tema2AD_Tema2AD_khibernate_v25] INFO  o.eclipse.m2e.core.internal.Bundles - 	Entry: C:\Users\ctorleo571\Desktop\eclipse\plugins\org.eclipse.m2e.maven.runtime_3.9.1100.20250811-2018\jars\maven-resolver-transport-wagon-1.9.24.jar
2026-01-08 17:02:48,979 [Worker-24: Launching Executing clean in C__Users_ctorleo571_Desktop_Proyectos_Tema2AD_Tema2AD_khibernate_v25] INFO  o.eclipse.m2e.core.internal.Bundles - 	Entry: C:\Users\ctorleo571\Desktop\eclipse\plugins\org.eclipse.m2e.maven.runtime_3.9.1100.20250811-2018\jars\maven-resolver-util-1.9.24.jar
2026-01-08 17:02:48,979 [Worker-24: Launching Executing clean in C__Users_ctorleo571_Desktop_Proyectos_Tema2AD_Tema2AD_khibernate_v25] INFO  o.eclipse.m2e.core.internal.Bundles - 	Entry: C:\Users\ctorleo571\Desktop\eclipse\plugins\org.eclipse.m2e.maven.runtime_3.9.1100.20250811-2018\jars\maven-settings-3.9.11.jar
2026-01-08 17:02:48,979 [Worker-24: Launching Executing clean in C__Users_ctorleo571_Desktop_Proyectos_Tema2AD_Tema2AD_khibernate_v25] INFO  o.eclipse.m2e.core.internal.Bundles - 	Entry: C:\Users\ctorleo571\Desktop\eclipse\plugins\org.eclipse.m2e.maven.runtime_3.9.1100.20250811-2018\jars\maven-settings-builder-3.9.11.jar
2026-01-08 17:02:48,980 [Worker-24: Launching Executing clean in C__Users_ctorleo571_Desktop_Proyectos_Tema2AD_Tema2AD_khibernate_v25] INFO  o.eclipse.m2e.core.internal.Bundles - 	Entry: C:\Users\ctorleo571\Desktop\eclipse\plugins\org.eclipse.m2e.maven.runtime_3.9.1100.20250811-2018\jars\maven-shared-utils-3.4.2.jar
2026-01-08 17:02:48,980 [Worker-24: Launching Executing clean in C__Users_ctorleo571_Desktop_Proyectos_Tema2AD_Tema2AD_khibernate_v25] INFO  o.eclipse.m2e.core.internal.Bundles - 	Entry: C:\Users\ctorleo571\Desktop\eclipse\plugins\org.eclipse.m2e.maven.runtime_3.9.1100.20250811-2018\jars\org.eclipse.sisu.inject-0.9.0.M4.jar
2026-01-08 17:02:48,980 [Worker-24: Launching Executing clean in C__Users_ctorleo571_Desktop_Proyectos_Tema2AD_Tema2AD_khibernate_v25] INFO  o.eclipse.m2e.core.internal.Bundles - 	Entry: C:\Users\ctorleo571\Desktop\eclipse\plugins\org.eclipse.m2e.maven.runtime_3.9.1100.20250811-2018\jars\org.eclipse.sisu.plexus-0.9.0.M4.jar
2026-01-08 17:02:48,980 [Worker-24: Launching Executing clean in C__Users_ctorleo571_Desktop_Proyectos_Tema2AD_Tema2AD_khibernate_v25] INFO  o.eclipse.m2e.core.internal.Bundles - 	Entry: C:\Users\ctorleo571\Desktop\eclipse\plugins\org.eclipse.m2e.maven.runtime_3.9.1100.20250811-2018\jars\plexus-build-api-0.0.7.jar
2026-01-08 17:02:48,980 [Worker-24: Launching Executing clean in C__Users_ctorleo571_Desktop_Proyectos_Tema2AD_Tema2AD_khibernate_v25] INFO  o.eclipse.m2e.core.internal.Bundles - 	Entry: C:\Users\ctorleo571\Desktop\eclipse\plugins\org.eclipse.m2e.maven.runtime_3.9.1100.20250811-2018\jars\plexus-build-api-1.2.0.jar
2026-01-08 17:02:48,980 [Worker-24: Launching Executing clean in C__Users_ctorleo571_Desktop_Proyectos_Tema2AD_Tema2AD_khibernate_v25] INFO  o.eclipse.m2e.core.internal.Bundles - 	Entry: C:\Users\ctorleo571\Desktop\eclipse\plugins\org.eclipse.m2e.maven.runtime_3.9.1100.20250811-2018\jars\plexus-cipher-2.0.jar
2026-01-08 17:02:48,980 [Worker-24: Launching Executing clean in C__Users_ctorleo571_Desktop_Proyectos_Tema2AD_Tema2AD_khibernate_v25] INFO  o.eclipse.m2e.core.internal.Bundles - 	Entry: C:\Users\ctorleo571\Desktop\eclipse\plugins\org.eclipse.m2e.maven.runtime_3.9.1100.20250811-2018\jars\plexus-classworlds-2.9.0.jar
2026-01-08 17:02:48,980 [Worker-24: Launching Executing clean in C__Users_ctorleo571_Desktop_Proyectos_Tema2AD_Tema2AD_khibernate_v25] INFO  o.eclipse.m2e.core.internal.Bundles - 	Entry: C:\Users\ctorleo571\Desktop\eclipse\plugins\org.eclipse.m2e.maven.runtime_3.9.1100.20250811-2018\jars\plexus-component-annotations-2.2.0.jar
2026-01-08 17:02:48,980 [Worker-24: Launching Executing clean in C__Users_ctorleo571_Desktop_Proyectos_Tema2AD_Tema2AD_khibernate_v25] INFO  o.eclipse.m2e.core.internal.Bundles - 	Entry: C:\Users\ctorleo571\Desktop\eclipse\plugins\org.eclipse.m2e.maven.runtime_3.9.1100.20250811-2018\jars\plexus-interpolation-1.28.jar
2026-01-08 17:02:48,980 [Worker-24: Launching Executing clean in C__Users_ctorleo571_Desktop_Proyectos_Tema2AD_Tema2AD_khibernate_v25] INFO  o.eclipse.m2e.core.internal.Bundles - 	Entry: C:\Users\ctorleo571\Desktop\eclipse\plugins\org.eclipse.m2e.maven.runtime_3.9.1100.20250811-2018\jars\plexus-sec-dispatcher-2.0.jar
2026-01-08 17:02:48,980 [Worker-24: Launching Executing clean in C__Users_ctorleo571_Desktop_Proyectos_Tema2AD_Tema2AD_khibernate_v25] INFO  o.eclipse.m2e.core.internal.Bundles - 	Entry: C:\Users\ctorleo571\Desktop\eclipse\plugins\org.eclipse.m2e.maven.runtime_3.9.1100.20250811-2018\jars\plexus-utils-3.6.0.jar
2026-01-08 17:02:48,980 [Worker-24: Launching Executing clean in C__Users_ctorleo571_Desktop_Proyectos_Tema2AD_Tema2AD_khibernate_v25] INFO  o.eclipse.m2e.core.internal.Bundles - 	Entry: C:\Users\ctorleo571\Desktop\eclipse\plugins\org.eclipse.m2e.maven.runtime_3.9.1100.20250811-2018\jars\wagon-file-3.5.3.jar
2026-01-08 17:02:48,981 [Worker-24: Launching Executing clean in C__Users_ctorleo571_Desktop_Proyectos_Tema2AD_Tema2AD_khibernate_v25] INFO  o.eclipse.m2e.core.internal.Bundles - 	Entry: C:\Users\ctorleo571\Desktop\eclipse\plugins\org.eclipse.m2e.maven.runtime_3.9.1100.20250811-2018\jars\wagon-http-3.5.3.jar
2026-01-08 17:02:48,981 [Worker-24: Launching Executing clean in C__Users_ctorleo571_Desktop_Proyectos_Tema2AD_Tema2AD_khibernate_v25] INFO  o.eclipse.m2e.core.internal.Bundles - 	Entry: C:\Users\ctorleo571\Desktop\eclipse\plugins\org.eclipse.m2e.maven.runtime_3.9.1100.20250811-2018\jars\wagon-http-shared-3.5.3.jar
2026-01-08 17:02:48,981 [Worker-24: Launching Executing clean in C__Users_ctorleo571_Desktop_Proyectos_Tema2AD_Tema2AD_khibernate_v25] INFO  o.eclipse.m2e.core.internal.Bundles - 	Entry: C:\Users\ctorleo571\Desktop\eclipse\plugins\org.eclipse.m2e.maven.runtime_3.9.1100.20250811-2018\jars\wagon-provider-api-3.5.3.jar
2026-01-08 17:02:48,981 [Worker-24: Launching Executing clean in C__Users_ctorleo571_Desktop_Proyectos_Tema2AD_Tema2AD_khibernate_v25] INFO  o.eclipse.m2e.core.internal.Bundles - getClasspathEntries(Bundle=com.google.guava_33.4.8.jre [18])
2026-01-08 17:02:48,981 [Worker-24: Launching Executing clean in C__Users_ctorleo571_Desktop_Proyectos_Tema2AD_Tema2AD_khibernate_v25] INFO  o.eclipse.m2e.core.internal.Bundles - 	Entry: C:\Users\ctorleo571\Desktop\eclipse\plugins\com.google.guava_33.4.8.jre.jar
2026-01-08 17:02:48,982 [Worker-24: Launching Executing clean in C__Users_ctorleo571_Desktop_Proyectos_Tema2AD_Tema2AD_khibernate_v25] INFO  o.eclipse.m2e.core.internal.Bundles - getClasspathEntries(Bundle=slf4j.api_2.0.17 [1007])
2026-01-08 17:02:48,982 [Worker-24: Launching Executing clean in C__Users_ctorleo571_Desktop_Proyectos_Tema2AD_Tema2AD_khibernate_v25] INFO  o.eclipse.m2e.core.internal.Bundles - 	Entry: C:\Users\ctorleo571\Desktop\eclipse\plugins\slf4j.api_2.0.17.jar
2026-01-08 17:02:48,982 [Worker-24: Launching Executing clean in C__Users_ctorleo571_Desktop_Proyectos_Tema2AD_Tema2AD_khibernate_v25] INFO  o.eclipse.m2e.core.internal.Bundles - getClasspathEntries(Bundle=jakarta.inject.jakarta.inject-api_1.0.5 [35])
2026-01-08 17:02:48,982 [Worker-24: Launching Executing clean in C__Users_ctorleo571_Desktop_Proyectos_Tema2AD_Tema2AD_khibernate_v25] INFO  o.eclipse.m2e.core.internal.Bundles - 	Entry: C:\Users\ctorleo571\Desktop\eclipse\plugins\jakarta.inject.jakarta.inject-api_1.0.5.jar
2026-01-08 17:02:48,982 [Worker-24: Launching Executing clean in C__Users_ctorleo571_Desktop_Proyectos_Tema2AD_Tema2AD_khibernate_v25] INFO  o.eclipse.m2e.core.internal.Bundles - getClasspathEntries(Bundle=jakarta.annotation-api_1.3.5 [31])
2026-01-08 17:02:48,982 [Worker-24: Launching Executing clean in C__Users_ctorleo571_Desktop_Proyectos_Tema2AD_Tema2AD_khibernate_v25] INFO  o.eclipse.m2e.core.internal.Bundles - 	Entry: C:\Users\ctorleo571\Desktop\eclipse\plugins\jakarta.annotation-api_1.3.5.jar
2026-01-08 17:02:48,982 [Worker-24: Launching Executing clean in C__Users_ctorleo571_Desktop_Proyectos_Tema2AD_Tema2AD_khibernate_v25] INFO  o.eclipse.m2e.core.internal.Bundles - getClasspathEntries(Bundle=org.apache.commons.cli_1.10.0 [75])
2026-01-08 17:02:48,982 [Worker-24: Launching Executing clean in C__Users_ctorleo571_Desktop_Proyectos_Tema2AD_Tema2AD_khibernate_v25] INFO  o.eclipse.m2e.core.internal.Bundles - 	Entry: C:\Users\ctorleo571\Desktop\eclipse\plugins\org.apache.commons.cli_1.10.0.jar
2026-01-08 17:02:48,982 [Worker-24: Launching Executing clean in C__Users_ctorleo571_Desktop_Proyectos_Tema2AD_Tema2AD_khibernate_v25] INFO  o.eclipse.m2e.core.internal.Bundles - getClasspathEntries(Bundle=org.apache.commons.commons-codec_1.19.0 [77])
2026-01-08 17:02:48,983 [Worker-24: Launching Executing clean in C__Users_ctorleo571_Desktop_Proyectos_Tema2AD_Tema2AD_khibernate_v25] INFO  o.eclipse.m2e.core.internal.Bundles - 	Entry: C:\Users\ctorleo571\Desktop\eclipse\plugins\org.apache.commons.commons-codec_1.19.0.jar
2026-01-08 17:02:48,983 [Worker-24: Launching Executing clean in C__Users_ctorleo571_Desktop_Proyectos_Tema2AD_Tema2AD_khibernate_v25] INFO  o.eclipse.m2e.core.internal.Bundles - getClasspathEntries(Bundle=com.google.guava.failureaccess_1.0.3 [19])
2026-01-08 17:02:48,983 [Worker-24: Launching Executing clean in C__Users_ctorleo571_Desktop_Proyectos_Tema2AD_Tema2AD_khibernate_v25] INFO  o.eclipse.m2e.core.internal.Bundles - 	Entry: C:\Users\ctorleo571\Desktop\eclipse\plugins\com.google.guava.failureaccess_1.0.3.jar
2026-01-08 17:02:48,984 [Worker-24: Launching Executing clean in C__Users_ctorleo571_Desktop_Proyectos_Tema2AD_Tema2AD_khibernate_v25] INFO  o.e.m.i.launch.MavenLaunchDelegate - Run build in "C:\Users\ctorleo571\Desktop\Proyectos\Tema2AD\Tema2AD\khibernate_v25":
2026-01-08 17:02:48,984 [Worker-24: Launching Executing clean in C__Users_ctorleo571_Desktop_Proyectos_Tema2AD_Tema2AD_khibernate_v25] INFO  o.e.m.i.launch.MavenLaunchDelegate -  mvn  -B -Dstyle.color=always clean
2026-01-08 17:06:33,750 [Worker-43: Building] INFO  o.a.m.s.f.DefaultMavenResourcesFiltering - skip non existing resourceDirectory C:\Users\ctorleo571\Desktop\Proyectos\Tema2AD\Tema2AD\khibernate_v25\src\main\resources
2026-01-08 17:06:33,752 [Worker-43: Building] INFO  o.a.m.s.f.DefaultMavenResourcesFiltering - skip non existing resourceDirectory C:\Users\ctorleo571\Desktop\Proyectos\Tema2AD\Tema2AD\khibernate_v25\src\test\resources
2026-01-08 17:06:33,753 [Worker-43: Building] WARN  o.apache.maven.project.MavenProject - Direct modification of compileSourceRoots through clear() is deprecated and will not work in Maven 4.0.0. Please use the add/remove methods instead. If you're using a plugin that causes this warning, please upgrade to the latest version and report an issue if the warning persists. To disable these warnings, set -Dmaven.project.sourceRoots.warningsDisabled=true on the command line, in the .mvn/maven.config file, or in project POM properties.
2026-01-08 17:06:33,753 [Worker-43: Building] WARN  o.apache.maven.project.MavenProject - Direct modification of compileSourceRoots through add() is deprecated and will not work in Maven 4.0.0. Please use the add/remove methods instead. If you're using a plugin that causes this warning, please upgrade to the latest version and report an issue if the warning persists. To disable these warnings, set -Dmaven.project.sourceRoots.warningsDisabled=true on the command line, in the .mvn/maven.config file, or in project POM properties.
2026-01-08 17:06:33,754 [Worker-43: Building] WARN  o.apache.maven.project.MavenProject - Direct modification of testCompileSourceRoots through clear() is deprecated and will not work in Maven 4.0.0. Please use the add/remove methods instead. If you're using a plugin that causes this warning, please upgrade to the latest version and report an issue if the warning persists. To disable these warnings, set -Dmaven.project.sourceRoots.warningsDisabled=true on the command line, in the .mvn/maven.config file, or in project POM properties.
2026-01-08 17:06:33,755 [Worker-43: Building] WARN  o.apache.maven.project.MavenProject - Direct modification of testCompileSourceRoots through add() is deprecated and will not work in Maven 4.0.0. Please use the add/remove methods instead. If you're using a plugin that causes this warning, please upgrade to the latest version and report an issue if the warning persists. To disable these warnings, set -Dmaven.project.sourceRoots.warningsDisabled=true on the command line, in the .mvn/maven.config file, or in project POM properties.
2026-01-08 17:11:39,176 [Worker-46: Building] INFO  o.e.m.c.i.l.LifecycleMappingFactory - Using org.eclipse.m2e.jdt.JarLifecycleMapping lifecycle mapping for MavenProject: Tema4CarlosTorresLeon:khibernate_v25:0.0.1-SNAPSHOT @ C:\Users\ctorleo571\Desktop\Proyectos\Tema2AD\Tema2AD\khibernate_v25\pom.xml.
2026-01-08 17:11:39,579 [Worker-46: Building] INFO  o.a.m.s.f.DefaultMavenResourcesFiltering - skip non existing resourceDirectory C:\Users\ctorleo571\Desktop\Proyectos\Tema2AD\Tema2AD\khibernate_v25\src\main\resources
2026-01-08 17:11:39,583 [Worker-46: Building] INFO  o.a.m.s.f.DefaultMavenResourcesFiltering - skip non existing resourceDirectory C:\Users\ctorleo571\Desktop\Proyectos\Tema2AD\Tema2AD\khibernate_v25\src\test\resources
2026-01-08 17:11:39,631 [Worker-46: Building] WARN  o.apache.maven.project.MavenProject - Direct modification of compileSourceRoots through clear() is deprecated and will not work in Maven 4.0.0. Please use the add/remove methods instead. If you're using a plugin that causes this warning, please upgrade to the latest version and report an issue if the warning persists. To disable these warnings, set -Dmaven.project.sourceRoots.warningsDisabled=true on the command line, in the .mvn/maven.config file, or in project POM properties.
2026-01-08 17:11:39,633 [Worker-46: Building] WARN  o.apache.maven.project.MavenProject - Direct modification of compileSourceRoots through add() is deprecated and will not work in Maven 4.0.0. Please use the add/remove methods instead. If you're using a plugin that causes this warning, please upgrade to the latest version and report an issue if the warning persists. To disable these warnings, set -Dmaven.project.sourceRoots.warningsDisabled=true on the command line, in the .mvn/maven.config file, or in project POM properties.
2026-01-08 17:11:39,634 [Worker-46: Building] WARN  o.apache.maven.project.MavenProject - Direct modification of testCompileSourceRoots through clear() is deprecated and will not work in Maven 4.0.0. Please use the add/remove methods instead. If you're using a plugin that causes this warning, please upgrade to the latest version and report an issue if the warning persists. To disable these warnings, set -Dmaven.project.sourceRoots.warningsDisabled=true on the command line, in the .mvn/maven.config file, or in project POM properties.
2026-01-08 17:11:39,635 [Worker-46: Building] WARN  o.apache.maven.project.MavenProject - Direct modification of testCompileSourceRoots through add() is deprecated and will not work in Maven 4.0.0. Please use the add/remove methods instead. If you're using a plugin that causes this warning, please upgrade to the latest version and report an issue if the warning persists. To disable these warnings, set -Dmaven.project.sourceRoots.warningsDisabled=true on the command line, in the .mvn/maven.config file, or in project POM properties.
2026-01-08 17:14:18,039 [Worker-39: Building] INFO  o.a.m.s.f.DefaultMavenResourcesFiltering - skip non existing resourceDirectory C:\Users\ctorleo571\Desktop\Proyectos\Tema2AD\Tema2AD\khibernate_v25\src\main\resources
2026-01-08 17:14:18,041 [Worker-39: Building] INFO  o.a.m.s.f.DefaultMavenResourcesFiltering - skip non existing resourceDirectory C:\Users\ctorleo571\Desktop\Proyectos\Tema2AD\Tema2AD\khibernate_v25\src\test\resources
2026-01-08 17:14:18,041 [Worker-39: Building] WARN  o.apache.maven.project.MavenProject - Direct modification of compileSourceRoots through clear() is deprecated and will not work in Maven 4.0.0. Please use the add/remove methods instead. If you're using a plugin that causes this warning, please upgrade to the latest version and report an issue if the warning persists. To disable these warnings, set -Dmaven.project.sourceRoots.warningsDisabled=true on the command line, in the .mvn/maven.config file, or in project POM properties.
2026-01-08 17:14:18,042 [Worker-39: Building] WARN  o.apache.maven.project.MavenProject - Direct modification of compileSourceRoots through add() is deprecated and will not work in Maven 4.0.0. Please use the add/remove methods instead. If you're using a plugin that causes this warning, please upgrade to the latest version and report an issue if the warning persists. To disable these warnings, set -Dmaven.project.sourceRoots.warningsDisabled=true on the command line, in the .mvn/maven.config file, or in project POM properties.
2026-01-08 17:14:18,042 [Worker-39: Building] WARN  o.apache.maven.project.MavenProject - Direct modification of testCompileSourceRoots through clear() is deprecated and will not work in Maven 4.0.0. Please use the add/remove methods instead. If you're using a plugin that causes this warning, please upgrade to the latest version and report an issue if the warning persists. To disable these warnings, set -Dmaven.project.sourceRoots.warningsDisabled=true on the command line, in the .mvn/maven.config file, or in project POM properties.
2026-01-08 17:14:18,042 [Worker-39: Building] WARN  o.apache.maven.project.MavenProject - Direct modification of testCompileSourceRoots through add() is deprecated and will not work in Maven 4.0.0. Please use the add/remove methods instead. If you're using a plugin that causes this warning, please upgrade to the latest version and report an issue if the warning persists. To disable these warnings, set -Dmaven.project.sourceRoots.warningsDisabled=true on the command line, in the .mvn/maven.config file, or in project POM properties.
2026-01-08 17:16:27,472 [Worker-52: Building] INFO  o.a.m.s.f.DefaultMavenResourcesFiltering - skip non existing resourceDirectory C:\Users\ctorleo571\Desktop\Proyectos\Tema2AD\Tema2AD\khibernate_v25\src\main\resources
2026-01-08 17:16:27,475 [Worker-52: Building] INFO  o.a.m.s.f.DefaultMavenResourcesFiltering - skip non existing resourceDirectory C:\Users\ctorleo571\Desktop\Proyectos\Tema2AD\Tema2AD\khibernate_v25\src\test\resources
2026-01-08 17:16:27,476 [Worker-52: Building] WARN  o.apache.maven.project.MavenProject - Direct modification of compileSourceRoots through clear() is deprecated and will not work in Maven 4.0.0. Please use the add/remove methods instead. If you're using a plugin that causes this warning, please upgrade to the latest version and report an issue if the warning persists. To disable these warnings, set -Dmaven.project.sourceRoots.warningsDisabled=true on the command line, in the .mvn/maven.config file, or in project POM properties.
2026-01-08 17:16:27,477 [Worker-52: Building] WARN  o.apache.maven.project.MavenProject - Direct modification of compileSourceRoots through add() is deprecated and will not work in Maven 4.0.0. Please use the add/remove methods instead. If you're using a plugin that causes this warning, please upgrade to the latest version and report an issue if the warning persists. To disable these warnings, set -Dmaven.project.sourceRoots.warningsDisabled=true on the command line, in the .mvn/maven.config file, or in project POM properties.
2026-01-08 17:16:27,478 [Worker-52: Building] WARN  o.apache.maven.project.MavenProject - Direct modification of testCompileSourceRoots through clear() is deprecated and will not work in Maven 4.0.0. Please use the add/remove methods instead. If you're using a plugin that causes this warning, please upgrade to the latest version and report an issue if the warning persists. To disable these warnings, set -Dmaven.project.sourceRoots.warningsDisabled=true on the command line, in the .mvn/maven.config file, or in project POM properties.
2026-01-08 17:16:27,479 [Worker-52: Building] WARN  o.apache.maven.project.MavenProject - Direct modification of testCompileSourceRoots through add() is deprecated and will not work in Maven 4.0.0. Please use the add/remove methods instead. If you're using a plugin that causes this warning, please upgrade to the latest version and report an issue if the warning persists. To disable these warnings, set -Dmaven.project.sourceRoots.warningsDisabled=true on the command line, in the .mvn/maven.config file, or in project POM properties.
2026-01-08 17:16:59,787 [Worker-39: Building] INFO  o.a.m.s.f.DefaultMavenResourcesFiltering - skip non existing resourceDirectory C:\Users\ctorleo571\Desktop\Proyectos\Tema2AD\Tema2AD\khibernate_v25\src\main\resources
2026-01-08 17:16:59,789 [Worker-39: Building] INFO  o.a.m.s.f.DefaultMavenResourcesFiltering - skip non existing resourceDirectory C:\Users\ctorleo571\Desktop\Proyectos\Tema2AD\Tema2AD\khibernate_v25\src\test\resources
2026-01-08 17:16:59,790 [Worker-39: Building] WARN  o.apache.maven.project.MavenProject - Direct modification of compileSourceRoots through clear() is deprecated and will not work in Maven 4.0.0. Please use the add/remove methods instead. If you're using a plugin that causes this warning, please upgrade to the latest version and report an issue if the warning persists. To disable these warnings, set -Dmaven.project.sourceRoots.warningsDisabled=true on the command line, in the .mvn/maven.config file, or in project POM properties.
2026-01-08 17:16:59,790 [Worker-39: Building] WARN  o.apache.maven.project.MavenProject - Direct modification of compileSourceRoots through add() is deprecated and will not work in Maven 4.0.0. Please use the add/remove methods instead. If you're using a plugin that causes this warning, please upgrade to the latest version and report an issue if the warning persists. To disable these warnings, set -Dmaven.project.sourceRoots.warningsDisabled=true on the command line, in the .mvn/maven.config file, or in project POM properties.
2026-01-08 17:16:59,791 [Worker-39: Building] WARN  o.apache.maven.project.MavenProject - Direct modification of testCompileSourceRoots through clear() is deprecated and will not work in Maven 4.0.0. Please use the add/remove methods instead. If you're using a plugin that causes this warning, please upgrade to the latest version and report an issue if the warning persists. To disable these warnings, set -Dmaven.project.sourceRoots.warningsDisabled=true on the command line, in the .mvn/maven.config file, or in project POM properties.
2026-01-08 17:16:59,791 [Worker-39: Building] WARN  o.apache.maven.project.MavenProject - Direct modification of testCompileSourceRoots through add() is deprecated and will not work in Maven 4.0.0. Please use the add/remove methods instead. If you're using a plugin that causes this warning, please upgrade to the latest version and report an issue if the warning persists. To disable these warnings, set -Dmaven.project.sourceRoots.warningsDisabled=true on the command line, in the .mvn/maven.config file, or in project POM properties.
2026-01-08 17:32:38,053 [Worker-43: Building] INFO  o.a.m.s.f.DefaultMavenResourcesFiltering - skip non existing resourceDirectory C:\Users\ctorleo571\Desktop\Proyectos\Tema2AD\Tema2AD\khibernate_v25\src\main\resources
2026-01-08 17:32:38,056 [Worker-43: Building] INFO  o.a.m.s.f.DefaultMavenResourcesFiltering - skip non existing resourceDirectory C:\Users\ctorleo571\Desktop\Proyectos\Tema2AD\Tema2AD\khibernate_v25\src\test\resources
2026-01-08 17:32:38,056 [Worker-43: Building] WARN  o.apache.maven.project.MavenProject - Direct modification of compileSourceRoots through clear() is deprecated and will not work in Maven 4.0.0. Please use the add/remove methods instead. If you're using a plugin that causes this warning, please upgrade to the latest version and report an issue if the warning persists. To disable these warnings, set -Dmaven.project.sourceRoots.warningsDisabled=true on the command line, in the .mvn/maven.config file, or in project POM properties.
2026-01-08 17:32:38,057 [Worker-43: Building] WARN  o.apache.maven.project.MavenProject - Direct modification of compileSourceRoots through add() is deprecated and will not work in Maven 4.0.0. Please use the add/remove methods instead. If you're using a plugin that causes this warning, please upgrade to the latest version and report an issue if the warning persists. To disable these warnings, set -Dmaven.project.sourceRoots.warningsDisabled=true on the command line, in the .mvn/maven.config file, or in project POM properties.
2026-01-08 17:32:38,058 [Worker-43: Building] WARN  o.apache.maven.project.MavenProject - Direct modification of testCompileSourceRoots through clear() is deprecated and will not work in Maven 4.0.0. Please use the add/remove methods instead. If you're using a plugin that causes this warning, please upgrade to the latest version and report an issue if the warning persists. To disable these warnings, set -Dmaven.project.sourceRoots.warningsDisabled=true on the command line, in the .mvn/maven.config file, or in project POM properties.
2026-01-08 17:32:38,059 [Worker-43: Building] WARN  o.apache.maven.project.MavenProject - Direct modification of testCompileSourceRoots through add() is deprecated and will not work in Maven 4.0.0. Please use the add/remove methods instead. If you're using a plugin that causes this warning, please upgrade to the latest version and report an issue if the warning persists. To disable these warnings, set -Dmaven.project.sourceRoots.warningsDisabled=true on the command line, in the .mvn/maven.config file, or in project POM properties.
2026-01-08 17:35:05,896 [Worker-60: Building] INFO  o.a.m.s.f.DefaultMavenResourcesFiltering - skip non existing resourceDirectory C:\Users\ctorleo571\Desktop\Proyectos\Tema2AD\Tema2AD\khibernate_v25\src\main\resources
2026-01-08 17:35:05,899 [Worker-60: Building] INFO  o.a.m.s.f.DefaultMavenResourcesFiltering - skip non existing resourceDirectory C:\Users\ctorleo571\Desktop\Proyectos\Tema2AD\Tema2AD\khibernate_v25\src\test\resources
2026-01-08 17:35:05,900 [Worker-60: Building] WARN  o.apache.maven.project.MavenProject - Direct modification of compileSourceRoots through clear() is deprecated and will not work in Maven 4.0.0. Please use the add/remove methods instead. If you're using a plugin that causes this warning, please upgrade to the latest version and report an issue if the warning persists. To disable these warnings, set -Dmaven.project.sourceRoots.warningsDisabled=true on the command line, in the .mvn/maven.config file, or in project POM properties.
2026-01-08 17:35:05,901 [Worker-60: Building] WARN  o.apache.maven.project.MavenProject - Direct modification of compileSourceRoots through add() is deprecated and will not work in Maven 4.0.0. Please use the add/remove methods instead. If you're using a plugin that causes this warning, please upgrade to the latest version and report an issue if the warning persists. To disable these warnings, set -Dmaven.project.sourceRoots.warningsDisabled=true on the command line, in the .mvn/maven.config file, or in project POM properties.
2026-01-08 17:35:05,902 [Worker-60: Building] WARN  o.apache.maven.project.MavenProject - Direct modification of testCompileSourceRoots through clear() is deprecated and will not work in Maven 4.0.0. Please use the add/remove methods instead. If you're using a plugin that causes this warning, please upgrade to the latest version and report an issue if the warning persists. To disable these warnings, set -Dmaven.project.sourceRoots.warningsDisabled=true on the command line, in the .mvn/maven.config file, or in project POM properties.
2026-01-08 17:35:05,903 [Worker-60: Building] WARN  o.apache.maven.project.MavenProject - Direct modification of testCompileSourceRoots through add() is deprecated and will not work in Maven 4.0.0. Please use the add/remove methods instead. If you're using a plugin that causes this warning, please upgrade to the latest version and report an issue if the warning persists. To disable these warnings, set -Dmaven.project.sourceRoots.warningsDisabled=true on the command line, in the .mvn/maven.config file, or in project POM properties.
2026-01-08 17:50:19,148 [Worker-60: Building] INFO  o.a.m.s.f.DefaultMavenResourcesFiltering - skip non existing resourceDirectory C:\Users\ctorleo571\Desktop\Proyectos\Tema2AD\Tema2AD\khibernate_v25\src\main\resources
2026-01-08 17:50:19,150 [Worker-60: Building] INFO  o.a.m.s.f.DefaultMavenResourcesFiltering - skip non existing resourceDirectory C:\Users\ctorleo571\Desktop\Proyectos\Tema2AD\Tema2AD\khibernate_v25\src\test\resources
2026-01-08 17:50:19,150 [Worker-60: Building] WARN  o.apache.maven.project.MavenProject - Direct modification of compileSourceRoots through clear() is deprecated and will not work in Maven 4.0.0. Please use the add/remove methods instead. If you're using a plugin that causes this warning, please upgrade to the latest version and report an issue if the warning persists. To disable these warnings, set -Dmaven.project.sourceRoots.warningsDisabled=true on the command line, in the .mvn/maven.config file, or in project POM properties.
2026-01-08 17:50:19,151 [Worker-60: Building] WARN  o.apache.maven.project.MavenProject - Direct modification of compileSourceRoots through add() is deprecated and will not work in Maven 4.0.0. Please use the add/remove methods instead. If you're using a plugin that causes this warning, please upgrade to the latest version and report an issue if the warning persists. To disable these warnings, set -Dmaven.project.sourceRoots.warningsDisabled=true on the command line, in the .mvn/maven.config file, or in project POM properties.
2026-01-08 17:50:19,151 [Worker-60: Building] WARN  o.apache.maven.project.MavenProject - Direct modification of testCompileSourceRoots through clear() is deprecated and will not work in Maven 4.0.0. Please use the add/remove methods instead. If you're using a plugin that causes this warning, please upgrade to the latest version and report an issue if the warning persists. To disable these warnings, set -Dmaven.project.sourceRoots.warningsDisabled=true on the command line, in the .mvn/maven.config file, or in project POM properties.
2026-01-08 17:50:19,152 [Worker-60: Building] WARN  o.apache.maven.project.MavenProject - Direct modification of testCompileSourceRoots through add() is deprecated and will not work in Maven 4.0.0. Please use the add/remove methods instead. If you're using a plugin that causes this warning, please upgrade to the latest version and report an issue if the warning persists. To disable these warnings, set -Dmaven.project.sourceRoots.warningsDisabled=true on the command line, in the .mvn/maven.config file, or in project POM properties.
2026-01-08 18:00:05,239 [Worker-65: Building] INFO  o.e.m.c.i.l.LifecycleMappingFactory - Using org.eclipse.m2e.jdt.JarLifecycleMapping lifecycle mapping for MavenProject: Tema4CarlosTorresLeon:khibernate_v25:0.0.1-SNAPSHOT @ C:\Users\ctorleo571\Desktop\Proyectos\Tema2AD\Tema2AD\khibernate_v25\pom.xml.
2026-01-08 18:00:05,349 [Worker-65: Building] INFO  o.e.m.c.i.e.AbstractTransferListenerAdapter - Downloaded https://repo.maven.apache.org/maven2/org/hibernate/orm/hibernate-core/5.6.15.Final/hibernate-core-5.6.15.Final.pom
2026-01-08 18:00:05,350 [Worker-65: Building] WARN  o.e.m.c.i.embedder.EclipseLogger - The POM for org.hibernate.orm:hibernate-core:jar:5.6.15.Final is missing, no dependency information available
2026-01-08 18:00:05,410 [Worker-65: Building] INFO  o.e.m.c.i.e.AbstractTransferListenerAdapter - Downloaded https://repo.maven.apache.org/maven2/org/hibernate/orm/hibernate-core/5.6.15.Final/hibernate-core-5.6.15.Final.jar
2026-01-08 18:00:05,503 [Worker-65: Building] INFO  o.a.m.s.f.DefaultMavenResourcesFiltering - skip non existing resourceDirectory C:\Users\ctorleo571\Desktop\Proyectos\Tema2AD\Tema2AD\khibernate_v25\src\main\resources
2026-01-08 18:00:05,507 [Worker-65: Building] INFO  o.a.m.s.f.DefaultMavenResourcesFiltering - skip non existing resourceDirectory C:\Users\ctorleo571\Desktop\Proyectos\Tema2AD\Tema2AD\khibernate_v25\src\test\resources
2026-01-08 18:00:05,683 [Worker-65: Building] WARN  o.apache.maven.project.MavenProject - Direct modification of compileSourceRoots through clear() is deprecated and will not work in Maven 4.0.0. Please use the add/remove methods instead. If you're using a plugin that causes this warning, please upgrade to the latest version and report an issue if the warning persists. To disable these warnings, set -Dmaven.project.sourceRoots.warningsDisabled=true on the command line, in the .mvn/maven.config file, or in project POM properties.
2026-01-08 18:00:05,684 [Worker-65: Building] WARN  o.apache.maven.project.MavenProject - Direct modification of compileSourceRoots through add() is deprecated and will not work in Maven 4.0.0. Please use the add/remove methods instead. If you're using a plugin that causes this warning, please upgrade to the latest version and report an issue if the warning persists. To disable these warnings, set -Dmaven.project.sourceRoots.warningsDisabled=true on the command line, in the .mvn/maven.config file, or in project POM properties.
2026-01-08 18:00:05,684 [Worker-65: Building] WARN  o.apache.maven.project.MavenProject - Direct modification of testCompileSourceRoots through clear() is deprecated and will not work in Maven 4.0.0. Please use the add/remove methods instead. If you're using a plugin that causes this warning, please upgrade to the latest version and report an issue if the warning persists. To disable these warnings, set -Dmaven.project.sourceRoots.warningsDisabled=true on the command line, in the .mvn/maven.config file, or in project POM properties.
2026-01-08 18:00:05,685 [Worker-65: Building] WARN  o.apache.maven.project.MavenProject - Direct modification of testCompileSourceRoots through add() is deprecated and will not work in Maven 4.0.0. Please use the add/remove methods instead. If you're using a plugin that causes this warning, please upgrade to the latest version and report an issue if the warning persists. To disable these warnings, set -Dmaven.project.sourceRoots.warningsDisabled=true on the command line, in the .mvn/maven.config file, or in project POM properties.
2026-01-08 18:00:06,533 [Worker-63: Download sources and javadoc] INFO  o.e.m.c.i.e.AbstractTransferListenerAdapter - Downloaded https://repo.maven.apache.org/maven2/org/hibernate/orm/hibernate-core/5.6.15.Final/hibernate-core-5.6.15.Final-sources.jar
2026-01-08 18:00:06,536 [Worker-63: Download sources and javadoc] ERROR o.e.m.j.internal.DownloadSourcesJob - Could not download sources for org.hibernate.orm:hibernate-core:5.6.15.Final
org.eclipse.core.runtime.CoreException: Could not resolve artifact org.hibernate.orm:hibernate-core:jar:sources:5.6.15.Final
	at org.eclipse.m2e.core.internal.embedder.MavenImpl.lambda$7(MavenImpl.java:540)
	at org.eclipse.m2e.core.internal.embedder.MavenExecutionContext.executeBare(MavenExecutionContext.java:458)
	at org.eclipse.m2e.core.internal.embedder.MavenExecutionContext.execute(MavenExecutionContext.java:292)
	at org.eclipse.m2e.core.internal.embedder.MavenExecutionContext.execute(MavenExecutionContext.java:278)
	at org.eclipse.m2e.core.internal.embedder.MavenImpl.resolve(MavenImpl.java:509)
	at org.eclipse.m2e.core.internal.embedder.MavenImpl.resolve(MavenImpl.java:494)
	at org.eclipse.m2e.jdt.internal.DownloadSourcesJob.download(DownloadSourcesJob.java:308)
	at org.eclipse.m2e.jdt.internal.DownloadSourcesJob.downloadAttachments(DownloadSourcesJob.java:282)
	at org.eclipse.m2e.jdt.internal.DownloadSourcesJob.downloadMaven(DownloadSourcesJob.java:252)
	at org.eclipse.m2e.jdt.internal.DownloadSourcesJob.downloadFilesAndPopulateToUpdate(DownloadSourcesJob.java:220)
	at org.eclipse.m2e.jdt.internal.DownloadSourcesJob.lambda$0(DownloadSourcesJob.java:149)
	at org.eclipse.m2e.core.internal.embedder.MavenExecutionContext.executeBare(MavenExecutionContext.java:458)
	at org.eclipse.m2e.core.internal.embedder.MavenExecutionContext.execute(MavenExecutionContext.java:339)
	at org.eclipse.m2e.core.internal.embedder.MavenExecutionContext.execute(MavenExecutionContext.java:278)
	at org.eclipse.m2e.core.embedder.IMaven.execute(IMaven.java:300)
	at org.eclipse.m2e.jdt.internal.DownloadSourcesJob.run(DownloadSourcesJob.java:149)
	at org.eclipse.core.internal.jobs.Worker.run(Worker.java:63)
2026-01-08 18:00:37,421 [Worker-67: Building] INFO  o.e.m.c.i.l.LifecycleMappingFactory - Using org.eclipse.m2e.jdt.JarLifecycleMapping lifecycle mapping for MavenProject: Tema4CarlosTorresLeon:khibernate_v25:0.0.1-SNAPSHOT @ C:\Users\ctorleo571\Desktop\Proyectos\Tema2AD\Tema2AD\khibernate_v25\pom.xml.
2026-01-08 18:00:37,500 [Worker-67: Building] INFO  o.e.m.c.i.e.AbstractTransferListenerAdapter - Downloading https://repo.maven.apache.org/maven2/org/hibernate/hibernate-core/5.6.15.Final/hibernate-core-5.6.15.Final.pom
2026-01-08 18:00:37,504 [Worker-67: Building] INFO  o.e.m.c.i.e.AbstractTransferListenerAdapter - Downloaded https://repo.maven.apache.org/maven2/org/hibernate/hibernate-core/5.6.15.Final/hibernate-core-5.6.15.Final.pom
2026-01-08 18:00:37,552 [Worker-67: Building] INFO  o.e.m.c.i.e.AbstractTransferListenerAdapter - Downloading https://repo.maven.apache.org/maven2/org/jboss/logging/jboss-logging/3.4.3.Final/jboss-logging-3.4.3.Final.pom
2026-01-08 18:00:37,555 [Worker-67: Building] INFO  o.e.m.c.i.e.AbstractTransferListenerAdapter - Downloaded https://repo.maven.apache.org/maven2/org/jboss/logging/jboss-logging/3.4.3.Final/jboss-logging-3.4.3.Final.pom
2026-01-08 18:00:37,615 [Worker-67: Building] INFO  o.e.m.c.i.e.AbstractTransferListenerAdapter - Downloading https://repo.maven.apache.org/maven2/javax/persistence/javax.persistence-api/2.2/javax.persistence-api-2.2.pom
2026-01-08 18:00:37,619 [Worker-67: Building] INFO  o.e.m.c.i.e.AbstractTransferListenerAdapter - Downloaded https://repo.maven.apache.org/maven2/javax/persistence/javax.persistence-api/2.2/javax.persistence-api-2.2.pom
2026-01-08 18:00:37,685 [Worker-67: Building] INFO  o.e.m.c.i.e.AbstractTransferListenerAdapter - Downloading https://repo.maven.apache.org/maven2/net/bytebuddy/byte-buddy/1.12.18/byte-buddy-1.12.18.pom
2026-01-08 18:00:37,688 [Worker-67: Building] INFO  o.e.m.c.i.e.AbstractTransferListenerAdapter - Downloaded https://repo.maven.apache.org/maven2/net/bytebuddy/byte-buddy/1.12.18/byte-buddy-1.12.18.pom
2026-01-08 18:00:37,743 [Worker-67: Building] INFO  o.e.m.c.i.e.AbstractTransferListenerAdapter - Downloading https://repo.maven.apache.org/maven2/net/bytebuddy/byte-buddy-parent/1.12.18/byte-buddy-parent-1.12.18.pom
2026-01-08 18:00:37,746 [Worker-67: Building] INFO  o.e.m.c.i.e.AbstractTransferListenerAdapter - Downloaded https://repo.maven.apache.org/maven2/net/bytebuddy/byte-buddy-parent/1.12.18/byte-buddy-parent-1.12.18.pom
2026-01-08 18:00:37,797 [Worker-67: Building] INFO  o.e.m.c.i.e.AbstractTransferListenerAdapter - Downloading https://repo.maven.apache.org/maven2/antlr/antlr/2.7.7/antlr-2.7.7.pom
2026-01-08 18:00:37,801 [Worker-67: Building] INFO  o.e.m.c.i.e.AbstractTransferListenerAdapter - Downloaded https://repo.maven.apache.org/maven2/antlr/antlr/2.7.7/antlr-2.7.7.pom
2026-01-08 18:00:37,875 [Worker-67: Building] INFO  o.e.m.c.i.e.AbstractTransferListenerAdapter - Downloading https://repo.maven.apache.org/maven2/org/jboss/spec/javax/transaction/jboss-transaction-api_1.2_spec/1.1.1.Final/jboss-transaction-api_1.2_spec-1.1.1.Final.pom
2026-01-08 18:00:37,878 [Worker-67: Building] INFO  o.e.m.c.i.e.AbstractTransferListenerAdapter - Downloaded https://repo.maven.apache.org/maven2/org/jboss/spec/javax/transaction/jboss-transaction-api_1.2_spec/1.1.1.Final/jboss-transaction-api_1.2_spec-1.1.1.Final.pom
2026-01-08 18:00:37,936 [Worker-67: Building] INFO  o.e.m.c.i.e.AbstractTransferListenerAdapter - Downloading https://repo.maven.apache.org/maven2/org/jboss/jboss-parent/25/jboss-parent-25.pom
2026-01-08 18:00:37,940 [Worker-67: Building] INFO  o.e.m.c.i.e.AbstractTransferListenerAdapter - Downloaded https://repo.maven.apache.org/maven2/org/jboss/jboss-parent/25/jboss-parent-25.pom
2026-01-08 18:00:37,994 [Worker-67: Building] INFO  o.e.m.c.i.e.AbstractTransferListenerAdapter - Downloading https://repo.maven.apache.org/maven2/org/jboss/jandex/2.4.2.Final/jandex-2.4.2.Final.pom
2026-01-08 18:00:37,998 [Worker-67: Building] INFO  o.e.m.c.i.e.AbstractTransferListenerAdapter - Downloaded https://repo.maven.apache.org/maven2/org/jboss/jandex/2.4.2.Final/jandex-2.4.2.Final.pom
2026-01-08 18:00:38,041 [Worker-67: Building] INFO  o.e.m.c.i.e.AbstractTransferListenerAdapter - Downloading https://repo.maven.apache.org/maven2/org/jboss/jboss-parent/12/jboss-parent-12.pom
2026-01-08 18:00:38,045 [Worker-67: Building] INFO  o.e.m.c.i.e.AbstractTransferListenerAdapter - Downloaded https://repo.maven.apache.org/maven2/org/jboss/jboss-parent/12/jboss-parent-12.pom
2026-01-08 18:00:38,090 [Worker-67: Building] INFO  o.e.m.c.i.e.AbstractTransferListenerAdapter - Downloading https://repo.maven.apache.org/maven2/com/fasterxml/classmate/1.5.1/classmate-1.5.1.pom
2026-01-08 18:00:38,093 [Worker-67: Building] INFO  o.e.m.c.i.e.AbstractTransferListenerAdapter - Downloaded https://repo.maven.apache.org/maven2/com/fasterxml/classmate/1.5.1/classmate-1.5.1.pom
2026-01-08 18:00:38,134 [Worker-67: Building] INFO  o.e.m.c.i.e.AbstractTransferListenerAdapter - Downloading https://repo.maven.apache.org/maven2/com/fasterxml/oss-parent/35/oss-parent-35.pom
2026-01-08 18:00:38,137 [Worker-67: Building] INFO  o.e.m.c.i.e.AbstractTransferListenerAdapter - Downloaded https://repo.maven.apache.org/maven2/com/fasterxml/oss-parent/35/oss-parent-35.pom
2026-01-08 18:00:38,195 [Worker-67: Building] INFO  o.e.m.c.i.e.AbstractTransferListenerAdapter - Downloading https://repo.maven.apache.org/maven2/org/hibernate/common/hibernate-commons-annotations/5.1.2.Final/hibernate-commons-annotations-5.1.2.Final.pom
2026-01-08 18:00:38,199 [Worker-67: Building] INFO  o.e.m.c.i.e.AbstractTransferListenerAdapter - Downloaded https://repo.maven.apache.org/maven2/org/hibernate/common/hibernate-commons-annotations/5.1.2.Final/hibernate-commons-annotations-5.1.2.Final.pom
2026-01-08 18:00:38,257 [Worker-67: Building] INFO  o.e.m.c.i.e.AbstractTransferListenerAdapter - Downloading https://repo.maven.apache.org/maven2/org/jboss/logging/jboss-logging/3.3.2.Final/jboss-logging-3.3.2.Final.pom
2026-01-08 18:00:38,260 [Worker-67: Building] INFO  o.e.m.c.i.e.AbstractTransferListenerAdapter - Downloaded https://repo.maven.apache.org/maven2/org/jboss/logging/jboss-logging/3.3.2.Final/jboss-logging-3.3.2.Final.pom
2026-01-08 18:00:38,306 [Worker-67: Building] INFO  o.e.m.c.i.e.AbstractTransferListenerAdapter - Downloading https://repo.maven.apache.org/maven2/org/jboss/jboss-parent/15/jboss-parent-15.pom
2026-01-08 18:00:38,310 [Worker-67: Building] INFO  o.e.m.c.i.e.AbstractTransferListenerAdapter - Downloaded https://repo.maven.apache.org/maven2/org/jboss/jboss-parent/15/jboss-parent-15.pom
2026-01-08 18:00:38,362 [Worker-67: Building] INFO  o.e.m.c.i.e.AbstractTransferListenerAdapter - Downloading https://repo.maven.apache.org/maven2/org/glassfish/jaxb/jaxb-runtime/2.3.1/jaxb-runtime-2.3.1.pom
2026-01-08 18:00:38,366 [Worker-67: Building] INFO  o.e.m.c.i.e.AbstractTransferListenerAdapter - Downloaded https://repo.maven.apache.org/maven2/org/glassfish/jaxb/jaxb-runtime/2.3.1/jaxb-runtime-2.3.1.pom
2026-01-08 18:00:38,419 [Worker-67: Building] INFO  o.e.m.c.i.e.AbstractTransferListenerAdapter - Downloading https://repo.maven.apache.org/maven2/com/sun/xml/bind/mvn/jaxb-runtime-parent/2.3.1/jaxb-runtime-parent-2.3.1.pom
2026-01-08 18:00:38,424 [Worker-67: Building] INFO  o.e.m.c.i.e.AbstractTransferListenerAdapter - Downloaded https://repo.maven.apache.org/maven2/com/sun/xml/bind/mvn/jaxb-runtime-parent/2.3.1/jaxb-runtime-parent-2.3.1.pom
2026-01-08 18:00:38,486 [Worker-67: Building] INFO  o.e.m.c.i.e.AbstractTransferListenerAdapter - Downloading https://repo.maven.apache.org/maven2/com/sun/xml/bind/mvn/jaxb-parent/2.3.1/jaxb-parent-2.3.1.pom
2026-01-08 18:00:38,489 [Worker-67: Building] INFO  o.e.m.c.i.e.AbstractTransferListenerAdapter - Downloaded https://repo.maven.apache.org/maven2/com/sun/xml/bind/mvn/jaxb-parent/2.3.1/jaxb-parent-2.3.1.pom
2026-01-08 18:00:38,543 [Worker-67: Building] INFO  o.e.m.c.i.e.AbstractTransferListenerAdapter - Downloading https://repo.maven.apache.org/maven2/com/sun/xml/bind/jaxb-bom-ext/2.3.1/jaxb-bom-ext-2.3.1.pom
2026-01-08 18:00:38,546 [Worker-67: Building] INFO  o.e.m.c.i.e.AbstractTransferListenerAdapter - Downloaded https://repo.maven.apache.org/maven2/com/sun/xml/bind/jaxb-bom-ext/2.3.1/jaxb-bom-ext-2.3.1.pom
2026-01-08 18:00:38,598 [Worker-67: Building] INFO  o.e.m.c.i.e.AbstractTransferListenerAdapter - Downloading https://repo.maven.apache.org/maven2/org/glassfish/jaxb/jaxb-bom/2.3.1/jaxb-bom-2.3.1.pom
2026-01-08 18:00:38,601 [Worker-67: Building] INFO  o.e.m.c.i.e.AbstractTransferListenerAdapter - Downloaded https://repo.maven.apache.org/maven2/org/glassfish/jaxb/jaxb-bom/2.3.1/jaxb-bom-2.3.1.pom
2026-01-08 18:00:38,654 [Worker-67: Building] INFO  o.e.m.c.i.e.AbstractTransferListenerAdapter - Downloading https://repo.maven.apache.org/maven2/org/glassfish/jaxb/txw2/2.3.1/txw2-2.3.1.pom
2026-01-08 18:00:38,659 [Worker-67: Building] INFO  o.e.m.c.i.e.AbstractTransferListenerAdapter - Downloaded https://repo.maven.apache.org/maven2/org/glassfish/jaxb/txw2/2.3.1/txw2-2.3.1.pom
2026-01-08 18:00:38,727 [Worker-67: Building] INFO  o.e.m.c.i.e.AbstractTransferListenerAdapter - Downloading https://repo.maven.apache.org/maven2/com/sun/xml/bind/mvn/jaxb-txw-parent/2.3.1/jaxb-txw-parent-2.3.1.pom
2026-01-08 18:00:38,731 [Worker-67: Building] INFO  o.e.m.c.i.e.AbstractTransferListenerAdapter - Downloaded https://repo.maven.apache.org/maven2/com/sun/xml/bind/mvn/jaxb-txw-parent/2.3.1/jaxb-txw-parent-2.3.1.pom
2026-01-08 18:00:38,775 [Worker-67: Building] INFO  o.e.m.c.i.e.AbstractTransferListenerAdapter - Downloading https://repo.maven.apache.org/maven2/com/sun/istack/istack-commons-runtime/3.0.7/istack-commons-runtime-3.0.7.pom
2026-01-08 18:00:38,778 [Worker-67: Building] INFO  o.e.m.c.i.e.AbstractTransferListenerAdapter - Downloaded https://repo.maven.apache.org/maven2/com/sun/istack/istack-commons-runtime/3.0.7/istack-commons-runtime-3.0.7.pom
2026-01-08 18:00:38,822 [Worker-67: Building] INFO  o.e.m.c.i.e.AbstractTransferListenerAdapter - Downloading https://repo.maven.apache.org/maven2/com/sun/istack/istack-commons/3.0.7/istack-commons-3.0.7.pom
2026-01-08 18:00:38,825 [Worker-67: Building] INFO  o.e.m.c.i.e.AbstractTransferListenerAdapter - Downloaded https://repo.maven.apache.org/maven2/com/sun/istack/istack-commons/3.0.7/istack-commons-3.0.7.pom
2026-01-08 18:00:38,876 [Worker-67: Building] INFO  o.e.m.c.i.e.AbstractTransferListenerAdapter - Downloading https://repo.maven.apache.org/maven2/org/jvnet/staxex/stax-ex/1.8/stax-ex-1.8.pom
2026-01-08 18:00:38,879 [Worker-67: Building] INFO  o.e.m.c.i.e.AbstractTransferListenerAdapter - Downloaded https://repo.maven.apache.org/maven2/org/jvnet/staxex/stax-ex/1.8/stax-ex-1.8.pom
2026-01-08 18:00:38,921 [Worker-67: Building] INFO  o.e.m.c.i.e.AbstractTransferListenerAdapter - Downloading https://repo.maven.apache.org/maven2/com/sun/xml/fastinfoset/FastInfoset/1.2.15/FastInfoset-1.2.15.pom
2026-01-08 18:00:38,925 [Worker-67: Building] INFO  o.e.m.c.i.e.AbstractTransferListenerAdapter - Downloaded https://repo.maven.apache.org/maven2/com/sun/xml/fastinfoset/FastInfoset/1.2.15/FastInfoset-1.2.15.pom
2026-01-08 18:00:38,973 [Worker-67: Building] INFO  o.e.m.c.i.e.AbstractTransferListenerAdapter - Downloading https://repo.maven.apache.org/maven2/com/sun/xml/fastinfoset/fastinfoset-project/1.2.15/fastinfoset-project-1.2.15.pom
2026-01-08 18:00:38,978 [Worker-67: Building] INFO  o.e.m.c.i.e.AbstractTransferListenerAdapter - Downloaded https://repo.maven.apache.org/maven2/com/sun/xml/fastinfoset/fastinfoset-project/1.2.15/fastinfoset-project-1.2.15.pom
2026-01-08 18:00:39,042 [Worker-67: Building] INFO  o.e.m.c.i.e.AbstractTransferListenerAdapter - Downloading https://repo.maven.apache.org/maven2/org/hibernate/hibernate-core/5.6.15.Final/hibernate-core-5.6.15.Final.jar
2026-01-08 18:00:39,253 [Worker-67: Building] INFO  o.e.m.c.i.e.AbstractTransferListenerAdapter - Downloaded https://repo.maven.apache.org/maven2/org/hibernate/hibernate-core/5.6.15.Final/hibernate-core-5.6.15.Final.jar
2026-01-08 18:00:39,298 [BasicRepositoryConnector-repo.maven.apache.org-1-0] INFO  o.e.m.c.i.e.AbstractTransferListenerAdapter - Downloading https://repo.maven.apache.org/maven2/org/jboss/logging/jboss-logging/3.4.3.Final/jboss-logging-3.4.3.Final.jar
2026-01-08 18:00:39,306 [BasicRepositoryConnector-repo.maven.apache.org-1-0] INFO  o.e.m.c.i.e.AbstractTransferListenerAdapter - Downloaded https://repo.maven.apache.org/maven2/org/jboss/logging/jboss-logging/3.4.3.Final/jboss-logging-3.4.3.Final.jar
2026-01-08 18:00:39,340 [BasicRepositoryConnector-repo.maven.apache.org-1-1] INFO  o.e.m.c.i.e.AbstractTransferListenerAdapter - Downloading https://repo.maven.apache.org/maven2/javax/persistence/javax.persistence-api/2.2/javax.persistence-api-2.2.jar
2026-01-08 18:00:39,342 [BasicRepositoryConnector-repo.maven.apache.org-1-2] INFO  o.e.m.c.i.e.AbstractTransferListenerAdapter - Downloading https://repo.maven.apache.org/maven2/net/bytebuddy/byte-buddy/1.12.18/byte-buddy-1.12.18.jar
2026-01-08 18:00:39,346 [BasicRepositoryConnector-repo.maven.apache.org-1-0] INFO  o.e.m.c.i.e.AbstractTransferListenerAdapter - Downloading https://repo.maven.apache.org/maven2/org/jboss/jandex/2.4.2.Final/jandex-2.4.2.Final.jar
2026-01-08 18:00:39,352 [BasicRepositoryConnector-repo.maven.apache.org-1-0] INFO  o.e.m.c.i.e.AbstractTransferListenerAdapter - Downloaded https://repo.maven.apache.org/maven2/org/jboss/jandex/2.4.2.Final/jandex-2.4.2.Final.jar
2026-01-08 18:00:39,357 [BasicRepositoryConnector-repo.maven.apache.org-1-3] INFO  o.e.m.c.i.e.AbstractTransferListenerAdapter - Downloading https://repo.maven.apache.org/maven2/antlr/antlr/2.7.7/antlr-2.7.7.jar
2026-01-08 18:00:39,358 [BasicRepositoryConnector-repo.maven.apache.org-1-4] INFO  o.e.m.c.i.e.AbstractTransferListenerAdapter - Downloading https://repo.maven.apache.org/maven2/org/jboss/spec/javax/transaction/jboss-transaction-api_1.2_spec/1.1.1.Final/jboss-transaction-api_1.2_spec-1.1.1.Final.jar
2026-01-08 18:00:39,361 [BasicRepositoryConnector-repo.maven.apache.org-1-1] INFO  o.e.m.c.i.e.AbstractTransferListenerAdapter - Downloaded https://repo.maven.apache.org/maven2/javax/persistence/javax.persistence-api/2.2/javax.persistence-api-2.2.jar
2026-01-08 18:00:39,362 [BasicRepositoryConnector-repo.maven.apache.org-1-4] INFO  o.e.m.c.i.e.AbstractTransferListenerAdapter - Downloaded https://repo.maven.apache.org/maven2/org/jboss/spec/javax/transaction/jboss-transaction-api_1.2_spec/1.1.1.Final/jboss-transaction-api_1.2_spec-1.1.1.Final.jar
2026-01-08 18:00:39,399 [BasicRepositoryConnector-repo.maven.apache.org-1-0] INFO  o.e.m.c.i.e.AbstractTransferListenerAdapter - Downloading https://repo.maven.apache.org/maven2/com/fasterxml/classmate/1.5.1/classmate-1.5.1.jar
2026-01-08 18:00:39,403 [BasicRepositoryConnector-repo.maven.apache.org-1-4] INFO  o.e.m.c.i.e.AbstractTransferListenerAdapter - Downloading https://repo.maven.apache.org/maven2/org/glassfish/jaxb/jaxb-runtime/2.3.1/jaxb-runtime-2.3.1.jar
2026-01-08 18:00:39,404 [BasicRepositoryConnector-repo.maven.apache.org-1-0] INFO  o.e.m.c.i.e.AbstractTransferListenerAdapter - Downloaded https://repo.maven.apache.org/maven2/com/fasterxml/classmate/1.5.1/classmate-1.5.1.jar
2026-01-08 18:00:39,407 [BasicRepositoryConnector-repo.maven.apache.org-1-1] INFO  o.e.m.c.i.e.AbstractTransferListenerAdapter - Downloading https://repo.maven.apache.org/maven2/org/hibernate/common/hibernate-commons-annotations/5.1.2.Final/hibernate-commons-annotations-5.1.2.Final.jar
2026-01-08 18:00:39,409 [BasicRepositoryConnector-repo.maven.apache.org-1-3] INFO  o.e.m.c.i.e.AbstractTransferListenerAdapter - Downloaded https://repo.maven.apache.org/maven2/antlr/antlr/2.7.7/antlr-2.7.7.jar
2026-01-08 18:00:39,430 [BasicRepositoryConnector-repo.maven.apache.org-1-1] INFO  o.e.m.c.i.e.AbstractTransferListenerAdapter - Downloaded https://repo.maven.apache.org/maven2/org/hibernate/common/hibernate-commons-annotations/5.1.2.Final/hibernate-commons-annotations-5.1.2.Final.jar
2026-01-08 18:00:39,446 [BasicRepositoryConnector-repo.maven.apache.org-1-0] INFO  o.e.m.c.i.e.AbstractTransferListenerAdapter - Downloading https://repo.maven.apache.org/maven2/org/glassfish/jaxb/txw2/2.3.1/txw2-2.3.1.jar
2026-01-08 18:00:39,449 [BasicRepositoryConnector-repo.maven.apache.org-1-0] INFO  o.e.m.c.i.e.AbstractTransferListenerAdapter - Downloaded https://repo.maven.apache.org/maven2/org/glassfish/jaxb/txw2/2.3.1/txw2-2.3.1.jar
2026-01-08 18:00:39,453 [BasicRepositoryConnector-repo.maven.apache.org-1-3] INFO  o.e.m.c.i.e.AbstractTransferListenerAdapter - Downloading https://repo.maven.apache.org/maven2/com/sun/istack/istack-commons-runtime/3.0.7/istack-commons-runtime-3.0.7.jar
2026-01-08 18:00:39,457 [BasicRepositoryConnector-repo.maven.apache.org-1-3] INFO  o.e.m.c.i.e.AbstractTransferListenerAdapter - Downloaded https://repo.maven.apache.org/maven2/com/sun/istack/istack-commons-runtime/3.0.7/istack-commons-runtime-3.0.7.jar
2026-01-08 18:00:39,461 [BasicRepositoryConnector-repo.maven.apache.org-1-4] INFO  o.e.m.c.i.e.AbstractTransferListenerAdapter - Downloaded https://repo.maven.apache.org/maven2/org/glassfish/jaxb/jaxb-runtime/2.3.1/jaxb-runtime-2.3.1.jar
2026-01-08 18:00:39,474 [BasicRepositoryConnector-repo.maven.apache.org-1-1] INFO  o.e.m.c.i.e.AbstractTransferListenerAdapter - Downloading https://repo.maven.apache.org/maven2/org/jvnet/staxex/stax-ex/1.8/stax-ex-1.8.jar
2026-01-08 18:00:39,478 [BasicRepositoryConnector-repo.maven.apache.org-1-1] INFO  o.e.m.c.i.e.AbstractTransferListenerAdapter - Downloaded https://repo.maven.apache.org/maven2/org/jvnet/staxex/stax-ex/1.8/stax-ex-1.8.jar
2026-01-08 18:00:39,485 [BasicRepositoryConnector-repo.maven.apache.org-1-2] INFO  o.e.m.c.i.e.AbstractTransferListenerAdapter - Downloaded https://repo.maven.apache.org/maven2/net/bytebuddy/byte-buddy/1.12.18/byte-buddy-1.12.18.jar
2026-01-08 18:00:39,497 [BasicRepositoryConnector-repo.maven.apache.org-1-0] INFO  o.e.m.c.i.e.AbstractTransferListenerAdapter - Downloading https://repo.maven.apache.org/maven2/com/sun/xml/fastinfoset/FastInfoset/1.2.15/FastInfoset-1.2.15.jar
2026-01-08 18:00:39,504 [BasicRepositoryConnector-repo.maven.apache.org-1-0] INFO  o.e.m.c.i.e.AbstractTransferListenerAdapter - Downloaded https://repo.maven.apache.org/maven2/com/sun/xml/fastinfoset/FastInfoset/1.2.15/FastInfoset-1.2.15.jar
2026-01-08 18:00:39,643 [Worker-67: Building] INFO  o.a.m.s.f.DefaultMavenResourcesFiltering - skip non existing resourceDirectory C:\Users\ctorleo571\Desktop\Proyectos\Tema2AD\Tema2AD\khibernate_v25\src\main\resources
2026-01-08 18:00:39,646 [Worker-67: Building] INFO  o.a.m.s.f.DefaultMavenResourcesFiltering - skip non existing resourceDirectory C:\Users\ctorleo571\Desktop\Proyectos\Tema2AD\Tema2AD\khibernate_v25\src\test\resources
2026-01-08 18:00:39,834 [Worker-67: Building] WARN  o.apache.maven.project.MavenProject - Direct modification of compileSourceRoots through clear() is deprecated and will not work in Maven 4.0.0. Please use the add/remove methods instead. If you're using a plugin that causes this warning, please upgrade to the latest version and report an issue if the warning persists. To disable these warnings, set -Dmaven.project.sourceRoots.warningsDisabled=true on the command line, in the .mvn/maven.config file, or in project POM properties.
2026-01-08 18:00:39,835 [Worker-67: Building] WARN  o.apache.maven.project.MavenProject - Direct modification of compileSourceRoots through add() is deprecated and will not work in Maven 4.0.0. Please use the add/remove methods instead. If you're using a plugin that causes this warning, please upgrade to the latest version and report an issue if the warning persists. To disable these warnings, set -Dmaven.project.sourceRoots.warningsDisabled=true on the command line, in the .mvn/maven.config file, or in project POM properties.
2026-01-08 18:00:39,835 [Worker-67: Building] WARN  o.apache.maven.project.MavenProject - Direct modification of testCompileSourceRoots through clear() is deprecated and will not work in Maven 4.0.0. Please use the add/remove methods instead. If you're using a plugin that causes this warning, please upgrade to the latest version and report an issue if the warning persists. To disable these warnings, set -Dmaven.project.sourceRoots.warningsDisabled=true on the command line, in the .mvn/maven.config file, or in project POM properties.
2026-01-08 18:00:39,836 [Worker-67: Building] WARN  o.apache.maven.project.MavenProject - Direct modification of testCompileSourceRoots through add() is deprecated and will not work in Maven 4.0.0. Please use the add/remove methods instead. If you're using a plugin that causes this warning, please upgrade to the latest version and report an issue if the warning persists. To disable these warnings, set -Dmaven.project.sourceRoots.warningsDisabled=true on the command line, in the .mvn/maven.config file, or in project POM properties.
2026-01-08 18:00:40,231 [Worker-67: Building] INFO  o.a.m.s.f.DefaultMavenResourcesFiltering - skip non existing resourceDirectory C:\Users\ctorleo571\Desktop\Proyectos\Tema2AD\Tema2AD\khibernate_v25\src\main\resources
2026-01-08 18:00:40,234 [Worker-67: Building] INFO  o.a.m.s.f.DefaultMavenResourcesFiltering - skip non existing resourceDirectory C:\Users\ctorleo571\Desktop\Proyectos\Tema2AD\Tema2AD\khibernate_v25\src\test\resources
2026-01-08 18:00:40,251 [Worker-67: Building] WARN  o.apache.maven.project.MavenProject - Direct modification of compileSourceRoots through clear() is deprecated and will not work in Maven 4.0.0. Please use the add/remove methods instead. If you're using a plugin that causes this warning, please upgrade to the latest version and report an issue if the warning persists. To disable these warnings, set -Dmaven.project.sourceRoots.warningsDisabled=true on the command line, in the .mvn/maven.config file, or in project POM properties.
2026-01-08 18:00:40,252 [Worker-67: Building] WARN  o.apache.maven.project.MavenProject - Direct modification of compileSourceRoots through add() is deprecated and will not work in Maven 4.0.0. Please use the add/remove methods instead. If you're using a plugin that causes this warning, please upgrade to the latest version and report an issue if the warning persists. To disable these warnings, set -Dmaven.project.sourceRoots.warningsDisabled=true on the command line, in the .mvn/maven.config file, or in project POM properties.
2026-01-08 18:00:40,253 [Worker-67: Building] WARN  o.apache.maven.project.MavenProject - Direct modification of testCompileSourceRoots through clear() is deprecated and will not work in Maven 4.0.0. Please use the add/remove methods instead. If you're using a plugin that causes this warning, please upgrade to the latest version and report an issue if the warning persists. To disable these warnings, set -Dmaven.project.sourceRoots.warningsDisabled=true on the command line, in the .mvn/maven.config file, or in project POM properties.
2026-01-08 18:00:40,254 [Worker-67: Building] WARN  o.apache.maven.project.MavenProject - Direct modification of testCompileSourceRoots through add() is deprecated and will not work in Maven 4.0.0. Please use the add/remove methods instead. If you're using a plugin that causes this warning, please upgrade to the latest version and report an issue if the warning persists. To disable these warnings, set -Dmaven.project.sourceRoots.warningsDisabled=true on the command line, in the .mvn/maven.config file, or in project POM properties.
2026-01-08 18:00:40,642 [Worker-67: Download sources and javadoc] INFO  o.e.m.c.i.e.AbstractTransferListenerAdapter - Downloading https://repo.maven.apache.org/maven2/org/hibernate/hibernate-core/5.6.15.Final/hibernate-core-5.6.15.Final-sources.jar
2026-01-08 18:00:40,808 [Worker-67: Download sources and javadoc] INFO  o.e.m.c.i.e.AbstractTransferListenerAdapter - Downloaded https://repo.maven.apache.org/maven2/org/hibernate/hibernate-core/5.6.15.Final/hibernate-core-5.6.15.Final-sources.jar
2026-01-08 18:00:40,812 [Worker-67: Download sources and javadoc] INFO  o.e.m.j.internal.DownloadSourcesJob - Downloaded sources for org.hibernate:hibernate-core:5.6.15.Final
2026-01-08 18:00:40,895 [Worker-67: Download sources and javadoc] INFO  o.e.m.c.i.e.AbstractTransferListenerAdapter - Downloading https://repo.maven.apache.org/maven2/org/jboss/logging/jboss-logging/3.4.3.Final/jboss-logging-3.4.3.Final-sources.jar
2026-01-08 18:00:40,899 [Worker-67: Download sources and javadoc] INFO  o.e.m.c.i.e.AbstractTransferListenerAdapter - Downloaded https://repo.maven.apache.org/maven2/org/jboss/logging/jboss-logging/3.4.3.Final/jboss-logging-3.4.3.Final-sources.jar
2026-01-08 18:00:40,901 [Worker-67: Download sources and javadoc] INFO  o.e.m.j.internal.DownloadSourcesJob - Downloaded sources for org.jboss.logging:jboss-logging:3.4.3.Final
2026-01-08 18:00:41,028 [Worker-67: Download sources and javadoc] INFO  o.e.m.c.i.e.AbstractTransferListenerAdapter - Downloading https://repo.maven.apache.org/maven2/javax/persistence/javax.persistence-api/2.2/javax.persistence-api-2.2-sources.jar
2026-01-08 18:00:41,072 [Worker-67: Download sources and javadoc] INFO  o.e.m.c.i.e.AbstractTransferListenerAdapter - Downloaded https://repo.maven.apache.org/maven2/javax/persistence/javax.persistence-api/2.2/javax.persistence-api-2.2-sources.jar
2026-01-08 18:00:41,075 [Worker-67: Download sources and javadoc] INFO  o.e.m.j.internal.DownloadSourcesJob - Downloaded sources for javax.persistence:javax.persistence-api:2.2
2026-01-08 18:00:41,168 [Worker-67: Download sources and javadoc] INFO  o.e.m.c.i.e.AbstractTransferListenerAdapter - Downloading https://repo.maven.apache.org/maven2/net/bytebuddy/byte-buddy/1.12.18/byte-buddy-1.12.18-sources.jar
2026-01-08 18:00:41,252 [Worker-67: Download sources and javadoc] INFO  o.e.m.c.i.e.AbstractTransferListenerAdapter - Downloaded https://repo.maven.apache.org/maven2/net/bytebuddy/byte-buddy/1.12.18/byte-buddy-1.12.18-sources.jar
2026-01-08 18:00:41,255 [Worker-67: Download sources and javadoc] INFO  o.e.m.j.internal.DownloadSourcesJob - Downloaded sources for net.bytebuddy:byte-buddy:1.12.18
2026-01-08 18:00:41,338 [Worker-67: Download sources and javadoc] INFO  o.e.m.c.i.e.AbstractTransferListenerAdapter - Downloaded https://repo.maven.apache.org/maven2/antlr/antlr/2.7.7/antlr-2.7.7-sources.jar
2026-01-08 18:00:41,341 [Worker-67: Download sources and javadoc] ERROR o.e.m.j.internal.DownloadSourcesJob - Could not download sources for antlr:antlr:2.7.7
org.eclipse.core.runtime.CoreException: Could not resolve artifact antlr:antlr:jar:sources:2.7.7
	at org.eclipse.m2e.core.internal.embedder.MavenImpl.lambda$7(MavenImpl.java:540)
	at org.eclipse.m2e.core.internal.embedder.MavenExecutionContext.executeBare(MavenExecutionContext.java:458)
	at org.eclipse.m2e.core.internal.embedder.MavenExecutionContext.execute(MavenExecutionContext.java:292)
	at org.eclipse.m2e.core.internal.embedder.MavenExecutionContext.execute(MavenExecutionContext.java:278)
	at org.eclipse.m2e.core.internal.embedder.MavenImpl.resolve(MavenImpl.java:509)
	at org.eclipse.m2e.core.internal.embedder.MavenImpl.resolve(MavenImpl.java:494)
	at org.eclipse.m2e.jdt.internal.DownloadSourcesJob.download(DownloadSourcesJob.java:308)
	at org.eclipse.m2e.jdt.internal.DownloadSourcesJob.downloadAttachments(DownloadSourcesJob.java:282)
	at org.eclipse.m2e.jdt.internal.DownloadSourcesJob.downloadMaven(DownloadSourcesJob.java:252)
	at org.eclipse.m2e.jdt.internal.DownloadSourcesJob.downloadFilesAndPopulateToUpdate(DownloadSourcesJob.java:220)
	at org.eclipse.m2e.jdt.internal.DownloadSourcesJob.lambda$0(DownloadSourcesJob.java:149)
	at org.eclipse.m2e.core.internal.embedder.MavenExecutionContext.executeBare(MavenExecutionContext.java:458)
	at org.eclipse.m2e.core.internal.embedder.MavenExecutionContext.execute(MavenExecutionContext.java:339)
	at org.eclipse.m2e.core.internal.embedder.MavenExecutionContext.execute(MavenExecutionContext.java:278)
	at org.eclipse.m2e.core.embedder.IMaven.execute(IMaven.java:300)
	at org.eclipse.m2e.jdt.internal.DownloadSourcesJob.run(DownloadSourcesJob.java:149)
	at org.eclipse.core.internal.jobs.Worker.run(Worker.java:63)
2026-01-08 18:00:41,424 [Worker-67: Download sources and javadoc] INFO  o.e.m.c.i.e.AbstractTransferListenerAdapter - Downloading https://repo.maven.apache.org/maven2/org/jboss/spec/javax/transaction/jboss-transaction-api_1.2_spec/1.1.1.Final/jboss-transaction-api_1.2_spec-1.1.1.Final-sources.jar
2026-01-08 18:00:41,427 [Worker-67: Download sources and javadoc] INFO  o.e.m.c.i.e.AbstractTransferListenerAdapter - Downloaded https://repo.maven.apache.org/maven2/org/jboss/spec/javax/transaction/jboss-transaction-api_1.2_spec/1.1.1.Final/jboss-transaction-api_1.2_spec-1.1.1.Final-sources.jar
2026-01-08 18:00:41,429 [Worker-67: Download sources and javadoc] INFO  o.e.m.j.internal.DownloadSourcesJob - Downloaded sources for org.jboss.spec.javax.transaction:jboss-transaction-api_1.2_spec:1.1.1.Final
2026-01-08 18:00:41,510 [Worker-67: Download sources and javadoc] INFO  o.e.m.c.i.e.AbstractTransferListenerAdapter - Downloading https://repo.maven.apache.org/maven2/org/jboss/jandex/2.4.2.Final/jandex-2.4.2.Final-sources.jar
2026-01-08 18:00:41,542 [Worker-67: Download sources and javadoc] INFO  o.e.m.c.i.e.AbstractTransferListenerAdapter - Downloaded https://repo.maven.apache.org/maven2/org/jboss/jandex/2.4.2.Final/jandex-2.4.2.Final-sources.jar
2026-01-08 18:00:41,544 [Worker-67: Download sources and javadoc] INFO  o.e.m.j.internal.DownloadSourcesJob - Downloaded sources for org.jboss:jandex:2.4.2.Final
2026-01-08 18:00:41,632 [Worker-67: Download sources and javadoc] INFO  o.e.m.c.i.e.AbstractTransferListenerAdapter - Downloading https://repo.maven.apache.org/maven2/com/fasterxml/classmate/1.5.1/classmate-1.5.1-sources.jar
2026-01-08 18:00:41,635 [Worker-67: Download sources and javadoc] INFO  o.e.m.c.i.e.AbstractTransferListenerAdapter - Downloaded https://repo.maven.apache.org/maven2/com/fasterxml/classmate/1.5.1/classmate-1.5.1-sources.jar
2026-01-08 18:00:41,638 [Worker-67: Download sources and javadoc] INFO  o.e.m.j.internal.DownloadSourcesJob - Downloaded sources for com.fasterxml:classmate:1.5.1
2026-01-08 18:00:41,727 [Worker-67: Download sources and javadoc] INFO  o.e.m.c.i.e.AbstractTransferListenerAdapter - Downloading https://repo.maven.apache.org/maven2/javax/activation/javax.activation-api/1.2.0/javax.activation-api-1.2.0-sources.jar
2026-01-08 18:00:41,744 [Worker-67: Download sources and javadoc] INFO  o.e.m.c.i.e.AbstractTransferListenerAdapter - Downloaded https://repo.maven.apache.org/maven2/javax/activation/javax.activation-api/1.2.0/javax.activation-api-1.2.0-sources.jar
2026-01-08 18:00:41,746 [Worker-67: Download sources and javadoc] INFO  o.e.m.j.internal.DownloadSourcesJob - Downloaded sources for javax.activation:javax.activation-api:1.2.0
2026-01-08 18:00:41,848 [Worker-67: Download sources and javadoc] INFO  o.e.m.c.i.e.AbstractTransferListenerAdapter - Downloading https://repo.maven.apache.org/maven2/org/hibernate/common/hibernate-commons-annotations/5.1.2.Final/hibernate-commons-annotations-5.1.2.Final-sources.jar
2026-01-08 18:00:41,851 [Worker-67: Download sources and javadoc] INFO  o.e.m.c.i.e.AbstractTransferListenerAdapter - Downloaded https://repo.maven.apache.org/maven2/org/hibernate/common/hibernate-commons-annotations/5.1.2.Final/hibernate-commons-annotations-5.1.2.Final-sources.jar
2026-01-08 18:00:41,853 [Worker-67: Download sources and javadoc] INFO  o.e.m.j.internal.DownloadSourcesJob - Downloaded sources for org.hibernate.common:hibernate-commons-annotations:5.1.2.Final
2026-01-08 18:00:41,941 [Worker-67: Download sources and javadoc] INFO  o.e.m.c.i.e.AbstractTransferListenerAdapter - Downloading https://repo.maven.apache.org/maven2/javax/xml/bind/jaxb-api/2.3.1/jaxb-api-2.3.1-sources.jar
2026-01-08 18:00:41,988 [Worker-67: Download sources and javadoc] INFO  o.e.m.c.i.e.AbstractTransferListenerAdapter - Downloaded https://repo.maven.apache.org/maven2/javax/xml/bind/jaxb-api/2.3.1/jaxb-api-2.3.1-sources.jar
2026-01-08 18:00:41,991 [Worker-67: Download sources and javadoc] INFO  o.e.m.j.internal.DownloadSourcesJob - Downloaded sources for javax.xml.bind:jaxb-api:2.3.1
2026-01-08 18:00:42,094 [Worker-67: Download sources and javadoc] INFO  o.e.m.c.i.e.AbstractTransferListenerAdapter - Downloading https://repo.maven.apache.org/maven2/org/glassfish/jaxb/jaxb-runtime/2.3.1/jaxb-runtime-2.3.1-sources.jar
2026-01-08 18:00:42,170 [Worker-67: Download sources and javadoc] INFO  o.e.m.c.i.e.AbstractTransferListenerAdapter - Downloaded https://repo.maven.apache.org/maven2/org/glassfish/jaxb/jaxb-runtime/2.3.1/jaxb-runtime-2.3.1-sources.jar
2026-01-08 18:00:42,172 [Worker-67: Download sources and javadoc] INFO  o.e.m.j.internal.DownloadSourcesJob - Downloaded sources for org.glassfish.jaxb:jaxb-runtime:2.3.1
2026-01-08 18:00:42,278 [Worker-67: Download sources and javadoc] INFO  o.e.m.c.i.e.AbstractTransferListenerAdapter - Downloading https://repo.maven.apache.org/maven2/org/glassfish/jaxb/txw2/2.3.1/txw2-2.3.1-sources.jar
2026-01-08 18:00:42,294 [Worker-67: Download sources and javadoc] INFO  o.e.m.c.i.e.AbstractTransferListenerAdapter - Downloaded https://repo.maven.apache.org/maven2/org/glassfish/jaxb/txw2/2.3.1/txw2-2.3.1-sources.jar
2026-01-08 18:00:42,297 [Worker-67: Download sources and javadoc] INFO  o.e.m.j.internal.DownloadSourcesJob - Downloaded sources for org.glassfish.jaxb:txw2:2.3.1
2026-01-08 18:00:42,394 [Worker-67: Download sources and javadoc] INFO  o.e.m.c.i.e.AbstractTransferListenerAdapter - Downloading https://repo.maven.apache.org/maven2/com/sun/istack/istack-commons-runtime/3.0.7/istack-commons-runtime-3.0.7-sources.jar
2026-01-08 18:00:42,397 [Worker-67: Download sources and javadoc] INFO  o.e.m.c.i.e.AbstractTransferListenerAdapter - Downloaded https://repo.maven.apache.org/maven2/com/sun/istack/istack-commons-runtime/3.0.7/istack-commons-runtime-3.0.7-sources.jar
2026-01-08 18:00:42,399 [Worker-67: Download sources and javadoc] INFO  o.e.m.j.internal.DownloadSourcesJob - Downloaded sources for com.sun.istack:istack-commons-runtime:3.0.7
2026-01-08 18:00:42,474 [Worker-67: Download sources and javadoc] INFO  o.e.m.c.i.e.AbstractTransferListenerAdapter - Downloading https://repo.maven.apache.org/maven2/org/jvnet/staxex/stax-ex/1.8/stax-ex-1.8-sources.jar
2026-01-08 18:00:42,477 [Worker-67: Download sources and javadoc] INFO  o.e.m.c.i.e.AbstractTransferListenerAdapter - Downloaded https://repo.maven.apache.org/maven2/org/jvnet/staxex/stax-ex/1.8/stax-ex-1.8-sources.jar
2026-01-08 18:00:42,480 [Worker-67: Download sources and javadoc] INFO  o.e.m.j.internal.DownloadSourcesJob - Downloaded sources for org.jvnet.staxex:stax-ex:1.8
2026-01-08 18:00:42,575 [Worker-67: Download sources and javadoc] INFO  o.e.m.c.i.e.AbstractTransferListenerAdapter - Downloading https://repo.maven.apache.org/maven2/com/sun/xml/fastinfoset/FastInfoset/1.2.15/FastInfoset-1.2.15-sources.jar
2026-01-08 18:00:42,607 [Worker-67: Download sources and javadoc] INFO  o.e.m.c.i.e.AbstractTransferListenerAdapter - Downloaded https://repo.maven.apache.org/maven2/com/sun/xml/fastinfoset/FastInfoset/1.2.15/FastInfoset-1.2.15-sources.jar
2026-01-08 18:00:42,609 [Worker-67: Download sources and javadoc] INFO  o.e.m.j.internal.DownloadSourcesJob - Downloaded sources for com.sun.xml.fastinfoset:FastInfoset:1.2.15
2026-01-08 18:02:13,934 [Worker-67: Building] INFO  o.a.m.s.f.DefaultMavenResourcesFiltering - skip non existing resourceDirectory C:\Users\ctorleo571\Desktop\Proyectos\Tema2AD\Tema2AD\khibernate_v25\src\main\resources
2026-01-08 18:02:13,936 [Worker-67: Building] INFO  o.a.m.s.f.DefaultMavenResourcesFiltering - skip non existing resourceDirectory C:\Users\ctorleo571\Desktop\Proyectos\Tema2AD\Tema2AD\khibernate_v25\src\test\resources
2026-01-08 18:02:13,937 [Worker-67: Building] WARN  o.apache.maven.project.MavenProject - Direct modification of compileSourceRoots through clear() is deprecated and will not work in Maven 4.0.0. Please use the add/remove methods instead. If you're using a plugin that causes this warning, please upgrade to the latest version and report an issue if the warning persists. To disable these warnings, set -Dmaven.project.sourceRoots.warningsDisabled=true on the command line, in the .mvn/maven.config file, or in project POM properties.
2026-01-08 18:02:13,937 [Worker-67: Building] WARN  o.apache.maven.project.MavenProject - Direct modification of compileSourceRoots through add() is deprecated and will not work in Maven 4.0.0. Please use the add/remove methods instead. If you're using a plugin that causes this warning, please upgrade to the latest version and report an issue if the warning persists. To disable these warnings, set -Dmaven.project.sourceRoots.warningsDisabled=true on the command line, in the .mvn/maven.config file, or in project POM properties.
2026-01-08 18:02:13,938 [Worker-67: Building] WARN  o.apache.maven.project.MavenProject - Direct modification of testCompileSourceRoots through clear() is deprecated and will not work in Maven 4.0.0. Please use the add/remove methods instead. If you're using a plugin that causes this warning, please upgrade to the latest version and report an issue if the warning persists. To disable these warnings, set -Dmaven.project.sourceRoots.warningsDisabled=true on the command line, in the .mvn/maven.config file, or in project POM properties.
2026-01-08 18:02:13,938 [Worker-67: Building] WARN  o.apache.maven.project.MavenProject - Direct modification of testCompileSourceRoots through add() is deprecated and will not work in Maven 4.0.0. Please use the add/remove methods instead. If you're using a plugin that causes this warning, please upgrade to the latest version and report an issue if the warning persists. To disable these warnings, set -Dmaven.project.sourceRoots.warningsDisabled=true on the command line, in the .mvn/maven.config file, or in project POM properties.
2026-01-08 18:02:21,985 [Worker-63: Building] INFO  o.a.m.s.f.DefaultMavenResourcesFiltering - skip non existing resourceDirectory C:\Users\ctorleo571\Desktop\Proyectos\Tema2AD\Tema2AD\khibernate_v25\src\main\resources
2026-01-08 18:02:21,987 [Worker-63: Building] INFO  o.a.m.s.f.DefaultMavenResourcesFiltering - skip non existing resourceDirectory C:\Users\ctorleo571\Desktop\Proyectos\Tema2AD\Tema2AD\khibernate_v25\src\test\resources
2026-01-08 18:02:21,987 [Worker-63: Building] WARN  o.apache.maven.project.MavenProject - Direct modification of compileSourceRoots through clear() is deprecated and will not work in Maven 4.0.0. Please use the add/remove methods instead. If you're using a plugin that causes this warning, please upgrade to the latest version and report an issue if the warning persists. To disable these warnings, set -Dmaven.project.sourceRoots.warningsDisabled=true on the command line, in the .mvn/maven.config file, or in project POM properties.
2026-01-08 18:02:21,988 [Worker-63: Building] WARN  o.apache.maven.project.MavenProject - Direct modification of compileSourceRoots through add() is deprecated and will not work in Maven 4.0.0. Please use the add/remove methods instead. If you're using a plugin that causes this warning, please upgrade to the latest version and report an issue if the warning persists. To disable these warnings, set -Dmaven.project.sourceRoots.warningsDisabled=true on the command line, in the .mvn/maven.config file, or in project POM properties.
2026-01-08 18:02:21,988 [Worker-63: Building] WARN  o.apache.maven.project.MavenProject - Direct modification of testCompileSourceRoots through clear() is deprecated and will not work in Maven 4.0.0. Please use the add/remove methods instead. If you're using a plugin that causes this warning, please upgrade to the latest version and report an issue if the warning persists. To disable these warnings, set -Dmaven.project.sourceRoots.warningsDisabled=true on the command line, in the .mvn/maven.config file, or in project POM properties.
2026-01-08 18:02:21,989 [Worker-63: Building] WARN  o.apache.maven.project.MavenProject - Direct modification of testCompileSourceRoots through add() is deprecated and will not work in Maven 4.0.0. Please use the add/remove methods instead. If you're using a plugin that causes this warning, please upgrade to the latest version and report an issue if the warning persists. To disable these warnings, set -Dmaven.project.sourceRoots.warningsDisabled=true on the command line, in the .mvn/maven.config file, or in project POM properties.
2026-01-08 18:02:56,262 [Worker-63: Building] INFO  o.a.m.s.f.DefaultMavenResourcesFiltering - skip non existing resourceDirectory C:\Users\ctorleo571\Desktop\Proyectos\Tema2AD\Tema2AD\khibernate_v25\src\main\resources
2026-01-08 18:02:56,263 [Worker-63: Building] INFO  o.a.m.s.f.DefaultMavenResourcesFiltering - skip non existing resourceDirectory C:\Users\ctorleo571\Desktop\Proyectos\Tema2AD\Tema2AD\khibernate_v25\src\test\resources
2026-01-08 18:02:56,264 [Worker-63: Building] WARN  o.apache.maven.project.MavenProject - Direct modification of compileSourceRoots through clear() is deprecated and will not work in Maven 4.0.0. Please use the add/remove methods instead. If you're using a plugin that causes this warning, please upgrade to the latest version and report an issue if the warning persists. To disable these warnings, set -Dmaven.project.sourceRoots.warningsDisabled=true on the command line, in the .mvn/maven.config file, or in project POM properties.
2026-01-08 18:02:56,264 [Worker-63: Building] WARN  o.apache.maven.project.MavenProject - Direct modification of compileSourceRoots through add() is deprecated and will not work in Maven 4.0.0. Please use the add/remove methods instead. If you're using a plugin that causes this warning, please upgrade to the latest version and report an issue if the warning persists. To disable these warnings, set -Dmaven.project.sourceRoots.warningsDisabled=true on the command line, in the .mvn/maven.config file, or in project POM properties.
2026-01-08 18:02:56,265 [Worker-63: Building] WARN  o.apache.maven.project.MavenProject - Direct modification of testCompileSourceRoots through clear() is deprecated and will not work in Maven 4.0.0. Please use the add/remove methods instead. If you're using a plugin that causes this warning, please upgrade to the latest version and report an issue if the warning persists. To disable these warnings, set -Dmaven.project.sourceRoots.warningsDisabled=true on the command line, in the .mvn/maven.config file, or in project POM properties.
2026-01-08 18:02:56,265 [Worker-63: Building] WARN  o.apache.maven.project.MavenProject - Direct modification of testCompileSourceRoots through add() is deprecated and will not work in Maven 4.0.0. Please use the add/remove methods instead. If you're using a plugin that causes this warning, please upgrade to the latest version and report an issue if the warning persists. To disable these warnings, set -Dmaven.project.sourceRoots.warningsDisabled=true on the command line, in the .mvn/maven.config file, or in project POM properties.
2026-01-08 18:02:57,977 [Worker-68: Building] INFO  o.a.m.s.f.DefaultMavenResourcesFiltering - skip non existing resourceDirectory C:\Users\ctorleo571\Desktop\Proyectos\Tema2AD\Tema2AD\khibernate_v25\src\main\resources
2026-01-08 18:02:57,979 [Worker-68: Building] INFO  o.a.m.s.f.DefaultMavenResourcesFiltering - skip non existing resourceDirectory C:\Users\ctorleo571\Desktop\Proyectos\Tema2AD\Tema2AD\khibernate_v25\src\test\resources
2026-01-08 18:02:57,980 [Worker-68: Building] WARN  o.apache.maven.project.MavenProject - Direct modification of compileSourceRoots through clear() is deprecated and will not work in Maven 4.0.0. Please use the add/remove methods instead. If you're using a plugin that causes this warning, please upgrade to the latest version and report an issue if the warning persists. To disable these warnings, set -Dmaven.project.sourceRoots.warningsDisabled=true on the command line, in the .mvn/maven.config file, or in project POM properties.
2026-01-08 18:02:57,980 [Worker-68: Building] WARN  o.apache.maven.project.MavenProject - Direct modification of compileSourceRoots through add() is deprecated and will not work in Maven 4.0.0. Please use the add/remove methods instead. If you're using a plugin that causes this warning, please upgrade to the latest version and report an issue if the warning persists. To disable these warnings, set -Dmaven.project.sourceRoots.warningsDisabled=true on the command line, in the .mvn/maven.config file, or in project POM properties.
2026-01-08 18:02:57,981 [Worker-68: Building] WARN  o.apache.maven.project.MavenProject - Direct modification of testCompileSourceRoots through clear() is deprecated and will not work in Maven 4.0.0. Please use the add/remove methods instead. If you're using a plugin that causes this warning, please upgrade to the latest version and report an issue if the warning persists. To disable these warnings, set -Dmaven.project.sourceRoots.warningsDisabled=true on the command line, in the .mvn/maven.config file, or in project POM properties.
2026-01-08 18:02:57,981 [Worker-68: Building] WARN  o.apache.maven.project.MavenProject - Direct modification of testCompileSourceRoots through add() is deprecated and will not work in Maven 4.0.0. Please use the add/remove methods instead. If you're using a plugin that causes this warning, please upgrade to the latest version and report an issue if the warning persists. To disable these warnings, set -Dmaven.project.sourceRoots.warningsDisabled=true on the command line, in the .mvn/maven.config file, or in project POM properties.
2026-01-08 18:03:48,855 [Worker-67: Building] INFO  o.a.m.s.f.DefaultMavenResourcesFiltering - skip non existing resourceDirectory C:\Users\ctorleo571\Desktop\Proyectos\Tema2AD\Tema2AD\khibernate_v25\src\main\resources
2026-01-08 18:03:48,857 [Worker-67: Building] INFO  o.a.m.s.f.DefaultMavenResourcesFiltering - skip non existing resourceDirectory C:\Users\ctorleo571\Desktop\Proyectos\Tema2AD\Tema2AD\khibernate_v25\src\test\resources
2026-01-08 18:03:48,858 [Worker-67: Building] WARN  o.apache.maven.project.MavenProject - Direct modification of compileSourceRoots through clear() is deprecated and will not work in Maven 4.0.0. Please use the add/remove methods instead. If you're using a plugin that causes this warning, please upgrade to the latest version and report an issue if the warning persists. To disable these warnings, set -Dmaven.project.sourceRoots.warningsDisabled=true on the command line, in the .mvn/maven.config file, or in project POM properties.
2026-01-08 18:03:48,859 [Worker-67: Building] WARN  o.apache.maven.project.MavenProject - Direct modification of compileSourceRoots through add() is deprecated and will not work in Maven 4.0.0. Please use the add/remove methods instead. If you're using a plugin that causes this warning, please upgrade to the latest version and report an issue if the warning persists. To disable these warnings, set -Dmaven.project.sourceRoots.warningsDisabled=true on the command line, in the .mvn/maven.config file, or in project POM properties.
2026-01-08 18:03:48,859 [Worker-67: Building] WARN  o.apache.maven.project.MavenProject - Direct modification of testCompileSourceRoots through clear() is deprecated and will not work in Maven 4.0.0. Please use the add/remove methods instead. If you're using a plugin that causes this warning, please upgrade to the latest version and report an issue if the warning persists. To disable these warnings, set -Dmaven.project.sourceRoots.warningsDisabled=true on the command line, in the .mvn/maven.config file, or in project POM properties.
2026-01-08 18:03:48,860 [Worker-67: Building] WARN  o.apache.maven.project.MavenProject - Direct modification of testCompileSourceRoots through add() is deprecated and will not work in Maven 4.0.0. Please use the add/remove methods instead. If you're using a plugin that causes this warning, please upgrade to the latest version and report an issue if the warning persists. To disable these warnings, set -Dmaven.project.sourceRoots.warningsDisabled=true on the command line, in the .mvn/maven.config file, or in project POM properties.
2026-01-08 18:04:04,542 [Worker-65: Building] INFO  o.a.m.s.f.DefaultMavenResourcesFiltering - skip non existing resourceDirectory C:\Users\ctorleo571\Desktop\Proyectos\Tema2AD\Tema2AD\khibernate_v25\src\main\resources
2026-01-08 18:04:04,544 [Worker-65: Building] INFO  o.a.m.s.f.DefaultMavenResourcesFiltering - skip non existing resourceDirectory C:\Users\ctorleo571\Desktop\Proyectos\Tema2AD\Tema2AD\khibernate_v25\src\test\resources
2026-01-08 18:04:04,544 [Worker-65: Building] WARN  o.apache.maven.project.MavenProject - Direct modification of compileSourceRoots through clear() is deprecated and will not work in Maven 4.0.0. Please use the add/remove methods instead. If you're using a plugin that causes this warning, please upgrade to the latest version and report an issue if the warning persists. To disable these warnings, set -Dmaven.project.sourceRoots.warningsDisabled=true on the command line, in the .mvn/maven.config file, or in project POM properties.
2026-01-08 18:04:04,545 [Worker-65: Building] WARN  o.apache.maven.project.MavenProject - Direct modification of compileSourceRoots through add() is deprecated and will not work in Maven 4.0.0. Please use the add/remove methods instead. If you're using a plugin that causes this warning, please upgrade to the latest version and report an issue if the warning persists. To disable these warnings, set -Dmaven.project.sourceRoots.warningsDisabled=true on the command line, in the .mvn/maven.config file, or in project POM properties.
2026-01-08 18:04:04,545 [Worker-65: Building] WARN  o.apache.maven.project.MavenProject - Direct modification of testCompileSourceRoots through clear() is deprecated and will not work in Maven 4.0.0. Please use the add/remove methods instead. If you're using a plugin that causes this warning, please upgrade to the latest version and report an issue if the warning persists. To disable these warnings, set -Dmaven.project.sourceRoots.warningsDisabled=true on the command line, in the .mvn/maven.config file, or in project POM properties.
2026-01-08 18:04:04,545 [Worker-65: Building] WARN  o.apache.maven.project.MavenProject - Direct modification of testCompileSourceRoots through add() is deprecated and will not work in Maven 4.0.0. Please use the add/remove methods instead. If you're using a plugin that causes this warning, please upgrade to the latest version and report an issue if the warning persists. To disable these warnings, set -Dmaven.project.sourceRoots.warningsDisabled=true on the command line, in the .mvn/maven.config file, or in project POM properties.
2026-01-08 18:07:48,727 [Worker-71: Building] INFO  o.a.m.s.f.DefaultMavenResourcesFiltering - skip non existing resourceDirectory C:\Users\ctorleo571\Desktop\Proyectos\Tema2AD\Tema2AD\khibernate_v25\src\main\resources
2026-01-08 18:07:48,729 [Worker-71: Building] INFO  o.a.m.s.f.DefaultMavenResourcesFiltering - skip non existing resourceDirectory C:\Users\ctorleo571\Desktop\Proyectos\Tema2AD\Tema2AD\khibernate_v25\src\test\resources
2026-01-08 18:07:48,730 [Worker-71: Building] WARN  o.apache.maven.project.MavenProject - Direct modification of compileSourceRoots through clear() is deprecated and will not work in Maven 4.0.0. Please use the add/remove methods instead. If you're using a plugin that causes this warning, please upgrade to the latest version and report an issue if the warning persists. To disable these warnings, set -Dmaven.project.sourceRoots.warningsDisabled=true on the command line, in the .mvn/maven.config file, or in project POM properties.
2026-01-08 18:07:48,730 [Worker-71: Building] WARN  o.apache.maven.project.MavenProject - Direct modification of compileSourceRoots through add() is deprecated and will not work in Maven 4.0.0. Please use the add/remove methods instead. If you're using a plugin that causes this warning, please upgrade to the latest version and report an issue if the warning persists. To disable these warnings, set -Dmaven.project.sourceRoots.warningsDisabled=true on the command line, in the .mvn/maven.config file, or in project POM properties.
2026-01-08 18:07:48,731 [Worker-71: Building] WARN  o.apache.maven.project.MavenProject - Direct modification of testCompileSourceRoots through clear() is deprecated and will not work in Maven 4.0.0. Please use the add/remove methods instead. If you're using a plugin that causes this warning, please upgrade to the latest version and report an issue if the warning persists. To disable these warnings, set -Dmaven.project.sourceRoots.warningsDisabled=true on the command line, in the .mvn/maven.config file, or in project POM properties.
2026-01-08 18:07:48,732 [Worker-71: Building] WARN  o.apache.maven.project.MavenProject - Direct modification of testCompileSourceRoots through add() is deprecated and will not work in Maven 4.0.0. Please use the add/remove methods instead. If you're using a plugin that causes this warning, please upgrade to the latest version and report an issue if the warning persists. To disable these warnings, set -Dmaven.project.sourceRoots.warningsDisabled=true on the command line, in the .mvn/maven.config file, or in project POM properties.
2026-01-08 18:14:01,816 [Worker-73: Building] INFO  o.a.m.s.f.DefaultMavenResourcesFiltering - skip non existing resourceDirectory C:\Users\ctorleo571\Desktop\Proyectos\Tema2AD\Tema2AD\khibernate_v25\src\main\resources
2026-01-08 18:14:01,818 [Worker-73: Building] INFO  o.a.m.s.f.DefaultMavenResourcesFiltering - skip non existing resourceDirectory C:\Users\ctorleo571\Desktop\Proyectos\Tema2AD\Tema2AD\khibernate_v25\src\test\resources
2026-01-08 18:14:01,818 [Worker-73: Building] WARN  o.apache.maven.project.MavenProject - Direct modification of compileSourceRoots through clear() is deprecated and will not work in Maven 4.0.0. Please use the add/remove methods instead. If you're using a plugin that causes this warning, please upgrade to the latest version and report an issue if the warning persists. To disable these warnings, set -Dmaven.project.sourceRoots.warningsDisabled=true on the command line, in the .mvn/maven.config file, or in project POM properties.
2026-01-08 18:14:01,819 [Worker-73: Building] WARN  o.apache.maven.project.MavenProject - Direct modification of compileSourceRoots through add() is deprecated and will not work in Maven 4.0.0. Please use the add/remove methods instead. If you're using a plugin that causes this warning, please upgrade to the latest version and report an issue if the warning persists. To disable these warnings, set -Dmaven.project.sourceRoots.warningsDisabled=true on the command line, in the .mvn/maven.config file, or in project POM properties.
2026-01-08 18:14:01,820 [Worker-73: Building] WARN  o.apache.maven.project.MavenProject - Direct modification of testCompileSourceRoots through clear() is deprecated and will not work in Maven 4.0.0. Please use the add/remove methods instead. If you're using a plugin that causes this warning, please upgrade to the latest version and report an issue if the warning persists. To disable these warnings, set -Dmaven.project.sourceRoots.warningsDisabled=true on the command line, in the .mvn/maven.config file, or in project POM properties.
2026-01-08 18:14:01,820 [Worker-73: Building] WARN  o.apache.maven.project.MavenProject - Direct modification of testCompileSourceRoots through add() is deprecated and will not work in Maven 4.0.0. Please use the add/remove methods instead. If you're using a plugin that causes this warning, please upgrade to the latest version and report an issue if the warning persists. To disable these warnings, set -Dmaven.project.sourceRoots.warningsDisabled=true on the command line, in the .mvn/maven.config file, or in project POM properties.
2026-01-08 18:14:21,211 [Worker-72: Building] INFO  o.a.m.s.f.DefaultMavenResourcesFiltering - skip non existing resourceDirectory C:\Users\ctorleo571\Desktop\Proyectos\Tema2AD\Tema2AD\khibernate_v25\src\main\resources
2026-01-08 18:14:21,213 [Worker-72: Building] INFO  o.a.m.s.f.DefaultMavenResourcesFiltering - skip non existing resourceDirectory C:\Users\ctorleo571\Desktop\Proyectos\Tema2AD\Tema2AD\khibernate_v25\src\test\resources
2026-01-08 18:14:21,213 [Worker-72: Building] WARN  o.apache.maven.project.MavenProject - Direct modification of compileSourceRoots through clear() is deprecated and will not work in Maven 4.0.0. Please use the add/remove methods instead. If you're using a plugin that causes this warning, please upgrade to the latest version and report an issue if the warning persists. To disable these warnings, set -Dmaven.project.sourceRoots.warningsDisabled=true on the command line, in the .mvn/maven.config file, or in project POM properties.
2026-01-08 18:14:21,214 [Worker-72: Building] WARN  o.apache.maven.project.MavenProject - Direct modification of compileSourceRoots through add() is deprecated and will not work in Maven 4.0.0. Please use the add/remove methods instead. If you're using a plugin that causes this warning, please upgrade to the latest version and report an issue if the warning persists. To disable these warnings, set -Dmaven.project.sourceRoots.warningsDisabled=true on the command line, in the .mvn/maven.config file, or in project POM properties.
2026-01-08 18:14:21,214 [Worker-72: Building] WARN  o.apache.maven.project.MavenProject - Direct modification of testCompileSourceRoots through clear() is deprecated and will not work in Maven 4.0.0. Please use the add/remove methods instead. If you're using a plugin that causes this warning, please upgrade to the latest version and report an issue if the warning persists. To disable these warnings, set -Dmaven.project.sourceRoots.warningsDisabled=true on the command line, in the .mvn/maven.config file, or in project POM properties.
2026-01-08 18:14:21,215 [Worker-72: Building] WARN  o.apache.maven.project.MavenProject - Direct modification of testCompileSourceRoots through add() is deprecated and will not work in Maven 4.0.0. Please use the add/remove methods instead. If you're using a plugin that causes this warning, please upgrade to the latest version and report an issue if the warning persists. To disable these warnings, set -Dmaven.project.sourceRoots.warningsDisabled=true on the command line, in the .mvn/maven.config file, or in project POM properties.
2026-01-08 18:14:24,560 [Worker-73: Building] INFO  o.a.m.s.f.DefaultMavenResourcesFiltering - skip non existing resourceDirectory C:\Users\ctorleo571\Desktop\Proyectos\Tema2AD\Tema2AD\khibernate_v25\src\main\resources
2026-01-08 18:14:24,561 [Worker-73: Building] INFO  o.a.m.s.f.DefaultMavenResourcesFiltering - skip non existing resourceDirectory C:\Users\ctorleo571\Desktop\Proyectos\Tema2AD\Tema2AD\khibernate_v25\src\test\resources
2026-01-08 18:14:24,561 [Worker-73: Building] WARN  o.apache.maven.project.MavenProject - Direct modification of compileSourceRoots through clear() is deprecated and will not work in Maven 4.0.0. Please use the add/remove methods instead. If you're using a plugin that causes this warning, please upgrade to the latest version and report an issue if the warning persists. To disable these warnings, set -Dmaven.project.sourceRoots.warningsDisabled=true on the command line, in the .mvn/maven.config file, or in project POM properties.
2026-01-08 18:14:24,562 [Worker-73: Building] WARN  o.apache.maven.project.MavenProject - Direct modification of compileSourceRoots through add() is deprecated and will not work in Maven 4.0.0. Please use the add/remove methods instead. If you're using a plugin that causes this warning, please upgrade to the latest version and report an issue if the warning persists. To disable these warnings, set -Dmaven.project.sourceRoots.warningsDisabled=true on the command line, in the .mvn/maven.config file, or in project POM properties.
2026-01-08 18:14:24,563 [Worker-73: Building] WARN  o.apache.maven.project.MavenProject - Direct modification of testCompileSourceRoots through clear() is deprecated and will not work in Maven 4.0.0. Please use the add/remove methods instead. If you're using a plugin that causes this warning, please upgrade to the latest version and report an issue if the warning persists. To disable these warnings, set -Dmaven.project.sourceRoots.warningsDisabled=true on the command line, in the .mvn/maven.config file, or in project POM properties.
2026-01-08 18:14:24,563 [Worker-73: Building] WARN  o.apache.maven.project.MavenProject - Direct modification of testCompileSourceRoots through add() is deprecated and will not work in Maven 4.0.0. Please use the add/remove methods instead. If you're using a plugin that causes this warning, please upgrade to the latest version and report an issue if the warning persists. To disable these warnings, set -Dmaven.project.sourceRoots.warningsDisabled=true on the command line, in the .mvn/maven.config file, or in project POM properties.
2026-01-08 18:14:42,910 [Worker-76: Building] INFO  o.a.m.s.f.DefaultMavenResourcesFiltering - skip non existing resourceDirectory C:\Users\ctorleo571\Desktop\Proyectos\Tema2AD\Tema2AD\khibernate_v25\src\main\resources
2026-01-08 18:14:42,912 [Worker-76: Building] INFO  o.a.m.s.f.DefaultMavenResourcesFiltering - skip non existing resourceDirectory C:\Users\ctorleo571\Desktop\Proyectos\Tema2AD\Tema2AD\khibernate_v25\src\test\resources
2026-01-08 18:14:42,921 [Worker-76: Building] WARN  o.apache.maven.project.MavenProject - Direct modification of compileSourceRoots through clear() is deprecated and will not work in Maven 4.0.0. Please use the add/remove methods instead. If you're using a plugin that causes this warning, please upgrade to the latest version and report an issue if the warning persists. To disable these warnings, set -Dmaven.project.sourceRoots.warningsDisabled=true on the command line, in the .mvn/maven.config file, or in project POM properties.
2026-01-08 18:14:42,922 [Worker-76: Building] WARN  o.apache.maven.project.MavenProject - Direct modification of compileSourceRoots through add() is deprecated and will not work in Maven 4.0.0. Please use the add/remove methods instead. If you're using a plugin that causes this warning, please upgrade to the latest version and report an issue if the warning persists. To disable these warnings, set -Dmaven.project.sourceRoots.warningsDisabled=true on the command line, in the .mvn/maven.config file, or in project POM properties.
2026-01-08 18:14:42,923 [Worker-76: Building] WARN  o.apache.maven.project.MavenProject - Direct modification of testCompileSourceRoots through clear() is deprecated and will not work in Maven 4.0.0. Please use the add/remove methods instead. If you're using a plugin that causes this warning, please upgrade to the latest version and report an issue if the warning persists. To disable these warnings, set -Dmaven.project.sourceRoots.warningsDisabled=true on the command line, in the .mvn/maven.config file, or in project POM properties.
2026-01-08 18:14:42,924 [Worker-76: Building] WARN  o.apache.maven.project.MavenProject - Direct modification of testCompileSourceRoots through add() is deprecated and will not work in Maven 4.0.0. Please use the add/remove methods instead. If you're using a plugin that causes this warning, please upgrade to the latest version and report an issue if the warning persists. To disable these warnings, set -Dmaven.project.sourceRoots.warningsDisabled=true on the command line, in the .mvn/maven.config file, or in project POM properties.
2026-01-08 18:14:46,450 [Worker-78: Building] INFO  o.a.m.s.f.DefaultMavenResourcesFiltering - skip non existing resourceDirectory C:\Users\ctorleo571\Desktop\Proyectos\Tema2AD\Tema2AD\khibernate_v25\src\main\resources
2026-01-08 18:14:46,452 [Worker-78: Building] INFO  o.a.m.s.f.DefaultMavenResourcesFiltering - skip non existing resourceDirectory C:\Users\ctorleo571\Desktop\Proyectos\Tema2AD\Tema2AD\khibernate_v25\src\test\resources
2026-01-08 18:14:46,453 [Worker-78: Building] WARN  o.apache.maven.project.MavenProject - Direct modification of compileSourceRoots through clear() is deprecated and will not work in Maven 4.0.0. Please use the add/remove methods instead. If you're using a plugin that causes this warning, please upgrade to the latest version and report an issue if the warning persists. To disable these warnings, set -Dmaven.project.sourceRoots.warningsDisabled=true on the command line, in the .mvn/maven.config file, or in project POM properties.
2026-01-08 18:14:46,453 [Worker-78: Building] WARN  o.apache.maven.project.MavenProject - Direct modification of compileSourceRoots through add() is deprecated and will not work in Maven 4.0.0. Please use the add/remove methods instead. If you're using a plugin that causes this warning, please upgrade to the latest version and report an issue if the warning persists. To disable these warnings, set -Dmaven.project.sourceRoots.warningsDisabled=true on the command line, in the .mvn/maven.config file, or in project POM properties.
2026-01-08 18:14:46,454 [Worker-78: Building] WARN  o.apache.maven.project.MavenProject - Direct modification of testCompileSourceRoots through clear() is deprecated and will not work in Maven 4.0.0. Please use the add/remove methods instead. If you're using a plugin that causes this warning, please upgrade to the latest version and report an issue if the warning persists. To disable these warnings, set -Dmaven.project.sourceRoots.warningsDisabled=true on the command line, in the .mvn/maven.config file, or in project POM properties.
2026-01-08 18:14:46,454 [Worker-78: Building] WARN  o.apache.maven.project.MavenProject - Direct modification of testCompileSourceRoots through add() is deprecated and will not work in Maven 4.0.0. Please use the add/remove methods instead. If you're using a plugin that causes this warning, please upgrade to the latest version and report an issue if the warning persists. To disable these warnings, set -Dmaven.project.sourceRoots.warningsDisabled=true on the command line, in the .mvn/maven.config file, or in project POM properties.
2026-01-08 18:14:59,693 [Worker-74: Building] INFO  o.a.m.s.f.DefaultMavenResourcesFiltering - skip non existing resourceDirectory C:\Users\ctorleo571\Desktop\Proyectos\Tema2AD\Tema2AD\khibernate_v25\src\main\resources
2026-01-08 18:14:59,694 [Worker-74: Building] INFO  o.a.m.s.f.DefaultMavenResourcesFiltering - skip non existing resourceDirectory C:\Users\ctorleo571\Desktop\Proyectos\Tema2AD\Tema2AD\khibernate_v25\src\test\resources
2026-01-08 18:14:59,694 [Worker-74: Building] WARN  o.apache.maven.project.MavenProject - Direct modification of compileSourceRoots through clear() is deprecated and will not work in Maven 4.0.0. Please use the add/remove methods instead. If you're using a plugin that causes this warning, please upgrade to the latest version and report an issue if the warning persists. To disable these warnings, set -Dmaven.project.sourceRoots.warningsDisabled=true on the command line, in the .mvn/maven.config file, or in project POM properties.
2026-01-08 18:14:59,695 [Worker-74: Building] WARN  o.apache.maven.project.MavenProject - Direct modification of compileSourceRoots through add() is deprecated and will not work in Maven 4.0.0. Please use the add/remove methods instead. If you're using a plugin that causes this warning, please upgrade to the latest version and report an issue if the warning persists. To disable these warnings, set -Dmaven.project.sourceRoots.warningsDisabled=true on the command line, in the .mvn/maven.config file, or in project POM properties.
2026-01-08 18:14:59,695 [Worker-74: Building] WARN  o.apache.maven.project.MavenProject - Direct modification of testCompileSourceRoots through clear() is deprecated and will not work in Maven 4.0.0. Please use the add/remove methods instead. If you're using a plugin that causes this warning, please upgrade to the latest version and report an issue if the warning persists. To disable these warnings, set -Dmaven.project.sourceRoots.warningsDisabled=true on the command line, in the .mvn/maven.config file, or in project POM properties.
2026-01-08 18:14:59,696 [Worker-74: Building] WARN  o.apache.maven.project.MavenProject - Direct modification of testCompileSourceRoots through add() is deprecated and will not work in Maven 4.0.0. Please use the add/remove methods instead. If you're using a plugin that causes this warning, please upgrade to the latest version and report an issue if the warning persists. To disable these warnings, set -Dmaven.project.sourceRoots.warningsDisabled=true on the command line, in the .mvn/maven.config file, or in project POM properties.
2026-01-08 18:15:10,327 [Worker-75: Launching Executing clean in C__Users_ctorleo571_Desktop_Proyectos_Tema2AD_Tema2AD_khibernate_v25] INFO  o.eclipse.m2e.core.internal.Bundles - getClasspathEntries(Bundle=org.eclipse.m2e.maven.runtime_3.9.1100.20250811-2018 [642])
2026-01-08 18:15:10,327 [Worker-75: Launching Executing clean in C__Users_ctorleo571_Desktop_Proyectos_Tema2AD_Tema2AD_khibernate_v25] INFO  o.eclipse.m2e.core.internal.Bundles - 	Entry: C:\Users\ctorleo571\Desktop\eclipse\plugins\org.eclipse.m2e.maven.runtime_3.9.1100.20250811-2018
2026-01-08 18:15:10,328 [Worker-75: Launching Executing clean in C__Users_ctorleo571_Desktop_Proyectos_Tema2AD_Tema2AD_khibernate_v25] INFO  o.eclipse.m2e.core.internal.Bundles - 	Entry: C:\Users\ctorleo571\Desktop\eclipse\plugins\org.eclipse.m2e.maven.runtime_3.9.1100.20250811-2018\jars\aopalliance-1.0.jar
2026-01-08 18:15:10,328 [Worker-75: Launching Executing clean in C__Users_ctorleo571_Desktop_Proyectos_Tema2AD_Tema2AD_khibernate_v25] INFO  o.eclipse.m2e.core.internal.Bundles - 	Entry: C:\Users\ctorleo571\Desktop\eclipse\plugins\org.eclipse.m2e.maven.runtime_3.9.1100.20250811-2018\jars\asm-9.8.jar
2026-01-08 18:15:10,328 [Worker-75: Launching Executing clean in C__Users_ctorleo571_Desktop_Proyectos_Tema2AD_Tema2AD_khibernate_v25] INFO  o.eclipse.m2e.core.internal.Bundles - 	Entry: C:\Users\ctorleo571\Desktop\eclipse\plugins\org.eclipse.m2e.maven.runtime_3.9.1100.20250811-2018\jars\error_prone_annotations-2.38.0.jar
2026-01-08 18:15:10,328 [Worker-75: Launching Executing clean in C__Users_ctorleo571_Desktop_Proyectos_Tema2AD_Tema2AD_khibernate_v25] INFO  o.eclipse.m2e.core.internal.Bundles - 	Entry: C:\Users\ctorleo571\Desktop\eclipse\plugins\org.eclipse.m2e.maven.runtime_3.9.1100.20250811-2018\jars\gson-2.13.1.jar
2026-01-08 18:15:10,328 [Worker-75: Launching Executing clean in C__Users_ctorleo571_Desktop_Proyectos_Tema2AD_Tema2AD_khibernate_v25] INFO  o.eclipse.m2e.core.internal.Bundles - 	Entry: C:\Users\ctorleo571\Desktop\eclipse\plugins\org.eclipse.m2e.maven.runtime_3.9.1100.20250811-2018\jars\guice-5.1.0-classes.jar
2026-01-08 18:15:10,328 [Worker-75: Launching Executing clean in C__Users_ctorleo571_Desktop_Proyectos_Tema2AD_Tema2AD_khibernate_v25] INFO  o.eclipse.m2e.core.internal.Bundles - 	Entry: C:\Users\ctorleo571\Desktop\eclipse\plugins\org.eclipse.m2e.maven.runtime_3.9.1100.20250811-2018\jars\httpclient-4.5.14.jar
2026-01-08 18:15:10,328 [Worker-75: Launching Executing clean in C__Users_ctorleo571_Desktop_Proyectos_Tema2AD_Tema2AD_khibernate_v25] INFO  o.eclipse.m2e.core.internal.Bundles - 	Entry: C:\Users\ctorleo571\Desktop\eclipse\plugins\org.eclipse.m2e.maven.runtime_3.9.1100.20250811-2018\jars\httpcore-4.4.16.jar
2026-01-08 18:15:10,328 [Worker-75: Launching Executing clean in C__Users_ctorleo571_Desktop_Proyectos_Tema2AD_Tema2AD_khibernate_v25] INFO  o.eclipse.m2e.core.internal.Bundles - 	Entry: C:\Users\ctorleo571\Desktop\eclipse\plugins\org.eclipse.m2e.maven.runtime_3.9.1100.20250811-2018\jars\jansi-2.4.2.jar
2026-01-08 18:15:10,328 [Worker-75: Launching Executing clean in C__Users_ctorleo571_Desktop_Proyectos_Tema2AD_Tema2AD_khibernate_v25] INFO  o.eclipse.m2e.core.internal.Bundles - 	Entry: C:\Users\ctorleo571\Desktop\eclipse\plugins\org.eclipse.m2e.maven.runtime_3.9.1100.20250811-2018\jars\jcl-over-slf4j-1.7.36.jar
2026-01-08 18:15:10,328 [Worker-75: Launching Executing clean in C__Users_ctorleo571_Desktop_Proyectos_Tema2AD_Tema2AD_khibernate_v25] INFO  o.eclipse.m2e.core.internal.Bundles - 	Entry: C:\Users\ctorleo571\Desktop\eclipse\plugins\org.eclipse.m2e.maven.runtime_3.9.1100.20250811-2018\jars\maven-artifact-3.9.11.jar
2026-01-08 18:15:10,328 [Worker-75: Launching Executing clean in C__Users_ctorleo571_Desktop_Proyectos_Tema2AD_Tema2AD_khibernate_v25] INFO  o.eclipse.m2e.core.internal.Bundles - 	Entry: C:\Users\ctorleo571\Desktop\eclipse\plugins\org.eclipse.m2e.maven.runtime_3.9.1100.20250811-2018\jars\maven-builder-support-3.9.11.jar
2026-01-08 18:15:10,328 [Worker-75: Launching Executing clean in C__Users_ctorleo571_Desktop_Proyectos_Tema2AD_Tema2AD_khibernate_v25] INFO  o.eclipse.m2e.core.internal.Bundles - 	Entry: C:\Users\ctorleo571\Desktop\eclipse\plugins\org.eclipse.m2e.maven.runtime_3.9.1100.20250811-2018\jars\maven-compat-3.9.11.jar
2026-01-08 18:15:10,328 [Worker-75: Launching Executing clean in C__Users_ctorleo571_Desktop_Proyectos_Tema2AD_Tema2AD_khibernate_v25] INFO  o.eclipse.m2e.core.internal.Bundles - 	Entry: C:\Users\ctorleo571\Desktop\eclipse\plugins\org.eclipse.m2e.maven.runtime_3.9.1100.20250811-2018\jars\maven-core-3.9.11.jar
2026-01-08 18:15:10,329 [Worker-75: Launching Executing clean in C__Users_ctorleo571_Desktop_Proyectos_Tema2AD_Tema2AD_khibernate_v25] INFO  o.eclipse.m2e.core.internal.Bundles - 	Entry: C:\Users\ctorleo571\Desktop\eclipse\plugins\org.eclipse.m2e.maven.runtime_3.9.1100.20250811-2018\jars\maven-embedder-3.9.11.jar
2026-01-08 18:15:10,329 [Worker-75: Launching Executing clean in C__Users_ctorleo571_Desktop_Proyectos_Tema2AD_Tema2AD_khibernate_v25] INFO  o.eclipse.m2e.core.internal.Bundles - 	Entry: C:\Users\ctorleo571\Desktop\eclipse\plugins\org.eclipse.m2e.maven.runtime_3.9.1100.20250811-2018\jars\maven-model-3.9.11.jar
2026-01-08 18:15:10,329 [Worker-75: Launching Executing clean in C__Users_ctorleo571_Desktop_Proyectos_Tema2AD_Tema2AD_khibernate_v25] INFO  o.eclipse.m2e.core.internal.Bundles - 	Entry: C:\Users\ctorleo571\Desktop\eclipse\plugins\org.eclipse.m2e.maven.runtime_3.9.1100.20250811-2018\jars\maven-model-builder-3.9.11.jar
2026-01-08 18:15:10,329 [Worker-75: Launching Executing clean in C__Users_ctorleo571_Desktop_Proyectos_Tema2AD_Tema2AD_khibernate_v25] INFO  o.eclipse.m2e.core.internal.Bundles - 	Entry: C:\Users\ctorleo571\Desktop\eclipse\plugins\org.eclipse.m2e.maven.runtime_3.9.1100.20250811-2018\jars\maven-plugin-api-3.9.11.jar
2026-01-08 18:15:10,329 [Worker-75: Launching Executing clean in C__Users_ctorleo571_Desktop_Proyectos_Tema2AD_Tema2AD_khibernate_v25] INFO  o.eclipse.m2e.core.internal.Bundles - 	Entry: C:\Users\ctorleo571\Desktop\eclipse\plugins\org.eclipse.m2e.maven.runtime_3.9.1100.20250811-2018\jars\maven-repository-metadata-3.9.11.jar
2026-01-08 18:15:10,329 [Worker-75: Launching Executing clean in C__Users_ctorleo571_Desktop_Proyectos_Tema2AD_Tema2AD_khibernate_v25] INFO  o.eclipse.m2e.core.internal.Bundles - 	Entry: C:\Users\ctorleo571\Desktop\eclipse\plugins\org.eclipse.m2e.maven.runtime_3.9.1100.20250811-2018\jars\maven-resolver-api-1.9.24.jar
2026-01-08 18:15:10,329 [Worker-75: Launching Executing clean in C__Users_ctorleo571_Desktop_Proyectos_Tema2AD_Tema2AD_khibernate_v25] INFO  o.eclipse.m2e.core.internal.Bundles - 	Entry: C:\Users\ctorleo571\Desktop\eclipse\plugins\org.eclipse.m2e.maven.runtime_3.9.1100.20250811-2018\jars\maven-resolver-connector-basic-1.9.24.jar
2026-01-08 18:15:10,329 [Worker-75: Launching Executing clean in C__Users_ctorleo571_Desktop_Proyectos_Tema2AD_Tema2AD_khibernate_v25] INFO  o.eclipse.m2e.core.internal.Bundles - 	Entry: C:\Users\ctorleo571\Desktop\eclipse\plugins\org.eclipse.m2e.maven.runtime_3.9.1100.20250811-2018\jars\maven-resolver-impl-1.9.24.jar
2026-01-08 18:15:10,329 [Worker-75: Launching Executing clean in C__Users_ctorleo571_Desktop_Proyectos_Tema2AD_Tema2AD_khibernate_v25] INFO  o.eclipse.m2e.core.internal.Bundles - 	Entry: C:\Users\ctorleo571\Desktop\eclipse\plugins\org.eclipse.m2e.maven.runtime_3.9.1100.20250811-2018\jars\maven-resolver-named-locks-1.9.24.jar
2026-01-08 18:15:10,329 [Worker-75: Launching Executing clean in C__Users_ctorleo571_Desktop_Proyectos_Tema2AD_Tema2AD_khibernate_v25] INFO  o.eclipse.m2e.core.internal.Bundles - 	Entry: C:\Users\ctorleo571\Desktop\eclipse\plugins\org.eclipse.m2e.maven.runtime_3.9.1100.20250811-2018\jars\maven-resolver-provider-3.9.11.jar
2026-01-08 18:15:10,329 [Worker-75: Launching Executing clean in C__Users_ctorleo571_Desktop_Proyectos_Tema2AD_Tema2AD_khibernate_v25] INFO  o.eclipse.m2e.core.internal.Bundles - 	Entry: C:\Users\ctorleo571\Desktop\eclipse\plugins\org.eclipse.m2e.maven.runtime_3.9.1100.20250811-2018\jars\maven-resolver-spi-1.9.24.jar
2026-01-08 18:15:10,329 [Worker-75: Launching Executing clean in C__Users_ctorleo571_Desktop_Proyectos_Tema2AD_Tema2AD_khibernate_v25] INFO  o.eclipse.m2e.core.internal.Bundles - 	Entry: C:\Users\ctorleo571\Desktop\eclipse\plugins\org.eclipse.m2e.maven.runtime_3.9.1100.20250811-2018\jars\maven-resolver-transport-file-1.9.24.jar
2026-01-08 18:15:10,329 [Worker-75: Launching Executing clean in C__Users_ctorleo571_Desktop_Proyectos_Tema2AD_Tema2AD_khibernate_v25] INFO  o.eclipse.m2e.core.internal.Bundles - 	Entry: C:\Users\ctorleo571\Desktop\eclipse\plugins\org.eclipse.m2e.maven.runtime_3.9.1100.20250811-2018\jars\maven-resolver-transport-http-1.9.24.jar
2026-01-08 18:15:10,330 [Worker-75: Launching Executing clean in C__Users_ctorleo571_Desktop_Proyectos_Tema2AD_Tema2AD_khibernate_v25] INFO  o.eclipse.m2e.core.internal.Bundles - 	Entry: C:\Users\ctorleo571\Desktop\eclipse\plugins\org.eclipse.m2e.maven.runtime_3.9.1100.20250811-2018\jars\maven-resolver-transport-wagon-1.9.24.jar
2026-01-08 18:15:10,330 [Worker-75: Launching Executing clean in C__Users_ctorleo571_Desktop_Proyectos_Tema2AD_Tema2AD_khibernate_v25] INFO  o.eclipse.m2e.core.internal.Bundles - 	Entry: C:\Users\ctorleo571\Desktop\eclipse\plugins\org.eclipse.m2e.maven.runtime_3.9.1100.20250811-2018\jars\maven-resolver-util-1.9.24.jar
2026-01-08 18:15:10,330 [Worker-75: Launching Executing clean in C__Users_ctorleo571_Desktop_Proyectos_Tema2AD_Tema2AD_khibernate_v25] INFO  o.eclipse.m2e.core.internal.Bundles - 	Entry: C:\Users\ctorleo571\Desktop\eclipse\plugins\org.eclipse.m2e.maven.runtime_3.9.1100.20250811-2018\jars\maven-settings-3.9.11.jar
2026-01-08 18:15:10,330 [Worker-75: Launching Executing clean in C__Users_ctorleo571_Desktop_Proyectos_Tema2AD_Tema2AD_khibernate_v25] INFO  o.eclipse.m2e.core.internal.Bundles - 	Entry: C:\Users\ctorleo571\Desktop\eclipse\plugins\org.eclipse.m2e.maven.runtime_3.9.1100.20250811-2018\jars\maven-settings-builder-3.9.11.jar
2026-01-08 18:15:10,330 [Worker-75: Launching Executing clean in C__Users_ctorleo571_Desktop_Proyectos_Tema2AD_Tema2AD_khibernate_v25] INFO  o.eclipse.m2e.core.internal.Bundles - 	Entry: C:\Users\ctorleo571\Desktop\eclipse\plugins\org.eclipse.m2e.maven.runtime_3.9.1100.20250811-2018\jars\maven-shared-utils-3.4.2.jar
2026-01-08 18:15:10,330 [Worker-75: Launching Executing clean in C__Users_ctorleo571_Desktop_Proyectos_Tema2AD_Tema2AD_khibernate_v25] INFO  o.eclipse.m2e.core.internal.Bundles - 	Entry: C:\Users\ctorleo571\Desktop\eclipse\plugins\org.eclipse.m2e.maven.runtime_3.9.1100.20250811-2018\jars\org.eclipse.sisu.inject-0.9.0.M4.jar
2026-01-08 18:15:10,330 [Worker-75: Launching Executing clean in C__Users_ctorleo571_Desktop_Proyectos_Tema2AD_Tema2AD_khibernate_v25] INFO  o.eclipse.m2e.core.internal.Bundles - 	Entry: C:\Users\ctorleo571\Desktop\eclipse\plugins\org.eclipse.m2e.maven.runtime_3.9.1100.20250811-2018\jars\org.eclipse.sisu.plexus-0.9.0.M4.jar
2026-01-08 18:15:10,330 [Worker-75: Launching Executing clean in C__Users_ctorleo571_Desktop_Proyectos_Tema2AD_Tema2AD_khibernate_v25] INFO  o.eclipse.m2e.core.internal.Bundles - 	Entry: C:\Users\ctorleo571\Desktop\eclipse\plugins\org.eclipse.m2e.maven.runtime_3.9.1100.20250811-2018\jars\plexus-build-api-0.0.7.jar
2026-01-08 18:15:10,330 [Worker-75: Launching Executing clean in C__Users_ctorleo571_Desktop_Proyectos_Tema2AD_Tema2AD_khibernate_v25] INFO  o.eclipse.m2e.core.internal.Bundles - 	Entry: C:\Users\ctorleo571\Desktop\eclipse\plugins\org.eclipse.m2e.maven.runtime_3.9.1100.20250811-2018\jars\plexus-build-api-1.2.0.jar
2026-01-08 18:15:10,330 [Worker-75: Launching Executing clean in C__Users_ctorleo571_Desktop_Proyectos_Tema2AD_Tema2AD_khibernate_v25] INFO  o.eclipse.m2e.core.internal.Bundles - 	Entry: C:\Users\ctorleo571\Desktop\eclipse\plugins\org.eclipse.m2e.maven.runtime_3.9.1100.20250811-2018\jars\plexus-cipher-2.0.jar
2026-01-08 18:15:10,330 [Worker-75: Launching Executing clean in C__Users_ctorleo571_Desktop_Proyectos_Tema2AD_Tema2AD_khibernate_v25] INFO  o.eclipse.m2e.core.internal.Bundles - 	Entry: C:\Users\ctorleo571\Desktop\eclipse\plugins\org.eclipse.m2e.maven.runtime_3.9.1100.20250811-2018\jars\plexus-classworlds-2.9.0.jar
2026-01-08 18:15:10,330 [Worker-75: Launching Executing clean in C__Users_ctorleo571_Desktop_Proyectos_Tema2AD_Tema2AD_khibernate_v25] INFO  o.eclipse.m2e.core.internal.Bundles - 	Entry: C:\Users\ctorleo571\Desktop\eclipse\plugins\org.eclipse.m2e.maven.runtime_3.9.1100.20250811-2018\jars\plexus-component-annotations-2.2.0.jar
2026-01-08 18:15:10,330 [Worker-75: Launching Executing clean in C__Users_ctorleo571_Desktop_Proyectos_Tema2AD_Tema2AD_khibernate_v25] INFO  o.eclipse.m2e.core.internal.Bundles - 	Entry: C:\Users\ctorleo571\Desktop\eclipse\plugins\org.eclipse.m2e.maven.runtime_3.9.1100.20250811-2018\jars\plexus-interpolation-1.28.jar
2026-01-08 18:15:10,331 [Worker-75: Launching Executing clean in C__Users_ctorleo571_Desktop_Proyectos_Tema2AD_Tema2AD_khibernate_v25] INFO  o.eclipse.m2e.core.internal.Bundles - 	Entry: C:\Users\ctorleo571\Desktop\eclipse\plugins\org.eclipse.m2e.maven.runtime_3.9.1100.20250811-2018\jars\plexus-sec-dispatcher-2.0.jar
2026-01-08 18:15:10,331 [Worker-75: Launching Executing clean in C__Users_ctorleo571_Desktop_Proyectos_Tema2AD_Tema2AD_khibernate_v25] INFO  o.eclipse.m2e.core.internal.Bundles - 	Entry: C:\Users\ctorleo571\Desktop\eclipse\plugins\org.eclipse.m2e.maven.runtime_3.9.1100.20250811-2018\jars\plexus-utils-3.6.0.jar
2026-01-08 18:15:10,331 [Worker-75: Launching Executing clean in C__Users_ctorleo571_Desktop_Proyectos_Tema2AD_Tema2AD_khibernate_v25] INFO  o.eclipse.m2e.core.internal.Bundles - 	Entry: C:\Users\ctorleo571\Desktop\eclipse\plugins\org.eclipse.m2e.maven.runtime_3.9.1100.20250811-2018\jars\wagon-file-3.5.3.jar
2026-01-08 18:15:10,331 [Worker-75: Launching Executing clean in C__Users_ctorleo571_Desktop_Proyectos_Tema2AD_Tema2AD_khibernate_v25] INFO  o.eclipse.m2e.core.internal.Bundles - 	Entry: C:\Users\ctorleo571\Desktop\eclipse\plugins\org.eclipse.m2e.maven.runtime_3.9.1100.20250811-2018\jars\wagon-http-3.5.3.jar
2026-01-08 18:15:10,331 [Worker-75: Launching Executing clean in C__Users_ctorleo571_Desktop_Proyectos_Tema2AD_Tema2AD_khibernate_v25] INFO  o.eclipse.m2e.core.internal.Bundles - 	Entry: C:\Users\ctorleo571\Desktop\eclipse\plugins\org.eclipse.m2e.maven.runtime_3.9.1100.20250811-2018\jars\wagon-http-shared-3.5.3.jar
2026-01-08 18:15:10,331 [Worker-75: Launching Executing clean in C__Users_ctorleo571_Desktop_Proyectos_Tema2AD_Tema2AD_khibernate_v25] INFO  o.eclipse.m2e.core.internal.Bundles - 	Entry: C:\Users\ctorleo571\Desktop\eclipse\plugins\org.eclipse.m2e.maven.runtime_3.9.1100.20250811-2018\jars\wagon-provider-api-3.5.3.jar
2026-01-08 18:15:10,331 [Worker-75: Launching Executing clean in C__Users_ctorleo571_Desktop_Proyectos_Tema2AD_Tema2AD_khibernate_v25] INFO  o.eclipse.m2e.core.internal.Bundles - getClasspathEntries(Bundle=com.google.guava_33.4.8.jre [18])
2026-01-08 18:15:10,331 [Worker-75: Launching Executing clean in C__Users_ctorleo571_Desktop_Proyectos_Tema2AD_Tema2AD_khibernate_v25] INFO  o.eclipse.m2e.core.internal.Bundles - 	Entry: C:\Users\ctorleo571\Desktop\eclipse\plugins\com.google.guava_33.4.8.jre.jar
2026-01-08 18:15:10,331 [Worker-75: Launching Executing clean in C__Users_ctorleo571_Desktop_Proyectos_Tema2AD_Tema2AD_khibernate_v25] INFO  o.eclipse.m2e.core.internal.Bundles - getClasspathEntries(Bundle=slf4j.api_2.0.17 [1007])
2026-01-08 18:15:10,332 [Worker-75: Launching Executing clean in C__Users_ctorleo571_Desktop_Proyectos_Tema2AD_Tema2AD_khibernate_v25] INFO  o.eclipse.m2e.core.internal.Bundles - 	Entry: C:\Users\ctorleo571\Desktop\eclipse\plugins\slf4j.api_2.0.17.jar
2026-01-08 18:15:10,332 [Worker-75: Launching Executing clean in C__Users_ctorleo571_Desktop_Proyectos_Tema2AD_Tema2AD_khibernate_v25] INFO  o.eclipse.m2e.core.internal.Bundles - getClasspathEntries(Bundle=jakarta.inject.jakarta.inject-api_1.0.5 [35])
2026-01-08 18:15:10,332 [Worker-75: Launching Executing clean in C__Users_ctorleo571_Desktop_Proyectos_Tema2AD_Tema2AD_khibernate_v25] INFO  o.eclipse.m2e.core.internal.Bundles - 	Entry: C:\Users\ctorleo571\Desktop\eclipse\plugins\jakarta.inject.jakarta.inject-api_1.0.5.jar
2026-01-08 18:15:10,332 [Worker-75: Launching Executing clean in C__Users_ctorleo571_Desktop_Proyectos_Tema2AD_Tema2AD_khibernate_v25] INFO  o.eclipse.m2e.core.internal.Bundles - getClasspathEntries(Bundle=jakarta.annotation-api_1.3.5 [31])
2026-01-08 18:15:10,332 [Worker-75: Launching Executing clean in C__Users_ctorleo571_Desktop_Proyectos_Tema2AD_Tema2AD_khibernate_v25] INFO  o.eclipse.m2e.core.internal.Bundles - 	Entry: C:\Users\ctorleo571\Desktop\eclipse\plugins\jakarta.annotation-api_1.3.5.jar
2026-01-08 18:15:10,332 [Worker-75: Launching Executing clean in C__Users_ctorleo571_Desktop_Proyectos_Tema2AD_Tema2AD_khibernate_v25] INFO  o.eclipse.m2e.core.internal.Bundles - getClasspathEntries(Bundle=org.apache.commons.cli_1.10.0 [75])
2026-01-08 18:15:10,332 [Worker-75: Launching Executing clean in C__Users_ctorleo571_Desktop_Proyectos_Tema2AD_Tema2AD_khibernate_v25] INFO  o.eclipse.m2e.core.internal.Bundles - 	Entry: C:\Users\ctorleo571\Desktop\eclipse\plugins\org.apache.commons.cli_1.10.0.jar
2026-01-08 18:15:10,332 [Worker-75: Launching Executing clean in C__Users_ctorleo571_Desktop_Proyectos_Tema2AD_Tema2AD_khibernate_v25] INFO  o.eclipse.m2e.core.internal.Bundles - getClasspathEntries(Bundle=org.apache.commons.commons-codec_1.19.0 [77])
2026-01-08 18:15:10,332 [Worker-75: Launching Executing clean in C__Users_ctorleo571_Desktop_Proyectos_Tema2AD_Tema2AD_khibernate_v25] INFO  o.eclipse.m2e.core.internal.Bundles - 	Entry: C:\Users\ctorleo571\Desktop\eclipse\plugins\org.apache.commons.commons-codec_1.19.0.jar
2026-01-08 18:15:10,332 [Worker-75: Launching Executing clean in C__Users_ctorleo571_Desktop_Proyectos_Tema2AD_Tema2AD_khibernate_v25] INFO  o.eclipse.m2e.core.internal.Bundles - getClasspathEntries(Bundle=com.google.guava.failureaccess_1.0.3 [19])
2026-01-08 18:15:10,332 [Worker-75: Launching Executing clean in C__Users_ctorleo571_Desktop_Proyectos_Tema2AD_Tema2AD_khibernate_v25] INFO  o.eclipse.m2e.core.internal.Bundles - 	Entry: C:\Users\ctorleo571\Desktop\eclipse\plugins\com.google.guava.failureaccess_1.0.3.jar
2026-01-08 18:15:10,334 [Worker-75: Launching Executing clean in C__Users_ctorleo571_Desktop_Proyectos_Tema2AD_Tema2AD_khibernate_v25] INFO  o.e.m.i.launch.MavenLaunchDelegate - Run build in "C:\Users\ctorleo571\Desktop\Proyectos\Tema2AD\Tema2AD\khibernate_v25":
2026-01-08 18:15:10,334 [Worker-75: Launching Executing clean in C__Users_ctorleo571_Desktop_Proyectos_Tema2AD_Tema2AD_khibernate_v25] INFO  o.e.m.i.launch.MavenLaunchDelegate -  mvn  -B -Dstyle.color=always clean
2026-01-08 18:15:17,923 [Worker-72: Building] INFO  o.a.m.s.f.DefaultMavenResourcesFiltering - skip non existing resourceDirectory C:\Users\ctorleo571\Desktop\Proyectos\Tema2AD\Tema2AD\khibernate_v25\src\main\resources
2026-01-08 18:15:17,925 [Worker-72: Building] INFO  o.a.m.s.f.DefaultMavenResourcesFiltering - skip non existing resourceDirectory C:\Users\ctorleo571\Desktop\Proyectos\Tema2AD\Tema2AD\khibernate_v25\src\test\resources
2026-01-08 18:15:17,935 [Worker-72: Building] WARN  o.apache.maven.project.MavenProject - Direct modification of compileSourceRoots through clear() is deprecated and will not work in Maven 4.0.0. Please use the add/remove methods instead. If you're using a plugin that causes this warning, please upgrade to the latest version and report an issue if the warning persists. To disable these warnings, set -Dmaven.project.sourceRoots.warningsDisabled=true on the command line, in the .mvn/maven.config file, or in project POM properties.
2026-01-08 18:15:17,936 [Worker-72: Building] WARN  o.apache.maven.project.MavenProject - Direct modification of compileSourceRoots through add() is deprecated and will not work in Maven 4.0.0. Please use the add/remove methods instead. If you're using a plugin that causes this warning, please upgrade to the latest version and report an issue if the warning persists. To disable these warnings, set -Dmaven.project.sourceRoots.warningsDisabled=true on the command line, in the .mvn/maven.config file, or in project POM properties.
2026-01-08 18:15:17,936 [Worker-72: Building] WARN  o.apache.maven.project.MavenProject - Direct modification of testCompileSourceRoots through clear() is deprecated and will not work in Maven 4.0.0. Please use the add/remove methods instead. If you're using a plugin that causes this warning, please upgrade to the latest version and report an issue if the warning persists. To disable these warnings, set -Dmaven.project.sourceRoots.warningsDisabled=true on the command line, in the .mvn/maven.config file, or in project POM properties.
2026-01-08 18:15:17,937 [Worker-72: Building] WARN  o.apache.maven.project.MavenProject - Direct modification of testCompileSourceRoots through add() is deprecated and will not work in Maven 4.0.0. Please use the add/remove methods instead. If you're using a plugin that causes this warning, please upgrade to the latest version and report an issue if the warning persists. To disable these warnings, set -Dmaven.project.sourceRoots.warningsDisabled=true on the command line, in the .mvn/maven.config file, or in project POM properties.
2026-01-08 18:15:27,719 [Worker-77: Building] INFO  o.a.m.s.f.DefaultMavenResourcesFiltering - skip non existing resourceDirectory C:\Users\ctorleo571\Desktop\Proyectos\Tema2AD\Tema2AD\khibernate_v25\src\main\resources
2026-01-08 18:15:27,721 [Worker-77: Building] INFO  o.a.m.s.f.DefaultMavenResourcesFiltering - skip non existing resourceDirectory C:\Users\ctorleo571\Desktop\Proyectos\Tema2AD\Tema2AD\khibernate_v25\src\test\resources
2026-01-08 18:15:27,725 [Worker-77: Building] WARN  o.apache.maven.project.MavenProject - Direct modification of compileSourceRoots through clear() is deprecated and will not work in Maven 4.0.0. Please use the add/remove methods instead. If you're using a plugin that causes this warning, please upgrade to the latest version and report an issue if the warning persists. To disable these warnings, set -Dmaven.project.sourceRoots.warningsDisabled=true on the command line, in the .mvn/maven.config file, or in project POM properties.
2026-01-08 18:15:27,725 [Worker-77: Building] WARN  o.apache.maven.project.MavenProject - Direct modification of compileSourceRoots through add() is deprecated and will not work in Maven 4.0.0. Please use the add/remove methods instead. If you're using a plugin that causes this warning, please upgrade to the latest version and report an issue if the warning persists. To disable these warnings, set -Dmaven.project.sourceRoots.warningsDisabled=true on the command line, in the .mvn/maven.config file, or in project POM properties.
2026-01-08 18:15:27,726 [Worker-77: Building] WARN  o.apache.maven.project.MavenProject - Direct modification of testCompileSourceRoots through clear() is deprecated and will not work in Maven 4.0.0. Please use the add/remove methods instead. If you're using a plugin that causes this warning, please upgrade to the latest version and report an issue if the warning persists. To disable these warnings, set -Dmaven.project.sourceRoots.warningsDisabled=true on the command line, in the .mvn/maven.config file, or in project POM properties.
2026-01-08 18:15:27,726 [Worker-77: Building] WARN  o.apache.maven.project.MavenProject - Direct modification of testCompileSourceRoots through add() is deprecated and will not work in Maven 4.0.0. Please use the add/remove methods instead. If you're using a plugin that causes this warning, please upgrade to the latest version and report an issue if the warning persists. To disable these warnings, set -Dmaven.project.sourceRoots.warningsDisabled=true on the command line, in the .mvn/maven.config file, or in project POM properties.
2026-01-08 18:15:35,754 [Worker-78: Building] INFO  o.a.m.s.f.DefaultMavenResourcesFiltering - skip non existing resourceDirectory C:\Users\ctorleo571\Desktop\Proyectos\Tema2AD\Tema2AD\khibernate_v25\src\main\resources
2026-01-08 18:15:35,755 [Worker-78: Building] INFO  o.a.m.s.f.DefaultMavenResourcesFiltering - skip non existing resourceDirectory C:\Users\ctorleo571\Desktop\Proyectos\Tema2AD\Tema2AD\khibernate_v25\src\test\resources
2026-01-08 18:15:35,761 [Worker-78: Building] WARN  o.apache.maven.project.MavenProject - Direct modification of compileSourceRoots through clear() is deprecated and will not work in Maven 4.0.0. Please use the add/remove methods instead. If you're using a plugin that causes this warning, please upgrade to the latest version and report an issue if the warning persists. To disable these warnings, set -Dmaven.project.sourceRoots.warningsDisabled=true on the command line, in the .mvn/maven.config file, or in project POM properties.
2026-01-08 18:15:35,762 [Worker-78: Building] WARN  o.apache.maven.project.MavenProject - Direct modification of compileSourceRoots through add() is deprecated and will not work in Maven 4.0.0. Please use the add/remove methods instead. If you're using a plugin that causes this warning, please upgrade to the latest version and report an issue if the warning persists. To disable these warnings, set -Dmaven.project.sourceRoots.warningsDisabled=true on the command line, in the .mvn/maven.config file, or in project POM properties.
2026-01-08 18:15:35,762 [Worker-78: Building] WARN  o.apache.maven.project.MavenProject - Direct modification of testCompileSourceRoots through clear() is deprecated and will not work in Maven 4.0.0. Please use the add/remove methods instead. If you're using a plugin that causes this warning, please upgrade to the latest version and report an issue if the warning persists. To disable these warnings, set -Dmaven.project.sourceRoots.warningsDisabled=true on the command line, in the .mvn/maven.config file, or in project POM properties.
2026-01-08 18:15:35,763 [Worker-78: Building] WARN  o.apache.maven.project.MavenProject - Direct modification of testCompileSourceRoots through add() is deprecated and will not work in Maven 4.0.0. Please use the add/remove methods instead. If you're using a plugin that causes this warning, please upgrade to the latest version and report an issue if the warning persists. To disable these warnings, set -Dmaven.project.sourceRoots.warningsDisabled=true on the command line, in the .mvn/maven.config file, or in project POM properties.
2026-01-08 18:15:40,614 [Worker-72: Building] INFO  o.a.m.s.f.DefaultMavenResourcesFiltering - skip non existing resourceDirectory C:\Users\ctorleo571\Desktop\Proyectos\Tema2AD\Tema2AD\khibernate_v25\src\main\resources
2026-01-08 18:15:40,616 [Worker-72: Building] INFO  o.a.m.s.f.DefaultMavenResourcesFiltering - skip non existing resourceDirectory C:\Users\ctorleo571\Desktop\Proyectos\Tema2AD\Tema2AD\khibernate_v25\src\test\resources
2026-01-08 18:15:40,617 [Worker-72: Building] WARN  o.apache.maven.project.MavenProject - Direct modification of compileSourceRoots through clear() is deprecated and will not work in Maven 4.0.0. Please use the add/remove methods instead. If you're using a plugin that causes this warning, please upgrade to the latest version and report an issue if the warning persists. To disable these warnings, set -Dmaven.project.sourceRoots.warningsDisabled=true on the command line, in the .mvn/maven.config file, or in project POM properties.
2026-01-08 18:15:40,617 [Worker-72: Building] WARN  o.apache.maven.project.MavenProject - Direct modification of compileSourceRoots through add() is deprecated and will not work in Maven 4.0.0. Please use the add/remove methods instead. If you're using a plugin that causes this warning, please upgrade to the latest version and report an issue if the warning persists. To disable these warnings, set -Dmaven.project.sourceRoots.warningsDisabled=true on the command line, in the .mvn/maven.config file, or in project POM properties.
2026-01-08 18:15:40,618 [Worker-72: Building] WARN  o.apache.maven.project.MavenProject - Direct modification of testCompileSourceRoots through clear() is deprecated and will not work in Maven 4.0.0. Please use the add/remove methods instead. If you're using a plugin that causes this warning, please upgrade to the latest version and report an issue if the warning persists. To disable these warnings, set -Dmaven.project.sourceRoots.warningsDisabled=true on the command line, in the .mvn/maven.config file, or in project POM properties.
2026-01-08 18:15:40,618 [Worker-72: Building] WARN  o.apache.maven.project.MavenProject - Direct modification of testCompileSourceRoots through add() is deprecated and will not work in Maven 4.0.0. Please use the add/remove methods instead. If you're using a plugin that causes this warning, please upgrade to the latest version and report an issue if the warning persists. To disable these warnings, set -Dmaven.project.sourceRoots.warningsDisabled=true on the command line, in the .mvn/maven.config file, or in project POM properties.
2026-01-08 19:02:13,303 [Burningwave - Resource releaser] INFO  o.b.c.a.StaticComponentContainer - (StaticComponentContainer.java:391) - ... Waiting for all tasks ending
2026-01-08 19:02:13,304 [Burningwave - Resource releaser] INFO  o.b.c.a.StaticComponentContainer - (StaticComponentContainer.java:397) - Closing all component containers
2026-01-08 19:02:13,306 [Burningwave - Resource releaser] INFO  o.b.c.a.StaticComponentContainer - (StaticComponentContainer.java:403) - Closing FileSystemHelper
2026-01-08 19:02:13,307 [Burningwave - Resource releaser] INFO  o.b.c.a.StaticComponentContainer - (StaticComponentContainer.java:409) - ... Waiting for all tasks ending before shutting down the BackgroundExecutor
2026-01-08 19:02:13,307 [Burningwave - Resource releaser] INFO  o.b.c.a.StaticComponentContainer - (StaticComponentContainer.java:414) - Shutting down BackgroundExecutor
2026-01-08 19:02:13,308 [Burningwave - Resource releaser] INFO  o.b.c.a.StaticComponentContainer - (StaticComponentContainer.java:420) - Stopping all threads monitoring thread
2026-01-08 19:02:13,308 [Burningwave - Resource releaser] INFO  o.b.c.a.StaticComponentContainer - (StaticComponentContainer.java:425) - Closing ThreadHolder
2026-01-08 19:02:13,309 [Burningwave - Resource releaser] INFO  o.b.c.a.StaticComponentContainer - (StaticComponentContainer.java:430) - Shutting down ThreadSupplier
2026-01-15 17:15:38,434 [Worker-5: Loading available Gradle versions] INFO  o.e.b.c.i.u.g.PublishedGradleVersions - Gradle version information cache is out-of-date. Trying to update.
2026-01-15 17:16:41,640 [main] INFO  o.b.c.a.StaticComponentContainer - (StaticComponentContainer.java:368) - Instantiated org.burningwave.core.SLF4JManagedLoggerRepository
2026-01-15 17:16:41,643 [main] INFO  o.b.c.a.StaticComponentContainer - (StaticComponentContainer.java:369) - 

	Configuration values for static components:

		background-executor.all-tasks-monitoring.enabled=\
			true
		background-executor.all-tasks-monitoring.interval=\
			30000
		background-executor.all-tasks-monitoring.logger.enabled=\
			false
		background-executor.all-tasks-monitoring.minimum-elapsed-time-to-consider-a-task-as-probable-dead-locked=\
			300000
		background-executor.all-tasks-monitoring.probable-dead-locked-tasks-handling.policy=\
			log only
		background-executor.queued-task-executor[0].name=\
			Low priority tasks
		background-executor.queued-task-executor[0].priority=\
			1
		background-executor.queued-task-executor[1].name=\
			Normal priority tasks
		background-executor.queued-task-executor[1].priority=\
			5
		background-executor.queued-task-executor[2].name=\
			High priority tasks
		background-executor.queued-task-executor[2].priority=\
			10
		background-executor.task-creation-tracking.enabled=\
			${background-executor.all-tasks-monitoring.enabled}
		banner.additonal-informations=\
			${Bundle-Vendor} ${Bundle-Name} ${Bundle-Version}
		banner.additonal-informations.retrieve-from-manifest-file-of=\
			Burningwave Core
		banner.file=\
			org/burningwave/banner.bwb
		banner.hide=\
			true
		buffer-handler.default-allocation-mode=\
			ByteBuffer::allocateDirect
		buffer-handler.default-buffer-size=\
			1024
		group-name-for-named-elements=\
			Burningwave
		iterable-object-helper.default-values-separator=\
			;
		iterable-object-helper.parallel-iteration.applicability.default-minimum-collection-size=\
			2
		iterable-object-helper.parallel-iteration.applicability.max-runtime-thread-count-threshold=\
			autodetect
		iterable-object-helper.parallel-iteration.applicability.output-collection-enabled-types=\
			java.util.concurrent.ConcurrentHashMap$CollectionView;\
			java.util.Collections$SynchronizedCollection;\
			java.util.concurrent.CopyOnWriteArrayList;\
			java.util.concurrent.CopyOnWriteArraySet;\
			java.util.concurrent.BlockingQueue;\
			java.util.concurrent.ConcurrentSkipListSet;\
			java.util.concurrent.ConcurrentSkipListMap$EntrySet;\
			java.util.concurrent.ConcurrentSkipListMap$KeySet;\
			java.util.concurrent.ConcurrentSkipListMap$Values;
		jvm.driver.init=\
			false
		managed-logger.repository=\
			autodetect
		managed-logger.repository.enabled=\
			true
		managed-logger.repository.logging.warn.disabled-for=\
			org.burningwave.core.assembler.ComponentContainer$ClassLoader;\
			org.burningwave.core.classes.MemoryClassLoader;\
			org.burningwave.core.classes.PathScannerClassLoader;
		modules.export-all-to-all=\
			true
		resource-releaser.enabled=\
			true
		synchronizer.all-threads-monitoring.enabled=\
			false
		synchronizer.all-threads-monitoring.interval=\
			90000
		thread-supplier.default-daemon-flag-value=\
			true
		thread-supplier.default-thread-priority=\
			5
		thread-supplier.max-detached-thread-count=\
			${thread-supplier.max-poolable-thread-count}
		thread-supplier.max-detached-thread-count.elapsed-time-threshold-from-last-increase-for-gradual-decreasing-to-initial-value=\
			30000
		thread-supplier.max-detached-thread-count.increasing-step=\
			autodetect
		thread-supplier.max-poolable-thread-count=\
			autodetect
		thread-supplier.poolable-thread-request-timeout=\
			6000


2026-01-15 17:16:41,648 [main] INFO  o.b.core.jvm.BufferHandler - (BufferHandler.java:127) - default buffer size: 1024 bytes
2026-01-15 17:16:41,649 [main] INFO  o.b.core.jvm.BufferHandler - (BufferHandler.java:141) - default allocation mode: ByteBuffer::allocateDirect
2026-01-15 17:16:41,653 [main] INFO  org.burningwave.core.Cache - (Cache.java:76) - Building cache
2026-01-15 17:16:41,673 [main] INFO  o.b.c.a.StaticComponentContainer - (StaticComponentContainer.java:443) - org.burningwave.core.assembler.StaticComponentContainer initialized in 0.1073374 seconds
2026-01-15 17:19:34,736 [Worker-20: Building] INFO  o.a.m.s.f.DefaultMavenResourcesFiltering - skip non existing resourceDirectory C:\Users\ctorleo571\Desktop\Proyectos\Tema2AD\Tema2AD\khibernate_v25\src\main\resources
2026-01-15 17:19:34,743 [Worker-20: Building] INFO  o.a.m.s.f.DefaultMavenResourcesFiltering - skip non existing resourceDirectory C:\Users\ctorleo571\Desktop\Proyectos\Tema2AD\Tema2AD\khibernate_v25\src\test\resources
2026-01-15 17:19:35,227 [Worker-20: Building] WARN  o.apache.maven.project.MavenProject - Direct modification of compileSourceRoots through clear() is deprecated and will not work in Maven 4.0.0. Please use the add/remove methods instead. If you're using a plugin that causes this warning, please upgrade to the latest version and report an issue if the warning persists. To disable these warnings, set -Dmaven.project.sourceRoots.warningsDisabled=true on the command line, in the .mvn/maven.config file, or in project POM properties.
2026-01-15 17:19:35,228 [Worker-20: Building] WARN  o.apache.maven.project.MavenProject - Direct modification of compileSourceRoots through add() is deprecated and will not work in Maven 4.0.0. Please use the add/remove methods instead. If you're using a plugin that causes this warning, please upgrade to the latest version and report an issue if the warning persists. To disable these warnings, set -Dmaven.project.sourceRoots.warningsDisabled=true on the command line, in the .mvn/maven.config file, or in project POM properties.
2026-01-15 17:19:35,230 [Worker-20: Building] WARN  o.apache.maven.project.MavenProject - Direct modification of testCompileSourceRoots through clear() is deprecated and will not work in Maven 4.0.0. Please use the add/remove methods instead. If you're using a plugin that causes this warning, please upgrade to the latest version and report an issue if the warning persists. To disable these warnings, set -Dmaven.project.sourceRoots.warningsDisabled=true on the command line, in the .mvn/maven.config file, or in project POM properties.
2026-01-15 17:19:35,231 [Worker-20: Building] WARN  o.apache.maven.project.MavenProject - Direct modification of testCompileSourceRoots through add() is deprecated and will not work in Maven 4.0.0. Please use the add/remove methods instead. If you're using a plugin that causes this warning, please upgrade to the latest version and report an issue if the warning persists. To disable these warnings, set -Dmaven.project.sourceRoots.warningsDisabled=true on the command line, in the .mvn/maven.config file, or in project POM properties.
2026-01-15 17:19:48,284 [Worker-34: Building] INFO  o.a.m.s.f.DefaultMavenResourcesFiltering - skip non existing resourceDirectory C:\Users\ctorleo571\Desktop\Proyectos\Tema2AD\Tema2AD\khibernate_v25\src\main\resources
2026-01-15 17:19:48,286 [Worker-34: Building] INFO  o.a.m.s.f.DefaultMavenResourcesFiltering - skip non existing resourceDirectory C:\Users\ctorleo571\Desktop\Proyectos\Tema2AD\Tema2AD\khibernate_v25\src\test\resources
2026-01-15 17:19:48,295 [Worker-34: Building] WARN  o.apache.maven.project.MavenProject - Direct modification of compileSourceRoots through clear() is deprecated and will not work in Maven 4.0.0. Please use the add/remove methods instead. If you're using a plugin that causes this warning, please upgrade to the latest version and report an issue if the warning persists. To disable these warnings, set -Dmaven.project.sourceRoots.warningsDisabled=true on the command line, in the .mvn/maven.config file, or in project POM properties.
2026-01-15 17:19:48,296 [Worker-34: Building] WARN  o.apache.maven.project.MavenProject - Direct modification of compileSourceRoots through add() is deprecated and will not work in Maven 4.0.0. Please use the add/remove methods instead. If you're using a plugin that causes this warning, please upgrade to the latest version and report an issue if the warning persists. To disable these warnings, set -Dmaven.project.sourceRoots.warningsDisabled=true on the command line, in the .mvn/maven.config file, or in project POM properties.
2026-01-15 17:19:48,297 [Worker-34: Building] WARN  o.apache.maven.project.MavenProject - Direct modification of testCompileSourceRoots through clear() is deprecated and will not work in Maven 4.0.0. Please use the add/remove methods instead. If you're using a plugin that causes this warning, please upgrade to the latest version and report an issue if the warning persists. To disable these warnings, set -Dmaven.project.sourceRoots.warningsDisabled=true on the command line, in the .mvn/maven.config file, or in project POM properties.
2026-01-15 17:19:48,297 [Worker-34: Building] WARN  o.apache.maven.project.MavenProject - Direct modification of testCompileSourceRoots through add() is deprecated and will not work in Maven 4.0.0. Please use the add/remove methods instead. If you're using a plugin that causes this warning, please upgrade to the latest version and report an issue if the warning persists. To disable these warnings, set -Dmaven.project.sourceRoots.warningsDisabled=true on the command line, in the .mvn/maven.config file, or in project POM properties.
2026-01-15 17:19:56,267 [Worker-20: Building] INFO  o.a.m.s.f.DefaultMavenResourcesFiltering - skip non existing resourceDirectory C:\Users\ctorleo571\Desktop\Proyectos\Tema2AD\Tema2AD\khibernate_v25\src\main\resources
2026-01-15 17:19:56,270 [Worker-20: Building] INFO  o.a.m.s.f.DefaultMavenResourcesFiltering - skip non existing resourceDirectory C:\Users\ctorleo571\Desktop\Proyectos\Tema2AD\Tema2AD\khibernate_v25\src\test\resources
2026-01-15 17:19:56,270 [Worker-20: Building] WARN  o.apache.maven.project.MavenProject - Direct modification of compileSourceRoots through clear() is deprecated and will not work in Maven 4.0.0. Please use the add/remove methods instead. If you're using a plugin that causes this warning, please upgrade to the latest version and report an issue if the warning persists. To disable these warnings, set -Dmaven.project.sourceRoots.warningsDisabled=true on the command line, in the .mvn/maven.config file, or in project POM properties.
2026-01-15 17:19:56,271 [Worker-20: Building] WARN  o.apache.maven.project.MavenProject - Direct modification of compileSourceRoots through add() is deprecated and will not work in Maven 4.0.0. Please use the add/remove methods instead. If you're using a plugin that causes this warning, please upgrade to the latest version and report an issue if the warning persists. To disable these warnings, set -Dmaven.project.sourceRoots.warningsDisabled=true on the command line, in the .mvn/maven.config file, or in project POM properties.
2026-01-15 17:19:56,272 [Worker-20: Building] WARN  o.apache.maven.project.MavenProject - Direct modification of testCompileSourceRoots through clear() is deprecated and will not work in Maven 4.0.0. Please use the add/remove methods instead. If you're using a plugin that causes this warning, please upgrade to the latest version and report an issue if the warning persists. To disable these warnings, set -Dmaven.project.sourceRoots.warningsDisabled=true on the command line, in the .mvn/maven.config file, or in project POM properties.
2026-01-15 17:19:56,272 [Worker-20: Building] WARN  o.apache.maven.project.MavenProject - Direct modification of testCompileSourceRoots through add() is deprecated and will not work in Maven 4.0.0. Please use the add/remove methods instead. If you're using a plugin that causes this warning, please upgrade to the latest version and report an issue if the warning persists. To disable these warnings, set -Dmaven.project.sourceRoots.warningsDisabled=true on the command line, in the .mvn/maven.config file, or in project POM properties.
2026-01-15 17:26:01,524 [Worker-41: Building] INFO  o.a.m.s.f.DefaultMavenResourcesFiltering - skip non existing resourceDirectory C:\Users\ctorleo571\Desktop\Proyectos\Tema2AD\Tema2AD\khibernate_v25\src\main\resources
2026-01-15 17:26:01,527 [Worker-41: Building] INFO  o.a.m.s.f.DefaultMavenResourcesFiltering - skip non existing resourceDirectory C:\Users\ctorleo571\Desktop\Proyectos\Tema2AD\Tema2AD\khibernate_v25\src\test\resources
2026-01-15 17:26:01,528 [Worker-41: Building] WARN  o.apache.maven.project.MavenProject - Direct modification of compileSourceRoots through clear() is deprecated and will not work in Maven 4.0.0. Please use the add/remove methods instead. If you're using a plugin that causes this warning, please upgrade to the latest version and report an issue if the warning persists. To disable these warnings, set -Dmaven.project.sourceRoots.warningsDisabled=true on the command line, in the .mvn/maven.config file, or in project POM properties.
2026-01-15 17:26:01,529 [Worker-41: Building] WARN  o.apache.maven.project.MavenProject - Direct modification of compileSourceRoots through add() is deprecated and will not work in Maven 4.0.0. Please use the add/remove methods instead. If you're using a plugin that causes this warning, please upgrade to the latest version and report an issue if the warning persists. To disable these warnings, set -Dmaven.project.sourceRoots.warningsDisabled=true on the command line, in the .mvn/maven.config file, or in project POM properties.
2026-01-15 17:26:01,529 [Worker-41: Building] WARN  o.apache.maven.project.MavenProject - Direct modification of testCompileSourceRoots through clear() is deprecated and will not work in Maven 4.0.0. Please use the add/remove methods instead. If you're using a plugin that causes this warning, please upgrade to the latest version and report an issue if the warning persists. To disable these warnings, set -Dmaven.project.sourceRoots.warningsDisabled=true on the command line, in the .mvn/maven.config file, or in project POM properties.
2026-01-15 17:26:01,530 [Worker-41: Building] WARN  o.apache.maven.project.MavenProject - Direct modification of testCompileSourceRoots through add() is deprecated and will not work in Maven 4.0.0. Please use the add/remove methods instead. If you're using a plugin that causes this warning, please upgrade to the latest version and report an issue if the warning persists. To disable these warnings, set -Dmaven.project.sourceRoots.warningsDisabled=true on the command line, in the .mvn/maven.config file, or in project POM properties.
2026-01-15 17:26:14,307 [Worker-38: Building] INFO  o.a.m.s.f.DefaultMavenResourcesFiltering - skip non existing resourceDirectory C:\Users\ctorleo571\Desktop\Proyectos\Tema2AD\Tema2AD\khibernate_v25\src\main\resources
2026-01-15 17:26:14,310 [Worker-38: Building] INFO  o.a.m.s.f.DefaultMavenResourcesFiltering - skip non existing resourceDirectory C:\Users\ctorleo571\Desktop\Proyectos\Tema2AD\Tema2AD\khibernate_v25\src\test\resources
2026-01-15 17:26:14,320 [Worker-38: Building] WARN  o.apache.maven.project.MavenProject - Direct modification of compileSourceRoots through clear() is deprecated and will not work in Maven 4.0.0. Please use the add/remove methods instead. If you're using a plugin that causes this warning, please upgrade to the latest version and report an issue if the warning persists. To disable these warnings, set -Dmaven.project.sourceRoots.warningsDisabled=true on the command line, in the .mvn/maven.config file, or in project POM properties.
2026-01-15 17:26:14,321 [Worker-38: Building] WARN  o.apache.maven.project.MavenProject - Direct modification of compileSourceRoots through add() is deprecated and will not work in Maven 4.0.0. Please use the add/remove methods instead. If you're using a plugin that causes this warning, please upgrade to the latest version and report an issue if the warning persists. To disable these warnings, set -Dmaven.project.sourceRoots.warningsDisabled=true on the command line, in the .mvn/maven.config file, or in project POM properties.
2026-01-15 17:26:14,322 [Worker-38: Building] WARN  o.apache.maven.project.MavenProject - Direct modification of testCompileSourceRoots through clear() is deprecated and will not work in Maven 4.0.0. Please use the add/remove methods instead. If you're using a plugin that causes this warning, please upgrade to the latest version and report an issue if the warning persists. To disable these warnings, set -Dmaven.project.sourceRoots.warningsDisabled=true on the command line, in the .mvn/maven.config file, or in project POM properties.
2026-01-15 17:26:14,323 [Worker-38: Building] WARN  o.apache.maven.project.MavenProject - Direct modification of testCompileSourceRoots through add() is deprecated and will not work in Maven 4.0.0. Please use the add/remove methods instead. If you're using a plugin that causes this warning, please upgrade to the latest version and report an issue if the warning persists. To disable these warnings, set -Dmaven.project.sourceRoots.warningsDisabled=true on the command line, in the .mvn/maven.config file, or in project POM properties.
2026-01-15 17:28:53,197 [Worker-38: Building] INFO  o.a.m.s.f.DefaultMavenResourcesFiltering - skip non existing resourceDirectory C:\Users\ctorleo571\Desktop\Proyectos\Tema2AD\Tema2AD\khibernate_v25\src\main\resources
2026-01-15 17:28:53,199 [Worker-38: Building] INFO  o.a.m.s.f.DefaultMavenResourcesFiltering - skip non existing resourceDirectory C:\Users\ctorleo571\Desktop\Proyectos\Tema2AD\Tema2AD\khibernate_v25\src\test\resources
2026-01-15 17:28:53,200 [Worker-38: Building] WARN  o.apache.maven.project.MavenProject - Direct modification of compileSourceRoots through clear() is deprecated and will not work in Maven 4.0.0. Please use the add/remove methods instead. If you're using a plugin that causes this warning, please upgrade to the latest version and report an issue if the warning persists. To disable these warnings, set -Dmaven.project.sourceRoots.warningsDisabled=true on the command line, in the .mvn/maven.config file, or in project POM properties.
2026-01-15 17:28:53,201 [Worker-38: Building] WARN  o.apache.maven.project.MavenProject - Direct modification of compileSourceRoots through add() is deprecated and will not work in Maven 4.0.0. Please use the add/remove methods instead. If you're using a plugin that causes this warning, please upgrade to the latest version and report an issue if the warning persists. To disable these warnings, set -Dmaven.project.sourceRoots.warningsDisabled=true on the command line, in the .mvn/maven.config file, or in project POM properties.
2026-01-15 17:28:53,202 [Worker-38: Building] WARN  o.apache.maven.project.MavenProject - Direct modification of testCompileSourceRoots through clear() is deprecated and will not work in Maven 4.0.0. Please use the add/remove methods instead. If you're using a plugin that causes this warning, please upgrade to the latest version and report an issue if the warning persists. To disable these warnings, set -Dmaven.project.sourceRoots.warningsDisabled=true on the command line, in the .mvn/maven.config file, or in project POM properties.
2026-01-15 17:28:53,202 [Worker-38: Building] WARN  o.apache.maven.project.MavenProject - Direct modification of testCompileSourceRoots through add() is deprecated and will not work in Maven 4.0.0. Please use the add/remove methods instead. If you're using a plugin that causes this warning, please upgrade to the latest version and report an issue if the warning persists. To disable these warnings, set -Dmaven.project.sourceRoots.warningsDisabled=true on the command line, in the .mvn/maven.config file, or in project POM properties.
2026-01-15 17:28:57,887 [Worker-31: Building] INFO  o.a.m.s.f.DefaultMavenResourcesFiltering - skip non existing resourceDirectory C:\Users\ctorleo571\Desktop\Proyectos\Tema2AD\Tema2AD\khibernate_v25\src\main\resources
2026-01-15 17:28:57,889 [Worker-31: Building] INFO  o.a.m.s.f.DefaultMavenResourcesFiltering - skip non existing resourceDirectory C:\Users\ctorleo571\Desktop\Proyectos\Tema2AD\Tema2AD\khibernate_v25\src\test\resources
2026-01-15 17:28:57,889 [Worker-31: Building] WARN  o.apache.maven.project.MavenProject - Direct modification of compileSourceRoots through clear() is deprecated and will not work in Maven 4.0.0. Please use the add/remove methods instead. If you're using a plugin that causes this warning, please upgrade to the latest version and report an issue if the warning persists. To disable these warnings, set -Dmaven.project.sourceRoots.warningsDisabled=true on the command line, in the .mvn/maven.config file, or in project POM properties.
2026-01-15 17:28:57,890 [Worker-31: Building] WARN  o.apache.maven.project.MavenProject - Direct modification of compileSourceRoots through add() is deprecated and will not work in Maven 4.0.0. Please use the add/remove methods instead. If you're using a plugin that causes this warning, please upgrade to the latest version and report an issue if the warning persists. To disable these warnings, set -Dmaven.project.sourceRoots.warningsDisabled=true on the command line, in the .mvn/maven.config file, or in project POM properties.
2026-01-15 17:28:57,890 [Worker-31: Building] WARN  o.apache.maven.project.MavenProject - Direct modification of testCompileSourceRoots through clear() is deprecated and will not work in Maven 4.0.0. Please use the add/remove methods instead. If you're using a plugin that causes this warning, please upgrade to the latest version and report an issue if the warning persists. To disable these warnings, set -Dmaven.project.sourceRoots.warningsDisabled=true on the command line, in the .mvn/maven.config file, or in project POM properties.
2026-01-15 17:28:57,891 [Worker-31: Building] WARN  o.apache.maven.project.MavenProject - Direct modification of testCompileSourceRoots through add() is deprecated and will not work in Maven 4.0.0. Please use the add/remove methods instead. If you're using a plugin that causes this warning, please upgrade to the latest version and report an issue if the warning persists. To disable these warnings, set -Dmaven.project.sourceRoots.warningsDisabled=true on the command line, in the .mvn/maven.config file, or in project POM properties.
2026-01-15 17:29:02,256 [Worker-41: Building] INFO  o.a.m.s.f.DefaultMavenResourcesFiltering - skip non existing resourceDirectory C:\Users\ctorleo571\Desktop\Proyectos\Tema2AD\Tema2AD\khibernate_v25\src\main\resources
2026-01-15 17:29:02,258 [Worker-41: Building] INFO  o.a.m.s.f.DefaultMavenResourcesFiltering - skip non existing resourceDirectory C:\Users\ctorleo571\Desktop\Proyectos\Tema2AD\Tema2AD\khibernate_v25\src\test\resources
2026-01-15 17:29:02,267 [Worker-41: Building] WARN  o.apache.maven.project.MavenProject - Direct modification of compileSourceRoots through clear() is deprecated and will not work in Maven 4.0.0. Please use the add/remove methods instead. If you're using a plugin that causes this warning, please upgrade to the latest version and report an issue if the warning persists. To disable these warnings, set -Dmaven.project.sourceRoots.warningsDisabled=true on the command line, in the .mvn/maven.config file, or in project POM properties.
2026-01-15 17:29:02,268 [Worker-41: Building] WARN  o.apache.maven.project.MavenProject - Direct modification of compileSourceRoots through add() is deprecated and will not work in Maven 4.0.0. Please use the add/remove methods instead. If you're using a plugin that causes this warning, please upgrade to the latest version and report an issue if the warning persists. To disable these warnings, set -Dmaven.project.sourceRoots.warningsDisabled=true on the command line, in the .mvn/maven.config file, or in project POM properties.
2026-01-15 17:29:02,269 [Worker-41: Building] WARN  o.apache.maven.project.MavenProject - Direct modification of testCompileSourceRoots through clear() is deprecated and will not work in Maven 4.0.0. Please use the add/remove methods instead. If you're using a plugin that causes this warning, please upgrade to the latest version and report an issue if the warning persists. To disable these warnings, set -Dmaven.project.sourceRoots.warningsDisabled=true on the command line, in the .mvn/maven.config file, or in project POM properties.
2026-01-15 17:29:02,269 [Worker-41: Building] WARN  o.apache.maven.project.MavenProject - Direct modification of testCompileSourceRoots through add() is deprecated and will not work in Maven 4.0.0. Please use the add/remove methods instead. If you're using a plugin that causes this warning, please upgrade to the latest version and report an issue if the warning persists. To disable these warnings, set -Dmaven.project.sourceRoots.warningsDisabled=true on the command line, in the .mvn/maven.config file, or in project POM properties.
2026-01-15 17:29:41,406 [Worker-31: Launching Executing clean in C__Users_ctorleo571_Desktop_Proyectos_Tema2AD_Tema2AD_khibernate_v25] INFO  o.eclipse.m2e.core.internal.Bundles - getClasspathEntries(Bundle=org.eclipse.m2e.maven.runtime_3.9.1100.20250811-2018 [642])
2026-01-15 17:29:41,407 [Worker-31: Launching Executing clean in C__Users_ctorleo571_Desktop_Proyectos_Tema2AD_Tema2AD_khibernate_v25] INFO  o.eclipse.m2e.core.internal.Bundles - 	Entry: C:\Users\ctorleo571\Desktop\eclipse\plugins\org.eclipse.m2e.maven.runtime_3.9.1100.20250811-2018
2026-01-15 17:29:41,407 [Worker-31: Launching Executing clean in C__Users_ctorleo571_Desktop_Proyectos_Tema2AD_Tema2AD_khibernate_v25] INFO  o.eclipse.m2e.core.internal.Bundles - 	Entry: C:\Users\ctorleo571\Desktop\eclipse\plugins\org.eclipse.m2e.maven.runtime_3.9.1100.20250811-2018\jars\aopalliance-1.0.jar
2026-01-15 17:29:41,407 [Worker-31: Launching Executing clean in C__Users_ctorleo571_Desktop_Proyectos_Tema2AD_Tema2AD_khibernate_v25] INFO  o.eclipse.m2e.core.internal.Bundles - 	Entry: C:\Users\ctorleo571\Desktop\eclipse\plugins\org.eclipse.m2e.maven.runtime_3.9.1100.20250811-2018\jars\asm-9.8.jar
2026-01-15 17:29:41,408 [Worker-31: Launching Executing clean in C__Users_ctorleo571_Desktop_Proyectos_Tema2AD_Tema2AD_khibernate_v25] INFO  o.eclipse.m2e.core.internal.Bundles - 	Entry: C:\Users\ctorleo571\Desktop\eclipse\plugins\org.eclipse.m2e.maven.runtime_3.9.1100.20250811-2018\jars\error_prone_annotations-2.38.0.jar
2026-01-15 17:29:41,408 [Worker-31: Launching Executing clean in C__Users_ctorleo571_Desktop_Proyectos_Tema2AD_Tema2AD_khibernate_v25] INFO  o.eclipse.m2e.core.internal.Bundles - 	Entry: C:\Users\ctorleo571\Desktop\eclipse\plugins\org.eclipse.m2e.maven.runtime_3.9.1100.20250811-2018\jars\gson-2.13.1.jar
2026-01-15 17:29:41,408 [Worker-31: Launching Executing clean in C__Users_ctorleo571_Desktop_Proyectos_Tema2AD_Tema2AD_khibernate_v25] INFO  o.eclipse.m2e.core.internal.Bundles - 	Entry: C:\Users\ctorleo571\Desktop\eclipse\plugins\org.eclipse.m2e.maven.runtime_3.9.1100.20250811-2018\jars\guice-5.1.0-classes.jar
2026-01-15 17:29:41,408 [Worker-31: Launching Executing clean in C__Users_ctorleo571_Desktop_Proyectos_Tema2AD_Tema2AD_khibernate_v25] INFO  o.eclipse.m2e.core.internal.Bundles - 	Entry: C:\Users\ctorleo571\Desktop\eclipse\plugins\org.eclipse.m2e.maven.runtime_3.9.1100.20250811-2018\jars\httpclient-4.5.14.jar
2026-01-15 17:29:41,408 [Worker-31: Launching Executing clean in C__Users_ctorleo571_Desktop_Proyectos_Tema2AD_Tema2AD_khibernate_v25] INFO  o.eclipse.m2e.core.internal.Bundles - 	Entry: C:\Users\ctorleo571\Desktop\eclipse\plugins\org.eclipse.m2e.maven.runtime_3.9.1100.20250811-2018\jars\httpcore-4.4.16.jar
2026-01-15 17:29:41,408 [Worker-31: Launching Executing clean in C__Users_ctorleo571_Desktop_Proyectos_Tema2AD_Tema2AD_khibernate_v25] INFO  o.eclipse.m2e.core.internal.Bundles - 	Entry: C:\Users\ctorleo571\Desktop\eclipse\plugins\org.eclipse.m2e.maven.runtime_3.9.1100.20250811-2018\jars\jansi-2.4.2.jar
2026-01-15 17:29:41,408 [Worker-31: Launching Executing clean in C__Users_ctorleo571_Desktop_Proyectos_Tema2AD_Tema2AD_khibernate_v25] INFO  o.eclipse.m2e.core.internal.Bundles - 	Entry: C:\Users\ctorleo571\Desktop\eclipse\plugins\org.eclipse.m2e.maven.runtime_3.9.1100.20250811-2018\jars\jcl-over-slf4j-1.7.36.jar
2026-01-15 17:29:41,408 [Worker-31: Launching Executing clean in C__Users_ctorleo571_Desktop_Proyectos_Tema2AD_Tema2AD_khibernate_v25] INFO  o.eclipse.m2e.core.internal.Bundles - 	Entry: C:\Users\ctorleo571\Desktop\eclipse\plugins\org.eclipse.m2e.maven.runtime_3.9.1100.20250811-2018\jars\maven-artifact-3.9.11.jar
2026-01-15 17:29:41,408 [Worker-31: Launching Executing clean in C__Users_ctorleo571_Desktop_Proyectos_Tema2AD_Tema2AD_khibernate_v25] INFO  o.eclipse.m2e.core.internal.Bundles - 	Entry: C:\Users\ctorleo571\Desktop\eclipse\plugins\org.eclipse.m2e.maven.runtime_3.9.1100.20250811-2018\jars\maven-builder-support-3.9.11.jar
2026-01-15 17:29:41,408 [Worker-31: Launching Executing clean in C__Users_ctorleo571_Desktop_Proyectos_Tema2AD_Tema2AD_khibernate_v25] INFO  o.eclipse.m2e.core.internal.Bundles - 	Entry: C:\Users\ctorleo571\Desktop\eclipse\plugins\org.eclipse.m2e.maven.runtime_3.9.1100.20250811-2018\jars\maven-compat-3.9.11.jar
2026-01-15 17:29:41,408 [Worker-31: Launching Executing clean in C__Users_ctorleo571_Desktop_Proyectos_Tema2AD_Tema2AD_khibernate_v25] INFO  o.eclipse.m2e.core.internal.Bundles - 	Entry: C:\Users\ctorleo571\Desktop\eclipse\plugins\org.eclipse.m2e.maven.runtime_3.9.1100.20250811-2018\jars\maven-core-3.9.11.jar
2026-01-15 17:29:41,409 [Worker-31: Launching Executing clean in C__Users_ctorleo571_Desktop_Proyectos_Tema2AD_Tema2AD_khibernate_v25] INFO  o.eclipse.m2e.core.internal.Bundles - 	Entry: C:\Users\ctorleo571\Desktop\eclipse\plugins\org.eclipse.m2e.maven.runtime_3.9.1100.20250811-2018\jars\maven-embedder-3.9.11.jar
2026-01-15 17:29:41,409 [Worker-31: Launching Executing clean in C__Users_ctorleo571_Desktop_Proyectos_Tema2AD_Tema2AD_khibernate_v25] INFO  o.eclipse.m2e.core.internal.Bundles - 	Entry: C:\Users\ctorleo571\Desktop\eclipse\plugins\org.eclipse.m2e.maven.runtime_3.9.1100.20250811-2018\jars\maven-model-3.9.11.jar
2026-01-15 17:29:41,409 [Worker-31: Launching Executing clean in C__Users_ctorleo571_Desktop_Proyectos_Tema2AD_Tema2AD_khibernate_v25] INFO  o.eclipse.m2e.core.internal.Bundles - 	Entry: C:\Users\ctorleo571\Desktop\eclipse\plugins\org.eclipse.m2e.maven.runtime_3.9.1100.20250811-2018\jars\maven-model-builder-3.9.11.jar
2026-01-15 17:29:41,409 [Worker-31: Launching Executing clean in C__Users_ctorleo571_Desktop_Proyectos_Tema2AD_Tema2AD_khibernate_v25] INFO  o.eclipse.m2e.core.internal.Bundles - 	Entry: C:\Users\ctorleo571\Desktop\eclipse\plugins\org.eclipse.m2e.maven.runtime_3.9.1100.20250811-2018\jars\maven-plugin-api-3.9.11.jar
2026-01-15 17:29:41,409 [Worker-31: Launching Executing clean in C__Users_ctorleo571_Desktop_Proyectos_Tema2AD_Tema2AD_khibernate_v25] INFO  o.eclipse.m2e.core.internal.Bundles - 	Entry: C:\Users\ctorleo571\Desktop\eclipse\plugins\org.eclipse.m2e.maven.runtime_3.9.1100.20250811-2018\jars\maven-repository-metadata-3.9.11.jar
2026-01-15 17:29:41,409 [Worker-31: Launching Executing clean in C__Users_ctorleo571_Desktop_Proyectos_Tema2AD_Tema2AD_khibernate_v25] INFO  o.eclipse.m2e.core.internal.Bundles - 	Entry: C:\Users\ctorleo571\Desktop\eclipse\plugins\org.eclipse.m2e.maven.runtime_3.9.1100.20250811-2018\jars\maven-resolver-api-1.9.24.jar
2026-01-15 17:29:41,409 [Worker-31: Launching Executing clean in C__Users_ctorleo571_Desktop_Proyectos_Tema2AD_Tema2AD_khibernate_v25] INFO  o.eclipse.m2e.core.internal.Bundles - 	Entry: C:\Users\ctorleo571\Desktop\eclipse\plugins\org.eclipse.m2e.maven.runtime_3.9.1100.20250811-2018\jars\maven-resolver-connector-basic-1.9.24.jar
2026-01-15 17:29:41,409 [Worker-31: Launching Executing clean in C__Users_ctorleo571_Desktop_Proyectos_Tema2AD_Tema2AD_khibernate_v25] INFO  o.eclipse.m2e.core.internal.Bundles - 	Entry: C:\Users\ctorleo571\Desktop\eclipse\plugins\org.eclipse.m2e.maven.runtime_3.9.1100.20250811-2018\jars\maven-resolver-impl-1.9.24.jar
2026-01-15 17:29:41,409 [Worker-31: Launching Executing clean in C__Users_ctorleo571_Desktop_Proyectos_Tema2AD_Tema2AD_khibernate_v25] INFO  o.eclipse.m2e.core.internal.Bundles - 	Entry: C:\Users\ctorleo571\Desktop\eclipse\plugins\org.eclipse.m2e.maven.runtime_3.9.1100.20250811-2018\jars\maven-resolver-named-locks-1.9.24.jar
2026-01-15 17:29:41,409 [Worker-31: Launching Executing clean in C__Users_ctorleo571_Desktop_Proyectos_Tema2AD_Tema2AD_khibernate_v25] INFO  o.eclipse.m2e.core.internal.Bundles - 	Entry: C:\Users\ctorleo571\Desktop\eclipse\plugins\org.eclipse.m2e.maven.runtime_3.9.1100.20250811-2018\jars\maven-resolver-provider-3.9.11.jar
2026-01-15 17:29:41,410 [Worker-31: Launching Executing clean in C__Users_ctorleo571_Desktop_Proyectos_Tema2AD_Tema2AD_khibernate_v25] INFO  o.eclipse.m2e.core.internal.Bundles - 	Entry: C:\Users\ctorleo571\Desktop\eclipse\plugins\org.eclipse.m2e.maven.runtime_3.9.1100.20250811-2018\jars\maven-resolver-spi-1.9.24.jar
2026-01-15 17:29:41,410 [Worker-31: Launching Executing clean in C__Users_ctorleo571_Desktop_Proyectos_Tema2AD_Tema2AD_khibernate_v25] INFO  o.eclipse.m2e.core.internal.Bundles - 	Entry: C:\Users\ctorleo571\Desktop\eclipse\plugins\org.eclipse.m2e.maven.runtime_3.9.1100.20250811-2018\jars\maven-resolver-transport-file-1.9.24.jar
2026-01-15 17:29:41,410 [Worker-31: Launching Executing clean in C__Users_ctorleo571_Desktop_Proyectos_Tema2AD_Tema2AD_khibernate_v25] INFO  o.eclipse.m2e.core.internal.Bundles - 	Entry: C:\Users\ctorleo571\Desktop\eclipse\plugins\org.eclipse.m2e.maven.runtime_3.9.1100.20250811-2018\jars\maven-resolver-transport-http-1.9.24.jar
2026-01-15 17:29:41,410 [Worker-31: Launching Executing clean in C__Users_ctorleo571_Desktop_Proyectos_Tema2AD_Tema2AD_khibernate_v25] INFO  o.eclipse.m2e.core.internal.Bundles - 	Entry: C:\Users\ctorleo571\Desktop\eclipse\plugins\org.eclipse.m2e.maven.runtime_3.9.1100.20250811-2018\jars\maven-resolver-transport-wagon-1.9.24.jar
2026-01-15 17:29:41,410 [Worker-31: Launching Executing clean in C__Users_ctorleo571_Desktop_Proyectos_Tema2AD_Tema2AD_khibernate_v25] INFO  o.eclipse.m2e.core.internal.Bundles - 	Entry: C:\Users\ctorleo571\Desktop\eclipse\plugins\org.eclipse.m2e.maven.runtime_3.9.1100.20250811-2018\jars\maven-resolver-util-1.9.24.jar
2026-01-15 17:29:41,410 [Worker-31: Launching Executing clean in C__Users_ctorleo571_Desktop_Proyectos_Tema2AD_Tema2AD_khibernate_v25] INFO  o.eclipse.m2e.core.internal.Bundles - 	Entry: C:\Users\ctorleo571\Desktop\eclipse\plugins\org.eclipse.m2e.maven.runtime_3.9.1100.20250811-2018\jars\maven-settings-3.9.11.jar
2026-01-15 17:29:41,410 [Worker-31: Launching Executing clean in C__Users_ctorleo571_Desktop_Proyectos_Tema2AD_Tema2AD_khibernate_v25] INFO  o.eclipse.m2e.core.internal.Bundles - 	Entry: C:\Users\ctorleo571\Desktop\eclipse\plugins\org.eclipse.m2e.maven.runtime_3.9.1100.20250811-2018\jars\maven-settings-builder-3.9.11.jar
2026-01-15 17:29:41,410 [Worker-31: Launching Executing clean in C__Users_ctorleo571_Desktop_Proyectos_Tema2AD_Tema2AD_khibernate_v25] INFO  o.eclipse.m2e.core.internal.Bundles - 	Entry: C:\Users\ctorleo571\Desktop\eclipse\plugins\org.eclipse.m2e.maven.runtime_3.9.1100.20250811-2018\jars\maven-shared-utils-3.4.2.jar
2026-01-15 17:29:41,410 [Worker-31: Launching Executing clean in C__Users_ctorleo571_Desktop_Proyectos_Tema2AD_Tema2AD_khibernate_v25] INFO  o.eclipse.m2e.core.internal.Bundles - 	Entry: C:\Users\ctorleo571\Desktop\eclipse\plugins\org.eclipse.m2e.maven.runtime_3.9.1100.20250811-2018\jars\org.eclipse.sisu.inject-0.9.0.M4.jar
2026-01-15 17:29:41,410 [Worker-31: Launching Executing clean in C__Users_ctorleo571_Desktop_Proyectos_Tema2AD_Tema2AD_khibernate_v25] INFO  o.eclipse.m2e.core.internal.Bundles - 	Entry: C:\Users\ctorleo571\Desktop\eclipse\plugins\org.eclipse.m2e.maven.runtime_3.9.1100.20250811-2018\jars\org.eclipse.sisu.plexus-0.9.0.M4.jar
2026-01-15 17:29:41,410 [Worker-31: Launching Executing clean in C__Users_ctorleo571_Desktop_Proyectos_Tema2AD_Tema2AD_khibernate_v25] INFO  o.eclipse.m2e.core.internal.Bundles - 	Entry: C:\Users\ctorleo571\Desktop\eclipse\plugins\org.eclipse.m2e.maven.runtime_3.9.1100.20250811-2018\jars\plexus-build-api-0.0.7.jar
2026-01-15 17:29:41,411 [Worker-31: Launching Executing clean in C__Users_ctorleo571_Desktop_Proyectos_Tema2AD_Tema2AD_khibernate_v25] INFO  o.eclipse.m2e.core.internal.Bundles - 	Entry: C:\Users\ctorleo571\Desktop\eclipse\plugins\org.eclipse.m2e.maven.runtime_3.9.1100.20250811-2018\jars\plexus-build-api-1.2.0.jar
2026-01-15 17:29:41,411 [Worker-31: Launching Executing clean in C__Users_ctorleo571_Desktop_Proyectos_Tema2AD_Tema2AD_khibernate_v25] INFO  o.eclipse.m2e.core.internal.Bundles - 	Entry: C:\Users\ctorleo571\Desktop\eclipse\plugins\org.eclipse.m2e.maven.runtime_3.9.1100.20250811-2018\jars\plexus-cipher-2.0.jar
2026-01-15 17:29:41,411 [Worker-31: Launching Executing clean in C__Users_ctorleo571_Desktop_Proyectos_Tema2AD_Tema2AD_khibernate_v25] INFO  o.eclipse.m2e.core.internal.Bundles - 	Entry: C:\Users\ctorleo571\Desktop\eclipse\plugins\org.eclipse.m2e.maven.runtime_3.9.1100.20250811-2018\jars\plexus-classworlds-2.9.0.jar
2026-01-15 17:29:41,411 [Worker-31: Launching Executing clean in C__Users_ctorleo571_Desktop_Proyectos_Tema2AD_Tema2AD_khibernate_v25] INFO  o.eclipse.m2e.core.internal.Bundles - 	Entry: C:\Users\ctorleo571\Desktop\eclipse\plugins\org.eclipse.m2e.maven.runtime_3.9.1100.20250811-2018\jars\plexus-component-annotations-2.2.0.jar
2026-01-15 17:29:41,411 [Worker-31: Launching Executing clean in C__Users_ctorleo571_Desktop_Proyectos_Tema2AD_Tema2AD_khibernate_v25] INFO  o.eclipse.m2e.core.internal.Bundles - 	Entry: C:\Users\ctorleo571\Desktop\eclipse\plugins\org.eclipse.m2e.maven.runtime_3.9.1100.20250811-2018\jars\plexus-interpolation-1.28.jar
2026-01-15 17:29:41,411 [Worker-31: Launching Executing clean in C__Users_ctorleo571_Desktop_Proyectos_Tema2AD_Tema2AD_khibernate_v25] INFO  o.eclipse.m2e.core.internal.Bundles - 	Entry: C:\Users\ctorleo571\Desktop\eclipse\plugins\org.eclipse.m2e.maven.runtime_3.9.1100.20250811-2018\jars\plexus-sec-dispatcher-2.0.jar
2026-01-15 17:29:41,412 [Worker-31: Launching Executing clean in C__Users_ctorleo571_Desktop_Proyectos_Tema2AD_Tema2AD_khibernate_v25] INFO  o.eclipse.m2e.core.internal.Bundles - 	Entry: C:\Users\ctorleo571\Desktop\eclipse\plugins\org.eclipse.m2e.maven.runtime_3.9.1100.20250811-2018\jars\plexus-utils-3.6.0.jar
2026-01-15 17:29:41,412 [Worker-31: Launching Executing clean in C__Users_ctorleo571_Desktop_Proyectos_Tema2AD_Tema2AD_khibernate_v25] INFO  o.eclipse.m2e.core.internal.Bundles - 	Entry: C:\Users\ctorleo571\Desktop\eclipse\plugins\org.eclipse.m2e.maven.runtime_3.9.1100.20250811-2018\jars\wagon-file-3.5.3.jar
2026-01-15 17:29:41,412 [Worker-31: Launching Executing clean in C__Users_ctorleo571_Desktop_Proyectos_Tema2AD_Tema2AD_khibernate_v25] INFO  o.eclipse.m2e.core.internal.Bundles - 	Entry: C:\Users\ctorleo571\Desktop\eclipse\plugins\org.eclipse.m2e.maven.runtime_3.9.1100.20250811-2018\jars\wagon-http-3.5.3.jar
2026-01-15 17:29:41,412 [Worker-31: Launching Executing clean in C__Users_ctorleo571_Desktop_Proyectos_Tema2AD_Tema2AD_khibernate_v25] INFO  o.eclipse.m2e.core.internal.Bundles - 	Entry: C:\Users\ctorleo571\Desktop\eclipse\plugins\org.eclipse.m2e.maven.runtime_3.9.1100.20250811-2018\jars\wagon-http-shared-3.5.3.jar
2026-01-15 17:29:41,412 [Worker-31: Launching Executing clean in C__Users_ctorleo571_Desktop_Proyectos_Tema2AD_Tema2AD_khibernate_v25] INFO  o.eclipse.m2e.core.internal.Bundles - 	Entry: C:\Users\ctorleo571\Desktop\eclipse\plugins\org.eclipse.m2e.maven.runtime_3.9.1100.20250811-2018\jars\wagon-provider-api-3.5.3.jar
2026-01-15 17:29:41,414 [Worker-31: Launching Executing clean in C__Users_ctorleo571_Desktop_Proyectos_Tema2AD_Tema2AD_khibernate_v25] INFO  o.eclipse.m2e.core.internal.Bundles - getClasspathEntries(Bundle=com.google.guava_33.4.8.jre [18])
2026-01-15 17:29:41,415 [Worker-31: Launching Executing clean in C__Users_ctorleo571_Desktop_Proyectos_Tema2AD_Tema2AD_khibernate_v25] INFO  o.eclipse.m2e.core.internal.Bundles - 	Entry: C:\Users\ctorleo571\Desktop\eclipse\plugins\com.google.guava_33.4.8.jre.jar
2026-01-15 17:29:41,415 [Worker-31: Launching Executing clean in C__Users_ctorleo571_Desktop_Proyectos_Tema2AD_Tema2AD_khibernate_v25] INFO  o.eclipse.m2e.core.internal.Bundles - getClasspathEntries(Bundle=slf4j.api_2.0.17 [1007])
2026-01-15 17:29:41,415 [Worker-31: Launching Executing clean in C__Users_ctorleo571_Desktop_Proyectos_Tema2AD_Tema2AD_khibernate_v25] INFO  o.eclipse.m2e.core.internal.Bundles - 	Entry: C:\Users\ctorleo571\Desktop\eclipse\plugins\slf4j.api_2.0.17.jar
2026-01-15 17:29:41,415 [Worker-31: Launching Executing clean in C__Users_ctorleo571_Desktop_Proyectos_Tema2AD_Tema2AD_khibernate_v25] INFO  o.eclipse.m2e.core.internal.Bundles - getClasspathEntries(Bundle=jakarta.inject.jakarta.inject-api_1.0.5 [35])
2026-01-15 17:29:41,415 [Worker-31: Launching Executing clean in C__Users_ctorleo571_Desktop_Proyectos_Tema2AD_Tema2AD_khibernate_v25] INFO  o.eclipse.m2e.core.internal.Bundles - 	Entry: C:\Users\ctorleo571\Desktop\eclipse\plugins\jakarta.inject.jakarta.inject-api_1.0.5.jar
2026-01-15 17:29:41,415 [Worker-31: Launching Executing clean in C__Users_ctorleo571_Desktop_Proyectos_Tema2AD_Tema2AD_khibernate_v25] INFO  o.eclipse.m2e.core.internal.Bundles - getClasspathEntries(Bundle=jakarta.annotation-api_1.3.5 [31])
2026-01-15 17:29:41,416 [Worker-31: Launching Executing clean in C__Users_ctorleo571_Desktop_Proyectos_Tema2AD_Tema2AD_khibernate_v25] INFO  o.eclipse.m2e.core.internal.Bundles - 	Entry: C:\Users\ctorleo571\Desktop\eclipse\plugins\jakarta.annotation-api_1.3.5.jar
2026-01-15 17:29:41,416 [Worker-31: Launching Executing clean in C__Users_ctorleo571_Desktop_Proyectos_Tema2AD_Tema2AD_khibernate_v25] INFO  o.eclipse.m2e.core.internal.Bundles - getClasspathEntries(Bundle=org.apache.commons.cli_1.10.0 [75])
2026-01-15 17:29:41,416 [Worker-31: Launching Executing clean in C__Users_ctorleo571_Desktop_Proyectos_Tema2AD_Tema2AD_khibernate_v25] INFO  o.eclipse.m2e.core.internal.Bundles - 	Entry: C:\Users\ctorleo571\Desktop\eclipse\plugins\org.apache.commons.cli_1.10.0.jar
2026-01-15 17:29:41,416 [Worker-31: Launching Executing clean in C__Users_ctorleo571_Desktop_Proyectos_Tema2AD_Tema2AD_khibernate_v25] INFO  o.eclipse.m2e.core.internal.Bundles - getClasspathEntries(Bundle=org.apache.commons.commons-codec_1.19.0 [77])
2026-01-15 17:29:41,416 [Worker-31: Launching Executing clean in C__Users_ctorleo571_Desktop_Proyectos_Tema2AD_Tema2AD_khibernate_v25] INFO  o.eclipse.m2e.core.internal.Bundles - 	Entry: C:\Users\ctorleo571\Desktop\eclipse\plugins\org.apache.commons.commons-codec_1.19.0.jar
2026-01-15 17:29:41,416 [Worker-31: Launching Executing clean in C__Users_ctorleo571_Desktop_Proyectos_Tema2AD_Tema2AD_khibernate_v25] INFO  o.eclipse.m2e.core.internal.Bundles - getClasspathEntries(Bundle=com.google.guava.failureaccess_1.0.3 [19])
2026-01-15 17:29:41,416 [Worker-31: Launching Executing clean in C__Users_ctorleo571_Desktop_Proyectos_Tema2AD_Tema2AD_khibernate_v25] INFO  o.eclipse.m2e.core.internal.Bundles - 	Entry: C:\Users\ctorleo571\Desktop\eclipse\plugins\com.google.guava.failureaccess_1.0.3.jar
2026-01-15 17:29:41,420 [Worker-31: Launching Executing clean in C__Users_ctorleo571_Desktop_Proyectos_Tema2AD_Tema2AD_khibernate_v25] INFO  o.e.m.i.launch.MavenLaunchDelegate - Run build in "C:\Users\ctorleo571\Desktop\Proyectos\Tema2AD\Tema2AD\khibernate_v25":
2026-01-15 17:29:41,420 [Worker-31: Launching Executing clean in C__Users_ctorleo571_Desktop_Proyectos_Tema2AD_Tema2AD_khibernate_v25] INFO  o.e.m.i.launch.MavenLaunchDelegate -  mvn  -B -Dstyle.color=always clean
2026-01-15 17:29:46,405 [Worker-41: Building] INFO  o.a.m.s.f.DefaultMavenResourcesFiltering - skip non existing resourceDirectory C:\Users\ctorleo571\Desktop\Proyectos\Tema2AD\Tema2AD\khibernate_v25\src\main\resources
2026-01-15 17:29:46,407 [Worker-41: Building] INFO  o.a.m.s.f.DefaultMavenResourcesFiltering - skip non existing resourceDirectory C:\Users\ctorleo571\Desktop\Proyectos\Tema2AD\Tema2AD\khibernate_v25\src\test\resources
2026-01-15 17:29:46,408 [Worker-41: Building] WARN  o.apache.maven.project.MavenProject - Direct modification of compileSourceRoots through clear() is deprecated and will not work in Maven 4.0.0. Please use the add/remove methods instead. If you're using a plugin that causes this warning, please upgrade to the latest version and report an issue if the warning persists. To disable these warnings, set -Dmaven.project.sourceRoots.warningsDisabled=true on the command line, in the .mvn/maven.config file, or in project POM properties.
2026-01-15 17:29:46,409 [Worker-41: Building] WARN  o.apache.maven.project.MavenProject - Direct modification of compileSourceRoots through add() is deprecated and will not work in Maven 4.0.0. Please use the add/remove methods instead. If you're using a plugin that causes this warning, please upgrade to the latest version and report an issue if the warning persists. To disable these warnings, set -Dmaven.project.sourceRoots.warningsDisabled=true on the command line, in the .mvn/maven.config file, or in project POM properties.
2026-01-15 17:29:46,409 [Worker-41: Building] WARN  o.apache.maven.project.MavenProject - Direct modification of testCompileSourceRoots through clear() is deprecated and will not work in Maven 4.0.0. Please use the add/remove methods instead. If you're using a plugin that causes this warning, please upgrade to the latest version and report an issue if the warning persists. To disable these warnings, set -Dmaven.project.sourceRoots.warningsDisabled=true on the command line, in the .mvn/maven.config file, or in project POM properties.
2026-01-15 17:29:46,410 [Worker-41: Building] WARN  o.apache.maven.project.MavenProject - Direct modification of testCompileSourceRoots through add() is deprecated and will not work in Maven 4.0.0. Please use the add/remove methods instead. If you're using a plugin that causes this warning, please upgrade to the latest version and report an issue if the warning persists. To disable these warnings, set -Dmaven.project.sourceRoots.warningsDisabled=true on the command line, in the .mvn/maven.config file, or in project POM properties.
2026-01-15 17:31:01,723 [Worker-31: Building] INFO  o.a.m.s.f.DefaultMavenResourcesFiltering - skip non existing resourceDirectory C:\Users\ctorleo571\Desktop\Proyectos\Tema2AD\Tema2AD\khibernate_v25\src\main\resources
2026-01-15 17:31:01,726 [Worker-31: Building] INFO  o.a.m.s.f.DefaultMavenResourcesFiltering - skip non existing resourceDirectory C:\Users\ctorleo571\Desktop\Proyectos\Tema2AD\Tema2AD\khibernate_v25\src\test\resources
2026-01-15 17:31:01,743 [Worker-31: Building] WARN  o.apache.maven.project.MavenProject - Direct modification of compileSourceRoots through clear() is deprecated and will not work in Maven 4.0.0. Please use the add/remove methods instead. If you're using a plugin that causes this warning, please upgrade to the latest version and report an issue if the warning persists. To disable these warnings, set -Dmaven.project.sourceRoots.warningsDisabled=true on the command line, in the .mvn/maven.config file, or in project POM properties.
2026-01-15 17:31:01,744 [Worker-31: Building] WARN  o.apache.maven.project.MavenProject - Direct modification of compileSourceRoots through add() is deprecated and will not work in Maven 4.0.0. Please use the add/remove methods instead. If you're using a plugin that causes this warning, please upgrade to the latest version and report an issue if the warning persists. To disable these warnings, set -Dmaven.project.sourceRoots.warningsDisabled=true on the command line, in the .mvn/maven.config file, or in project POM properties.
2026-01-15 17:31:01,745 [Worker-31: Building] WARN  o.apache.maven.project.MavenProject - Direct modification of testCompileSourceRoots through clear() is deprecated and will not work in Maven 4.0.0. Please use the add/remove methods instead. If you're using a plugin that causes this warning, please upgrade to the latest version and report an issue if the warning persists. To disable these warnings, set -Dmaven.project.sourceRoots.warningsDisabled=true on the command line, in the .mvn/maven.config file, or in project POM properties.
2026-01-15 17:31:01,746 [Worker-31: Building] WARN  o.apache.maven.project.MavenProject - Direct modification of testCompileSourceRoots through add() is deprecated and will not work in Maven 4.0.0. Please use the add/remove methods instead. If you're using a plugin that causes this warning, please upgrade to the latest version and report an issue if the warning persists. To disable these warnings, set -Dmaven.project.sourceRoots.warningsDisabled=true on the command line, in the .mvn/maven.config file, or in project POM properties.
2026-01-15 17:31:05,359 [Worker-42: Building] INFO  o.a.m.s.f.DefaultMavenResourcesFiltering - skip non existing resourceDirectory C:\Users\ctorleo571\Desktop\Proyectos\Tema2AD\Tema2AD\khibernate_v25\src\main\resources
2026-01-15 17:31:05,362 [Worker-42: Building] INFO  o.a.m.s.f.DefaultMavenResourcesFiltering - skip non existing resourceDirectory C:\Users\ctorleo571\Desktop\Proyectos\Tema2AD\Tema2AD\khibernate_v25\src\test\resources
2026-01-15 17:31:05,371 [Worker-42: Building] WARN  o.apache.maven.project.MavenProject - Direct modification of compileSourceRoots through clear() is deprecated and will not work in Maven 4.0.0. Please use the add/remove methods instead. If you're using a plugin that causes this warning, please upgrade to the latest version and report an issue if the warning persists. To disable these warnings, set -Dmaven.project.sourceRoots.warningsDisabled=true on the command line, in the .mvn/maven.config file, or in project POM properties.
2026-01-15 17:31:05,371 [Worker-42: Building] WARN  o.apache.maven.project.MavenProject - Direct modification of compileSourceRoots through add() is deprecated and will not work in Maven 4.0.0. Please use the add/remove methods instead. If you're using a plugin that causes this warning, please upgrade to the latest version and report an issue if the warning persists. To disable these warnings, set -Dmaven.project.sourceRoots.warningsDisabled=true on the command line, in the .mvn/maven.config file, or in project POM properties.
2026-01-15 17:31:05,372 [Worker-42: Building] WARN  o.apache.maven.project.MavenProject - Direct modification of testCompileSourceRoots through clear() is deprecated and will not work in Maven 4.0.0. Please use the add/remove methods instead. If you're using a plugin that causes this warning, please upgrade to the latest version and report an issue if the warning persists. To disable these warnings, set -Dmaven.project.sourceRoots.warningsDisabled=true on the command line, in the .mvn/maven.config file, or in project POM properties.
2026-01-15 17:31:05,373 [Worker-42: Building] WARN  o.apache.maven.project.MavenProject - Direct modification of testCompileSourceRoots through add() is deprecated and will not work in Maven 4.0.0. Please use the add/remove methods instead. If you're using a plugin that causes this warning, please upgrade to the latest version and report an issue if the warning persists. To disable these warnings, set -Dmaven.project.sourceRoots.warningsDisabled=true on the command line, in the .mvn/maven.config file, or in project POM properties.
2026-01-15 17:31:08,193 [Worker-40: Building] INFO  o.a.m.s.f.DefaultMavenResourcesFiltering - skip non existing resourceDirectory C:\Users\ctorleo571\Desktop\Proyectos\Tema2AD\Tema2AD\khibernate_v25\src\main\resources
2026-01-15 17:31:08,195 [Worker-40: Building] INFO  o.a.m.s.f.DefaultMavenResourcesFiltering - skip non existing resourceDirectory C:\Users\ctorleo571\Desktop\Proyectos\Tema2AD\Tema2AD\khibernate_v25\src\test\resources
2026-01-15 17:31:08,195 [Worker-40: Building] WARN  o.apache.maven.project.MavenProject - Direct modification of compileSourceRoots through clear() is deprecated and will not work in Maven 4.0.0. Please use the add/remove methods instead. If you're using a plugin that causes this warning, please upgrade to the latest version and report an issue if the warning persists. To disable these warnings, set -Dmaven.project.sourceRoots.warningsDisabled=true on the command line, in the .mvn/maven.config file, or in project POM properties.
2026-01-15 17:31:08,196 [Worker-40: Building] WARN  o.apache.maven.project.MavenProject - Direct modification of compileSourceRoots through add() is deprecated and will not work in Maven 4.0.0. Please use the add/remove methods instead. If you're using a plugin that causes this warning, please upgrade to the latest version and report an issue if the warning persists. To disable these warnings, set -Dmaven.project.sourceRoots.warningsDisabled=true on the command line, in the .mvn/maven.config file, or in project POM properties.
2026-01-15 17:31:08,197 [Worker-40: Building] WARN  o.apache.maven.project.MavenProject - Direct modification of testCompileSourceRoots through clear() is deprecated and will not work in Maven 4.0.0. Please use the add/remove methods instead. If you're using a plugin that causes this warning, please upgrade to the latest version and report an issue if the warning persists. To disable these warnings, set -Dmaven.project.sourceRoots.warningsDisabled=true on the command line, in the .mvn/maven.config file, or in project POM properties.
2026-01-15 17:31:08,197 [Worker-40: Building] WARN  o.apache.maven.project.MavenProject - Direct modification of testCompileSourceRoots through add() is deprecated and will not work in Maven 4.0.0. Please use the add/remove methods instead. If you're using a plugin that causes this warning, please upgrade to the latest version and report an issue if the warning persists. To disable these warnings, set -Dmaven.project.sourceRoots.warningsDisabled=true on the command line, in the .mvn/maven.config file, or in project POM properties.
2026-01-15 17:31:53,649 [Worker-44: Building] INFO  o.a.m.s.f.DefaultMavenResourcesFiltering - skip non existing resourceDirectory C:\Users\ctorleo571\Desktop\Proyectos\Tema2AD\Tema2AD\khibernate_v25\src\main\resources
2026-01-15 17:31:53,652 [Worker-44: Building] INFO  o.a.m.s.f.DefaultMavenResourcesFiltering - skip non existing resourceDirectory C:\Users\ctorleo571\Desktop\Proyectos\Tema2AD\Tema2AD\khibernate_v25\src\test\resources
2026-01-15 17:31:53,661 [Worker-44: Building] WARN  o.apache.maven.project.MavenProject - Direct modification of compileSourceRoots through clear() is deprecated and will not work in Maven 4.0.0. Please use the add/remove methods instead. If you're using a plugin that causes this warning, please upgrade to the latest version and report an issue if the warning persists. To disable these warnings, set -Dmaven.project.sourceRoots.warningsDisabled=true on the command line, in the .mvn/maven.config file, or in project POM properties.
2026-01-15 17:31:53,662 [Worker-44: Building] WARN  o.apache.maven.project.MavenProject - Direct modification of compileSourceRoots through add() is deprecated and will not work in Maven 4.0.0. Please use the add/remove methods instead. If you're using a plugin that causes this warning, please upgrade to the latest version and report an issue if the warning persists. To disable these warnings, set -Dmaven.project.sourceRoots.warningsDisabled=true on the command line, in the .mvn/maven.config file, or in project POM properties.
2026-01-15 17:31:53,663 [Worker-44: Building] WARN  o.apache.maven.project.MavenProject - Direct modification of testCompileSourceRoots through clear() is deprecated and will not work in Maven 4.0.0. Please use the add/remove methods instead. If you're using a plugin that causes this warning, please upgrade to the latest version and report an issue if the warning persists. To disable these warnings, set -Dmaven.project.sourceRoots.warningsDisabled=true on the command line, in the .mvn/maven.config file, or in project POM properties.
2026-01-15 17:31:53,664 [Worker-44: Building] WARN  o.apache.maven.project.MavenProject - Direct modification of testCompileSourceRoots through add() is deprecated and will not work in Maven 4.0.0. Please use the add/remove methods instead. If you're using a plugin that causes this warning, please upgrade to the latest version and report an issue if the warning persists. To disable these warnings, set -Dmaven.project.sourceRoots.warningsDisabled=true on the command line, in the .mvn/maven.config file, or in project POM properties.
2026-01-15 17:38:32,911 [Worker-52: Download sources and javadoc] INFO  o.e.m.c.i.e.AbstractTransferListenerAdapter - Downloaded https://repo.maven.apache.org/maven2/antlr/antlr/2.7.7/antlr-2.7.7-javadoc.jar
2026-01-15 17:38:32,914 [Worker-52: Download sources and javadoc] ERROR o.e.m.j.internal.DownloadSourcesJob - Could not download javadoc for antlr:antlr:2.7.7
org.eclipse.core.runtime.CoreException: Could not resolve artifact antlr:antlr:jar:javadoc:2.7.7
	at org.eclipse.m2e.core.internal.embedder.MavenImpl.lambda$7(MavenImpl.java:540)
	at org.eclipse.m2e.core.internal.embedder.MavenExecutionContext.executeBare(MavenExecutionContext.java:458)
	at org.eclipse.m2e.core.internal.embedder.MavenExecutionContext.execute(MavenExecutionContext.java:292)
	at org.eclipse.m2e.core.internal.embedder.MavenExecutionContext.execute(MavenExecutionContext.java:278)
	at org.eclipse.m2e.core.internal.embedder.MavenImpl.resolve(MavenImpl.java:509)
	at org.eclipse.m2e.core.internal.embedder.MavenImpl.resolve(MavenImpl.java:494)
	at org.eclipse.m2e.jdt.internal.DownloadSourcesJob.download(DownloadSourcesJob.java:308)
	at org.eclipse.m2e.jdt.internal.DownloadSourcesJob.downloadAttachments(DownloadSourcesJob.java:294)
	at org.eclipse.m2e.jdt.internal.DownloadSourcesJob.downloadMaven(DownloadSourcesJob.java:252)
	at org.eclipse.m2e.jdt.internal.DownloadSourcesJob.downloadFilesAndPopulateToUpdate(DownloadSourcesJob.java:220)
	at org.eclipse.m2e.jdt.internal.DownloadSourcesJob.lambda$0(DownloadSourcesJob.java:149)
	at org.eclipse.m2e.core.internal.embedder.MavenExecutionContext.executeBare(MavenExecutionContext.java:458)
	at org.eclipse.m2e.core.internal.embedder.MavenExecutionContext.execute(MavenExecutionContext.java:339)
	at org.eclipse.m2e.core.internal.embedder.MavenExecutionContext.execute(MavenExecutionContext.java:278)
	at org.eclipse.m2e.core.embedder.IMaven.execute(IMaven.java:300)
	at org.eclipse.m2e.jdt.internal.DownloadSourcesJob.run(DownloadSourcesJob.java:149)
	at org.eclipse.core.internal.jobs.Worker.run(Worker.java:63)
2026-01-15 17:40:54,946 [Worker-55: Launching Executing clean in C__Users_ctorleo571_Desktop_Proyectos_Tema2AD_Tema2AD_khibernate_v25] INFO  o.eclipse.m2e.core.internal.Bundles - getClasspathEntries(Bundle=org.eclipse.m2e.maven.runtime_3.9.1100.20250811-2018 [642])
2026-01-15 17:40:54,946 [Worker-55: Launching Executing clean in C__Users_ctorleo571_Desktop_Proyectos_Tema2AD_Tema2AD_khibernate_v25] INFO  o.eclipse.m2e.core.internal.Bundles - 	Entry: C:\Users\ctorleo571\Desktop\eclipse\plugins\org.eclipse.m2e.maven.runtime_3.9.1100.20250811-2018
2026-01-15 17:40:54,947 [Worker-55: Launching Executing clean in C__Users_ctorleo571_Desktop_Proyectos_Tema2AD_Tema2AD_khibernate_v25] INFO  o.eclipse.m2e.core.internal.Bundles - 	Entry: C:\Users\ctorleo571\Desktop\eclipse\plugins\org.eclipse.m2e.maven.runtime_3.9.1100.20250811-2018\jars\aopalliance-1.0.jar
2026-01-15 17:40:54,947 [Worker-55: Launching Executing clean in C__Users_ctorleo571_Desktop_Proyectos_Tema2AD_Tema2AD_khibernate_v25] INFO  o.eclipse.m2e.core.internal.Bundles - 	Entry: C:\Users\ctorleo571\Desktop\eclipse\plugins\org.eclipse.m2e.maven.runtime_3.9.1100.20250811-2018\jars\asm-9.8.jar
2026-01-15 17:40:54,947 [Worker-55: Launching Executing clean in C__Users_ctorleo571_Desktop_Proyectos_Tema2AD_Tema2AD_khibernate_v25] INFO  o.eclipse.m2e.core.internal.Bundles - 	Entry: C:\Users\ctorleo571\Desktop\eclipse\plugins\org.eclipse.m2e.maven.runtime_3.9.1100.20250811-2018\jars\error_prone_annotations-2.38.0.jar
2026-01-15 17:40:54,947 [Worker-55: Launching Executing clean in C__Users_ctorleo571_Desktop_Proyectos_Tema2AD_Tema2AD_khibernate_v25] INFO  o.eclipse.m2e.core.internal.Bundles - 	Entry: C:\Users\ctorleo571\Desktop\eclipse\plugins\org.eclipse.m2e.maven.runtime_3.9.1100.20250811-2018\jars\gson-2.13.1.jar
2026-01-15 17:40:54,947 [Worker-55: Launching Executing clean in C__Users_ctorleo571_Desktop_Proyectos_Tema2AD_Tema2AD_khibernate_v25] INFO  o.eclipse.m2e.core.internal.Bundles - 	Entry: C:\Users\ctorleo571\Desktop\eclipse\plugins\org.eclipse.m2e.maven.runtime_3.9.1100.20250811-2018\jars\guice-5.1.0-classes.jar
2026-01-15 17:40:54,947 [Worker-55: Launching Executing clean in C__Users_ctorleo571_Desktop_Proyectos_Tema2AD_Tema2AD_khibernate_v25] INFO  o.eclipse.m2e.core.internal.Bundles - 	Entry: C:\Users\ctorleo571\Desktop\eclipse\plugins\org.eclipse.m2e.maven.runtime_3.9.1100.20250811-2018\jars\httpclient-4.5.14.jar
2026-01-15 17:40:54,947 [Worker-55: Launching Executing clean in C__Users_ctorleo571_Desktop_Proyectos_Tema2AD_Tema2AD_khibernate_v25] INFO  o.eclipse.m2e.core.internal.Bundles - 	Entry: C:\Users\ctorleo571\Desktop\eclipse\plugins\org.eclipse.m2e.maven.runtime_3.9.1100.20250811-2018\jars\httpcore-4.4.16.jar
2026-01-15 17:40:54,947 [Worker-55: Launching Executing clean in C__Users_ctorleo571_Desktop_Proyectos_Tema2AD_Tema2AD_khibernate_v25] INFO  o.eclipse.m2e.core.internal.Bundles - 	Entry: C:\Users\ctorleo571\Desktop\eclipse\plugins\org.eclipse.m2e.maven.runtime_3.9.1100.20250811-2018\jars\jansi-2.4.2.jar
2026-01-15 17:40:54,947 [Worker-55: Launching Executing clean in C__Users_ctorleo571_Desktop_Proyectos_Tema2AD_Tema2AD_khibernate_v25] INFO  o.eclipse.m2e.core.internal.Bundles - 	Entry: C:\Users\ctorleo571\Desktop\eclipse\plugins\org.eclipse.m2e.maven.runtime_3.9.1100.20250811-2018\jars\jcl-over-slf4j-1.7.36.jar
2026-01-15 17:40:54,947 [Worker-55: Launching Executing clean in C__Users_ctorleo571_Desktop_Proyectos_Tema2AD_Tema2AD_khibernate_v25] INFO  o.eclipse.m2e.core.internal.Bundles - 	Entry: C:\Users\ctorleo571\Desktop\eclipse\plugins\org.eclipse.m2e.maven.runtime_3.9.1100.20250811-2018\jars\maven-artifact-3.9.11.jar
2026-01-15 17:40:54,948 [Worker-55: Launching Executing clean in C__Users_ctorleo571_Desktop_Proyectos_Tema2AD_Tema2AD_khibernate_v25] INFO  o.eclipse.m2e.core.internal.Bundles - 	Entry: C:\Users\ctorleo571\Desktop\eclipse\plugins\org.eclipse.m2e.maven.runtime_3.9.1100.20250811-2018\jars\maven-builder-support-3.9.11.jar
2026-01-15 17:40:54,948 [Worker-55: Launching Executing clean in C__Users_ctorleo571_Desktop_Proyectos_Tema2AD_Tema2AD_khibernate_v25] INFO  o.eclipse.m2e.core.internal.Bundles - 	Entry: C:\Users\ctorleo571\Desktop\eclipse\plugins\org.eclipse.m2e.maven.runtime_3.9.1100.20250811-2018\jars\maven-compat-3.9.11.jar
2026-01-15 17:40:54,948 [Worker-55: Launching Executing clean in C__Users_ctorleo571_Desktop_Proyectos_Tema2AD_Tema2AD_khibernate_v25] INFO  o.eclipse.m2e.core.internal.Bundles - 	Entry: C:\Users\ctorleo571\Desktop\eclipse\plugins\org.eclipse.m2e.maven.runtime_3.9.1100.20250811-2018\jars\maven-core-3.9.11.jar
2026-01-15 17:40:54,948 [Worker-55: Launching Executing clean in C__Users_ctorleo571_Desktop_Proyectos_Tema2AD_Tema2AD_khibernate_v25] INFO  o.eclipse.m2e.core.internal.Bundles - 	Entry: C:\Users\ctorleo571\Desktop\eclipse\plugins\org.eclipse.m2e.maven.runtime_3.9.1100.20250811-2018\jars\maven-embedder-3.9.11.jar
2026-01-15 17:40:54,948 [Worker-55: Launching Executing clean in C__Users_ctorleo571_Desktop_Proyectos_Tema2AD_Tema2AD_khibernate_v25] INFO  o.eclipse.m2e.core.internal.Bundles - 	Entry: C:\Users\ctorleo571\Desktop\eclipse\plugins\org.eclipse.m2e.maven.runtime_3.9.1100.20250811-2018\jars\maven-model-3.9.11.jar
2026-01-15 17:40:54,948 [Worker-55: Launching Executing clean in C__Users_ctorleo571_Desktop_Proyectos_Tema2AD_Tema2AD_khibernate_v25] INFO  o.eclipse.m2e.core.internal.Bundles - 	Entry: C:\Users\ctorleo571\Desktop\eclipse\plugins\org.eclipse.m2e.maven.runtime_3.9.1100.20250811-2018\jars\maven-model-builder-3.9.11.jar
2026-01-15 17:40:54,948 [Worker-55: Launching Executing clean in C__Users_ctorleo571_Desktop_Proyectos_Tema2AD_Tema2AD_khibernate_v25] INFO  o.eclipse.m2e.core.internal.Bundles - 	Entry: C:\Users\ctorleo571\Desktop\eclipse\plugins\org.eclipse.m2e.maven.runtime_3.9.1100.20250811-2018\jars\maven-plugin-api-3.9.11.jar
2026-01-15 17:40:54,948 [Worker-55: Launching Executing clean in C__Users_ctorleo571_Desktop_Proyectos_Tema2AD_Tema2AD_khibernate_v25] INFO  o.eclipse.m2e.core.internal.Bundles - 	Entry: C:\Users\ctorleo571\Desktop\eclipse\plugins\org.eclipse.m2e.maven.runtime_3.9.1100.20250811-2018\jars\maven-repository-metadata-3.9.11.jar
2026-01-15 17:40:54,948 [Worker-55: Launching Executing clean in C__Users_ctorleo571_Desktop_Proyectos_Tema2AD_Tema2AD_khibernate_v25] INFO  o.eclipse.m2e.core.internal.Bundles - 	Entry: C:\Users\ctorleo571\Desktop\eclipse\plugins\org.eclipse.m2e.maven.runtime_3.9.1100.20250811-2018\jars\maven-resolver-api-1.9.24.jar
2026-01-15 17:40:54,948 [Worker-55: Launching Executing clean in C__Users_ctorleo571_Desktop_Proyectos_Tema2AD_Tema2AD_khibernate_v25] INFO  o.eclipse.m2e.core.internal.Bundles - 	Entry: C:\Users\ctorleo571\Desktop\eclipse\plugins\org.eclipse.m2e.maven.runtime_3.9.1100.20250811-2018\jars\maven-resolver-connector-basic-1.9.24.jar
2026-01-15 17:40:54,949 [Worker-55: Launching Executing clean in C__Users_ctorleo571_Desktop_Proyectos_Tema2AD_Tema2AD_khibernate_v25] INFO  o.eclipse.m2e.core.internal.Bundles - 	Entry: C:\Users\ctorleo571\Desktop\eclipse\plugins\org.eclipse.m2e.maven.runtime_3.9.1100.20250811-2018\jars\maven-resolver-impl-1.9.24.jar
2026-01-15 17:40:54,949 [Worker-55: Launching Executing clean in C__Users_ctorleo571_Desktop_Proyectos_Tema2AD_Tema2AD_khibernate_v25] INFO  o.eclipse.m2e.core.internal.Bundles - 	Entry: C:\Users\ctorleo571\Desktop\eclipse\plugins\org.eclipse.m2e.maven.runtime_3.9.1100.20250811-2018\jars\maven-resolver-named-locks-1.9.24.jar
2026-01-15 17:40:54,949 [Worker-55: Launching Executing clean in C__Users_ctorleo571_Desktop_Proyectos_Tema2AD_Tema2AD_khibernate_v25] INFO  o.eclipse.m2e.core.internal.Bundles - 	Entry: C:\Users\ctorleo571\Desktop\eclipse\plugins\org.eclipse.m2e.maven.runtime_3.9.1100.20250811-2018\jars\maven-resolver-provider-3.9.11.jar
2026-01-15 17:40:54,949 [Worker-55: Launching Executing clean in C__Users_ctorleo571_Desktop_Proyectos_Tema2AD_Tema2AD_khibernate_v25] INFO  o.eclipse.m2e.core.internal.Bundles - 	Entry: C:\Users\ctorleo571\Desktop\eclipse\plugins\org.eclipse.m2e.maven.runtime_3.9.1100.20250811-2018\jars\maven-resolver-spi-1.9.24.jar
2026-01-15 17:40:54,949 [Worker-55: Launching Executing clean in C__Users_ctorleo571_Desktop_Proyectos_Tema2AD_Tema2AD_khibernate_v25] INFO  o.eclipse.m2e.core.internal.Bundles - 	Entry: C:\Users\ctorleo571\Desktop\eclipse\plugins\org.eclipse.m2e.maven.runtime_3.9.1100.20250811-2018\jars\maven-resolver-transport-file-1.9.24.jar
2026-01-15 17:40:54,949 [Worker-55: Launching Executing clean in C__Users_ctorleo571_Desktop_Proyectos_Tema2AD_Tema2AD_khibernate_v25] INFO  o.eclipse.m2e.core.internal.Bundles - 	Entry: C:\Users\ctorleo571\Desktop\eclipse\plugins\org.eclipse.m2e.maven.runtime_3.9.1100.20250811-2018\jars\maven-resolver-transport-http-1.9.24.jar
2026-01-15 17:40:54,949 [Worker-55: Launching Executing clean in C__Users_ctorleo571_Desktop_Proyectos_Tema2AD_Tema2AD_khibernate_v25] INFO  o.eclipse.m2e.core.internal.Bundles - 	Entry: C:\Users\ctorleo571\Desktop\eclipse\plugins\org.eclipse.m2e.maven.runtime_3.9.1100.20250811-2018\jars\maven-resolver-transport-wagon-1.9.24.jar
2026-01-15 17:40:54,949 [Worker-55: Launching Executing clean in C__Users_ctorleo571_Desktop_Proyectos_Tema2AD_Tema2AD_khibernate_v25] INFO  o.eclipse.m2e.core.internal.Bundles - 	Entry: C:\Users\ctorleo571\Desktop\eclipse\plugins\org.eclipse.m2e.maven.runtime_3.9.1100.20250811-2018\jars\maven-resolver-util-1.9.24.jar
2026-01-15 17:40:54,949 [Worker-55: Launching Executing clean in C__Users_ctorleo571_Desktop_Proyectos_Tema2AD_Tema2AD_khibernate_v25] INFO  o.eclipse.m2e.core.internal.Bundles - 	Entry: C:\Users\ctorleo571\Desktop\eclipse\plugins\org.eclipse.m2e.maven.runtime_3.9.1100.20250811-2018\jars\maven-settings-3.9.11.jar
2026-01-15 17:40:54,949 [Worker-55: Launching Executing clean in C__Users_ctorleo571_Desktop_Proyectos_Tema2AD_Tema2AD_khibernate_v25] INFO  o.eclipse.m2e.core.internal.Bundles - 	Entry: C:\Users\ctorleo571\Desktop\eclipse\plugins\org.eclipse.m2e.maven.runtime_3.9.1100.20250811-2018\jars\maven-settings-builder-3.9.11.jar
2026-01-15 17:40:54,949 [Worker-55: Launching Executing clean in C__Users_ctorleo571_Desktop_Proyectos_Tema2AD_Tema2AD_khibernate_v25] INFO  o.eclipse.m2e.core.internal.Bundles - 	Entry: C:\Users\ctorleo571\Desktop\eclipse\plugins\org.eclipse.m2e.maven.runtime_3.9.1100.20250811-2018\jars\maven-shared-utils-3.4.2.jar
2026-01-15 17:40:54,949 [Worker-55: Launching Executing clean in C__Users_ctorleo571_Desktop_Proyectos_Tema2AD_Tema2AD_khibernate_v25] INFO  o.eclipse.m2e.core.internal.Bundles - 	Entry: C:\Users\ctorleo571\Desktop\eclipse\plugins\org.eclipse.m2e.maven.runtime_3.9.1100.20250811-2018\jars\org.eclipse.sisu.inject-0.9.0.M4.jar
2026-01-15 17:40:54,950 [Worker-55: Launching Executing clean in C__Users_ctorleo571_Desktop_Proyectos_Tema2AD_Tema2AD_khibernate_v25] INFO  o.eclipse.m2e.core.internal.Bundles - 	Entry: C:\Users\ctorleo571\Desktop\eclipse\plugins\org.eclipse.m2e.maven.runtime_3.9.1100.20250811-2018\jars\org.eclipse.sisu.plexus-0.9.0.M4.jar
2026-01-15 17:40:54,950 [Worker-55: Launching Executing clean in C__Users_ctorleo571_Desktop_Proyectos_Tema2AD_Tema2AD_khibernate_v25] INFO  o.eclipse.m2e.core.internal.Bundles - 	Entry: C:\Users\ctorleo571\Desktop\eclipse\plugins\org.eclipse.m2e.maven.runtime_3.9.1100.20250811-2018\jars\plexus-build-api-0.0.7.jar
2026-01-15 17:40:54,950 [Worker-55: Launching Executing clean in C__Users_ctorleo571_Desktop_Proyectos_Tema2AD_Tema2AD_khibernate_v25] INFO  o.eclipse.m2e.core.internal.Bundles - 	Entry: C:\Users\ctorleo571\Desktop\eclipse\plugins\org.eclipse.m2e.maven.runtime_3.9.1100.20250811-2018\jars\plexus-build-api-1.2.0.jar
2026-01-15 17:40:54,950 [Worker-55: Launching Executing clean in C__Users_ctorleo571_Desktop_Proyectos_Tema2AD_Tema2AD_khibernate_v25] INFO  o.eclipse.m2e.core.internal.Bundles - 	Entry: C:\Users\ctorleo571\Desktop\eclipse\plugins\org.eclipse.m2e.maven.runtime_3.9.1100.20250811-2018\jars\plexus-cipher-2.0.jar
2026-01-15 17:40:54,950 [Worker-55: Launching Executing clean in C__Users_ctorleo571_Desktop_Proyectos_Tema2AD_Tema2AD_khibernate_v25] INFO  o.eclipse.m2e.core.internal.Bundles - 	Entry: C:\Users\ctorleo571\Desktop\eclipse\plugins\org.eclipse.m2e.maven.runtime_3.9.1100.20250811-2018\jars\plexus-classworlds-2.9.0.jar
2026-01-15 17:40:54,950 [Worker-55: Launching Executing clean in C__Users_ctorleo571_Desktop_Proyectos_Tema2AD_Tema2AD_khibernate_v25] INFO  o.eclipse.m2e.core.internal.Bundles - 	Entry: C:\Users\ctorleo571\Desktop\eclipse\plugins\org.eclipse.m2e.maven.runtime_3.9.1100.20250811-2018\jars\plexus-component-annotations-2.2.0.jar
2026-01-15 17:40:54,950 [Worker-55: Launching Executing clean in C__Users_ctorleo571_Desktop_Proyectos_Tema2AD_Tema2AD_khibernate_v25] INFO  o.eclipse.m2e.core.internal.Bundles - 	Entry: C:\Users\ctorleo571\Desktop\eclipse\plugins\org.eclipse.m2e.maven.runtime_3.9.1100.20250811-2018\jars\plexus-interpolation-1.28.jar
2026-01-15 17:40:54,950 [Worker-55: Launching Executing clean in C__Users_ctorleo571_Desktop_Proyectos_Tema2AD_Tema2AD_khibernate_v25] INFO  o.eclipse.m2e.core.internal.Bundles - 	Entry: C:\Users\ctorleo571\Desktop\eclipse\plugins\org.eclipse.m2e.maven.runtime_3.9.1100.20250811-2018\jars\plexus-sec-dispatcher-2.0.jar
2026-01-15 17:40:54,950 [Worker-55: Launching Executing clean in C__Users_ctorleo571_Desktop_Proyectos_Tema2AD_Tema2AD_khibernate_v25] INFO  o.eclipse.m2e.core.internal.Bundles - 	Entry: C:\Users\ctorleo571\Desktop\eclipse\plugins\org.eclipse.m2e.maven.runtime_3.9.1100.20250811-2018\jars\plexus-utils-3.6.0.jar
2026-01-15 17:40:54,950 [Worker-55: Launching Executing clean in C__Users_ctorleo571_Desktop_Proyectos_Tema2AD_Tema2AD_khibernate_v25] INFO  o.eclipse.m2e.core.internal.Bundles - 	Entry: C:\Users\ctorleo571\Desktop\eclipse\plugins\org.eclipse.m2e.maven.runtime_3.9.1100.20250811-2018\jars\wagon-file-3.5.3.jar
2026-01-15 17:40:54,950 [Worker-55: Launching Executing clean in C__Users_ctorleo571_Desktop_Proyectos_Tema2AD_Tema2AD_khibernate_v25] INFO  o.eclipse.m2e.core.internal.Bundles - 	Entry: C:\Users\ctorleo571\Desktop\eclipse\plugins\org.eclipse.m2e.maven.runtime_3.9.1100.20250811-2018\jars\wagon-http-3.5.3.jar
2026-01-15 17:40:54,950 [Worker-55: Launching Executing clean in C__Users_ctorleo571_Desktop_Proyectos_Tema2AD_Tema2AD_khibernate_v25] INFO  o.eclipse.m2e.core.internal.Bundles - 	Entry: C:\Users\ctorleo571\Desktop\eclipse\plugins\org.eclipse.m2e.maven.runtime_3.9.1100.20250811-2018\jars\wagon-http-shared-3.5.3.jar
2026-01-15 17:40:54,950 [Worker-55: Launching Executing clean in C__Users_ctorleo571_Desktop_Proyectos_Tema2AD_Tema2AD_khibernate_v25] INFO  o.eclipse.m2e.core.internal.Bundles - 	Entry: C:\Users\ctorleo571\Desktop\eclipse\plugins\org.eclipse.m2e.maven.runtime_3.9.1100.20250811-2018\jars\wagon-provider-api-3.5.3.jar
2026-01-15 17:40:54,951 [Worker-55: Launching Executing clean in C__Users_ctorleo571_Desktop_Proyectos_Tema2AD_Tema2AD_khibernate_v25] INFO  o.eclipse.m2e.core.internal.Bundles - getClasspathEntries(Bundle=com.google.guava_33.4.8.jre [18])
2026-01-15 17:40:54,951 [Worker-55: Launching Executing clean in C__Users_ctorleo571_Desktop_Proyectos_Tema2AD_Tema2AD_khibernate_v25] INFO  o.eclipse.m2e.core.internal.Bundles - 	Entry: C:\Users\ctorleo571\Desktop\eclipse\plugins\com.google.guava_33.4.8.jre.jar
2026-01-15 17:40:54,951 [Worker-55: Launching Executing clean in C__Users_ctorleo571_Desktop_Proyectos_Tema2AD_Tema2AD_khibernate_v25] INFO  o.eclipse.m2e.core.internal.Bundles - getClasspathEntries(Bundle=slf4j.api_2.0.17 [1007])
2026-01-15 17:40:54,951 [Worker-55: Launching Executing clean in C__Users_ctorleo571_Desktop_Proyectos_Tema2AD_Tema2AD_khibernate_v25] INFO  o.eclipse.m2e.core.internal.Bundles - 	Entry: C:\Users\ctorleo571\Desktop\eclipse\plugins\slf4j.api_2.0.17.jar
2026-01-15 17:40:54,951 [Worker-55: Launching Executing clean in C__Users_ctorleo571_Desktop_Proyectos_Tema2AD_Tema2AD_khibernate_v25] INFO  o.eclipse.m2e.core.internal.Bundles - getClasspathEntries(Bundle=jakarta.inject.jakarta.inject-api_1.0.5 [35])
2026-01-15 17:40:54,951 [Worker-55: Launching Executing clean in C__Users_ctorleo571_Desktop_Proyectos_Tema2AD_Tema2AD_khibernate_v25] INFO  o.eclipse.m2e.core.internal.Bundles - 	Entry: C:\Users\ctorleo571\Desktop\eclipse\plugins\jakarta.inject.jakarta.inject-api_1.0.5.jar
2026-01-15 17:40:54,951 [Worker-55: Launching Executing clean in C__Users_ctorleo571_Desktop_Proyectos_Tema2AD_Tema2AD_khibernate_v25] INFO  o.eclipse.m2e.core.internal.Bundles - getClasspathEntries(Bundle=jakarta.annotation-api_1.3.5 [31])
2026-01-15 17:40:54,952 [Worker-55: Launching Executing clean in C__Users_ctorleo571_Desktop_Proyectos_Tema2AD_Tema2AD_khibernate_v25] INFO  o.eclipse.m2e.core.internal.Bundles - 	Entry: C:\Users\ctorleo571\Desktop\eclipse\plugins\jakarta.annotation-api_1.3.5.jar
2026-01-15 17:40:54,952 [Worker-55: Launching Executing clean in C__Users_ctorleo571_Desktop_Proyectos_Tema2AD_Tema2AD_khibernate_v25] INFO  o.eclipse.m2e.core.internal.Bundles - getClasspathEntries(Bundle=org.apache.commons.cli_1.10.0 [75])
2026-01-15 17:40:54,952 [Worker-55: Launching Executing clean in C__Users_ctorleo571_Desktop_Proyectos_Tema2AD_Tema2AD_khibernate_v25] INFO  o.eclipse.m2e.core.internal.Bundles - 	Entry: C:\Users\ctorleo571\Desktop\eclipse\plugins\org.apache.commons.cli_1.10.0.jar
2026-01-15 17:40:54,952 [Worker-55: Launching Executing clean in C__Users_ctorleo571_Desktop_Proyectos_Tema2AD_Tema2AD_khibernate_v25] INFO  o.eclipse.m2e.core.internal.Bundles - getClasspathEntries(Bundle=org.apache.commons.commons-codec_1.19.0 [77])
2026-01-15 17:40:54,952 [Worker-55: Launching Executing clean in C__Users_ctorleo571_Desktop_Proyectos_Tema2AD_Tema2AD_khibernate_v25] INFO  o.eclipse.m2e.core.internal.Bundles - 	Entry: C:\Users\ctorleo571\Desktop\eclipse\plugins\org.apache.commons.commons-codec_1.19.0.jar
2026-01-15 17:40:54,952 [Worker-55: Launching Executing clean in C__Users_ctorleo571_Desktop_Proyectos_Tema2AD_Tema2AD_khibernate_v25] INFO  o.eclipse.m2e.core.internal.Bundles - getClasspathEntries(Bundle=com.google.guava.failureaccess_1.0.3 [19])
2026-01-15 17:40:54,952 [Worker-55: Launching Executing clean in C__Users_ctorleo571_Desktop_Proyectos_Tema2AD_Tema2AD_khibernate_v25] INFO  o.eclipse.m2e.core.internal.Bundles - 	Entry: C:\Users\ctorleo571\Desktop\eclipse\plugins\com.google.guava.failureaccess_1.0.3.jar
2026-01-15 17:40:54,953 [Worker-55: Launching Executing clean in C__Users_ctorleo571_Desktop_Proyectos_Tema2AD_Tema2AD_khibernate_v25] INFO  o.e.m.i.launch.MavenLaunchDelegate - Run build in "C:\Users\ctorleo571\Desktop\Proyectos\Tema2AD\Tema2AD\khibernate_v25":
2026-01-15 17:40:54,954 [Worker-55: Launching Executing clean in C__Users_ctorleo571_Desktop_Proyectos_Tema2AD_Tema2AD_khibernate_v25] INFO  o.e.m.i.launch.MavenLaunchDelegate -  mvn  -B -Dstyle.color=always clean
2026-01-15 17:43:04,681 [Worker-29: Updating Maven Project] INFO  o.e.m.c.i.p.ProjectConfigurationManager - Update started
2026-01-15 17:43:04,911 [Worker-29: Updating Maven Project] INFO  o.e.m.c.i.l.LifecycleMappingFactory - Using org.eclipse.m2e.jdt.JarLifecycleMapping lifecycle mapping for MavenProject: Tema4CarlosTorresLeon:khibernate_v25:0.0.1-SNAPSHOT @ C:\Users\ctorleo571\Desktop\Proyectos\Tema2AD\Tema2AD\khibernate_v25\pom.xml.
2026-01-15 17:43:05,443 [Worker-29: Updating Maven Project] INFO  o.e.m.j.i.AbstractJavaProjectConfigurator - Adding source folder /khibernate_v25/src/main/java
2026-01-15 17:43:05,445 [Worker-29: Updating Maven Project] INFO  o.e.m.j.i.AbstractJavaProjectConfigurator - Adding resource folder /khibernate_v25/src/main/resources
2026-01-15 17:43:05,446 [Worker-29: Updating Maven Project] INFO  o.e.m.j.i.AbstractJavaProjectConfigurator - Adding source folder /khibernate_v25/src/test/java
2026-01-15 17:43:05,447 [Worker-29: Updating Maven Project] INFO  o.e.m.j.i.AbstractJavaProjectConfigurator - Adding resource folder /khibernate_v25/src/test/resources
2026-01-15 17:43:05,491 [Worker-29: Updating Maven Project] WARN  o.apache.maven.project.MavenProject - Direct modification of compileSourceRoots through clear() is deprecated and will not work in Maven 4.0.0. Please use the add/remove methods instead. If you're using a plugin that causes this warning, please upgrade to the latest version and report an issue if the warning persists. To disable these warnings, set -Dmaven.project.sourceRoots.warningsDisabled=true on the command line, in the .mvn/maven.config file, or in project POM properties.
2026-01-15 17:43:05,491 [Worker-29: Updating Maven Project] WARN  o.apache.maven.project.MavenProject - Direct modification of compileSourceRoots through add() is deprecated and will not work in Maven 4.0.0. Please use the add/remove methods instead. If you're using a plugin that causes this warning, please upgrade to the latest version and report an issue if the warning persists. To disable these warnings, set -Dmaven.project.sourceRoots.warningsDisabled=true on the command line, in the .mvn/maven.config file, or in project POM properties.
2026-01-15 17:43:05,492 [Worker-29: Updating Maven Project] WARN  o.apache.maven.project.MavenProject - Direct modification of testCompileSourceRoots through clear() is deprecated and will not work in Maven 4.0.0. Please use the add/remove methods instead. If you're using a plugin that causes this warning, please upgrade to the latest version and report an issue if the warning persists. To disable these warnings, set -Dmaven.project.sourceRoots.warningsDisabled=true on the command line, in the .mvn/maven.config file, or in project POM properties.
2026-01-15 17:43:05,493 [Worker-29: Updating Maven Project] WARN  o.apache.maven.project.MavenProject - Direct modification of testCompileSourceRoots through add() is deprecated and will not work in Maven 4.0.0. Please use the add/remove methods instead. If you're using a plugin that causes this warning, please upgrade to the latest version and report an issue if the warning persists. To disable these warnings, set -Dmaven.project.sourceRoots.warningsDisabled=true on the command line, in the .mvn/maven.config file, or in project POM properties.
2026-01-15 17:43:05,521 [Worker-29: Updating Maven Project] INFO  o.e.m.c.i.p.ProjectConfigurationManager - Update completed for 1 poms: local refresh takes 0,00 sec, refresh facades takes 0,00 sec, update config takes 0,00 sec 
2026-01-15 17:43:05,706 [Worker-47: Building] INFO  o.a.m.s.f.DefaultMavenResourcesFiltering - skip non existing resourceDirectory C:\Users\ctorleo571\Desktop\Proyectos\Tema2AD\Tema2AD\khibernate_v25\src\main\resources
2026-01-15 17:43:05,710 [Worker-47: Building] INFO  o.a.m.s.f.DefaultMavenResourcesFiltering - skip non existing resourceDirectory C:\Users\ctorleo571\Desktop\Proyectos\Tema2AD\Tema2AD\khibernate_v25\src\test\resources
2026-01-15 17:43:05,919 [Worker-47: Building] WARN  o.apache.maven.project.MavenProject - Direct modification of compileSourceRoots through clear() is deprecated and will not work in Maven 4.0.0. Please use the add/remove methods instead. If you're using a plugin that causes this warning, please upgrade to the latest version and report an issue if the warning persists. To disable these warnings, set -Dmaven.project.sourceRoots.warningsDisabled=true on the command line, in the .mvn/maven.config file, or in project POM properties.
2026-01-15 17:43:05,920 [Worker-47: Building] WARN  o.apache.maven.project.MavenProject - Direct modification of compileSourceRoots through add() is deprecated and will not work in Maven 4.0.0. Please use the add/remove methods instead. If you're using a plugin that causes this warning, please upgrade to the latest version and report an issue if the warning persists. To disable these warnings, set -Dmaven.project.sourceRoots.warningsDisabled=true on the command line, in the .mvn/maven.config file, or in project POM properties.
2026-01-15 17:43:05,920 [Worker-47: Building] WARN  o.apache.maven.project.MavenProject - Direct modification of testCompileSourceRoots through clear() is deprecated and will not work in Maven 4.0.0. Please use the add/remove methods instead. If you're using a plugin that causes this warning, please upgrade to the latest version and report an issue if the warning persists. To disable these warnings, set -Dmaven.project.sourceRoots.warningsDisabled=true on the command line, in the .mvn/maven.config file, or in project POM properties.
2026-01-15 17:43:05,920 [Worker-47: Building] WARN  o.apache.maven.project.MavenProject - Direct modification of testCompileSourceRoots through add() is deprecated and will not work in Maven 4.0.0. Please use the add/remove methods instead. If you're using a plugin that causes this warning, please upgrade to the latest version and report an issue if the warning persists. To disable these warnings, set -Dmaven.project.sourceRoots.warningsDisabled=true on the command line, in the .mvn/maven.config file, or in project POM properties.
2026-01-15 17:43:32,410 [Worker-57: Download sources and javadoc] INFO  o.e.m.j.internal.DownloadSourcesJob - Downloaded sources for junit:junit:3.8.1
2026-01-15 17:43:32,413 [Worker-57: Download sources and javadoc] INFO  o.e.m.j.internal.DownloadSourcesJob - Downloaded sources for org.hibernate:hibernate-core:5.6.15.Final
2026-01-15 17:43:32,416 [Worker-57: Download sources and javadoc] INFO  o.e.m.j.internal.DownloadSourcesJob - Downloaded sources for org.jboss.logging:jboss-logging:3.4.3.Final
2026-01-15 17:43:32,418 [Worker-57: Download sources and javadoc] INFO  o.e.m.j.internal.DownloadSourcesJob - Downloaded sources for javax.persistence:javax.persistence-api:2.2
2026-01-15 17:43:32,421 [Worker-57: Download sources and javadoc] INFO  o.e.m.j.internal.DownloadSourcesJob - Downloaded sources for net.bytebuddy:byte-buddy:1.12.18
2026-01-15 17:43:32,424 [Worker-57: Download sources and javadoc] INFO  o.e.m.j.internal.DownloadSourcesJob - Downloaded sources for org.jboss.spec.javax.transaction:jboss-transaction-api_1.2_spec:1.1.1.Final
2026-01-15 17:43:32,426 [Worker-57: Download sources and javadoc] INFO  o.e.m.j.internal.DownloadSourcesJob - Downloaded sources for org.jboss:jandex:2.4.2.Final
2026-01-15 17:43:32,429 [Worker-57: Download sources and javadoc] INFO  o.e.m.j.internal.DownloadSourcesJob - Downloaded sources for com.fasterxml:classmate:1.5.1
2026-01-15 17:43:32,432 [Worker-57: Download sources and javadoc] INFO  o.e.m.j.internal.DownloadSourcesJob - Downloaded sources for javax.activation:javax.activation-api:1.2.0
2026-01-15 17:43:32,434 [Worker-57: Download sources and javadoc] INFO  o.e.m.j.internal.DownloadSourcesJob - Downloaded sources for org.hibernate.common:hibernate-commons-annotations:5.1.2.Final
2026-01-15 17:43:32,437 [Worker-57: Download sources and javadoc] INFO  o.e.m.j.internal.DownloadSourcesJob - Downloaded sources for javax.xml.bind:jaxb-api:2.3.1
2026-01-15 17:43:32,439 [Worker-57: Download sources and javadoc] INFO  o.e.m.j.internal.DownloadSourcesJob - Downloaded sources for org.glassfish.jaxb:jaxb-runtime:2.3.1
2026-01-15 17:43:32,442 [Worker-57: Download sources and javadoc] INFO  o.e.m.j.internal.DownloadSourcesJob - Downloaded sources for org.glassfish.jaxb:txw2:2.3.1
2026-01-15 17:43:32,444 [Worker-57: Download sources and javadoc] INFO  o.e.m.j.internal.DownloadSourcesJob - Downloaded sources for com.sun.istack:istack-commons-runtime:3.0.7
2026-01-15 17:43:32,447 [Worker-57: Download sources and javadoc] INFO  o.e.m.j.internal.DownloadSourcesJob - Downloaded sources for org.jvnet.staxex:stax-ex:1.8
2026-01-15 17:43:32,449 [Worker-57: Download sources and javadoc] INFO  o.e.m.j.internal.DownloadSourcesJob - Downloaded sources for com.sun.xml.fastinfoset:FastInfoset:1.2.15
2026-01-15 17:43:32,452 [Worker-57: Download sources and javadoc] INFO  o.e.m.j.internal.DownloadSourcesJob - Downloaded sources for com.mysql:mysql-connector-j:9.5.0
2026-01-15 17:43:32,454 [Worker-57: Download sources and javadoc] INFO  o.e.m.j.internal.DownloadSourcesJob - Downloaded sources for com.google.protobuf:protobuf-java:4.31.1
2026-01-15 17:46:18,036 [Worker-62: Building] INFO  o.a.m.s.f.DefaultMavenResourcesFiltering - skip non existing resourceDirectory C:\Users\ctorleo571\Desktop\Proyectos\Tema2AD\Tema2AD\khibernate_v25\src\main\resources
2026-01-15 17:46:18,040 [Worker-62: Building] INFO  o.a.m.s.f.DefaultMavenResourcesFiltering - skip non existing resourceDirectory C:\Users\ctorleo571\Desktop\Proyectos\Tema2AD\Tema2AD\khibernate_v25\src\test\resources
2026-01-15 17:46:18,040 [Worker-62: Building] WARN  o.apache.maven.project.MavenProject - Direct modification of compileSourceRoots through clear() is deprecated and will not work in Maven 4.0.0. Please use the add/remove methods instead. If you're using a plugin that causes this warning, please upgrade to the latest version and report an issue if the warning persists. To disable these warnings, set -Dmaven.project.sourceRoots.warningsDisabled=true on the command line, in the .mvn/maven.config file, or in project POM properties.
2026-01-15 17:46:18,041 [Worker-62: Building] WARN  o.apache.maven.project.MavenProject - Direct modification of compileSourceRoots through add() is deprecated and will not work in Maven 4.0.0. Please use the add/remove methods instead. If you're using a plugin that causes this warning, please upgrade to the latest version and report an issue if the warning persists. To disable these warnings, set -Dmaven.project.sourceRoots.warningsDisabled=true on the command line, in the .mvn/maven.config file, or in project POM properties.
2026-01-15 17:46:18,042 [Worker-62: Building] WARN  o.apache.maven.project.MavenProject - Direct modification of testCompileSourceRoots through clear() is deprecated and will not work in Maven 4.0.0. Please use the add/remove methods instead. If you're using a plugin that causes this warning, please upgrade to the latest version and report an issue if the warning persists. To disable these warnings, set -Dmaven.project.sourceRoots.warningsDisabled=true on the command line, in the .mvn/maven.config file, or in project POM properties.
2026-01-15 17:46:18,043 [Worker-62: Building] WARN  o.apache.maven.project.MavenProject - Direct modification of testCompileSourceRoots through add() is deprecated and will not work in Maven 4.0.0. Please use the add/remove methods instead. If you're using a plugin that causes this warning, please upgrade to the latest version and report an issue if the warning persists. To disable these warnings, set -Dmaven.project.sourceRoots.warningsDisabled=true on the command line, in the .mvn/maven.config file, or in project POM properties.
2026-01-15 17:47:09,224 [Worker-59: Building] INFO  o.a.m.s.f.DefaultMavenResourcesFiltering - skip non existing resourceDirectory C:\Users\ctorleo571\Desktop\Proyectos\Tema2AD\Tema2AD\khibernate_v25\src\main\resources
2026-01-15 17:47:09,226 [Worker-59: Building] INFO  o.a.m.s.f.DefaultMavenResourcesFiltering - skip non existing resourceDirectory C:\Users\ctorleo571\Desktop\Proyectos\Tema2AD\Tema2AD\khibernate_v25\src\test\resources
2026-01-15 17:47:09,226 [Worker-59: Building] WARN  o.apache.maven.project.MavenProject - Direct modification of compileSourceRoots through clear() is deprecated and will not work in Maven 4.0.0. Please use the add/remove methods instead. If you're using a plugin that causes this warning, please upgrade to the latest version and report an issue if the warning persists. To disable these warnings, set -Dmaven.project.sourceRoots.warningsDisabled=true on the command line, in the .mvn/maven.config file, or in project POM properties.
2026-01-15 17:47:09,227 [Worker-59: Building] WARN  o.apache.maven.project.MavenProject - Direct modification of compileSourceRoots through add() is deprecated and will not work in Maven 4.0.0. Please use the add/remove methods instead. If you're using a plugin that causes this warning, please upgrade to the latest version and report an issue if the warning persists. To disable these warnings, set -Dmaven.project.sourceRoots.warningsDisabled=true on the command line, in the .mvn/maven.config file, or in project POM properties.
2026-01-15 17:47:09,228 [Worker-59: Building] WARN  o.apache.maven.project.MavenProject - Direct modification of testCompileSourceRoots through clear() is deprecated and will not work in Maven 4.0.0. Please use the add/remove methods instead. If you're using a plugin that causes this warning, please upgrade to the latest version and report an issue if the warning persists. To disable these warnings, set -Dmaven.project.sourceRoots.warningsDisabled=true on the command line, in the .mvn/maven.config file, or in project POM properties.
2026-01-15 17:47:09,229 [Worker-59: Building] WARN  o.apache.maven.project.MavenProject - Direct modification of testCompileSourceRoots through add() is deprecated and will not work in Maven 4.0.0. Please use the add/remove methods instead. If you're using a plugin that causes this warning, please upgrade to the latest version and report an issue if the warning persists. To disable these warnings, set -Dmaven.project.sourceRoots.warningsDisabled=true on the command line, in the .mvn/maven.config file, or in project POM properties.
2026-01-15 18:03:23,838 [Worker-65: Building] INFO  o.e.m.c.i.e.AbstractTransferListenerAdapter - Downloading https://repo.maven.apache.org/maven2/com/mysql/mysql-connector-j/8.4.0/mysql-connector-j-8.4.0.pom
2026-01-15 18:03:23,846 [Worker-65: Building] INFO  o.e.m.c.i.e.AbstractTransferListenerAdapter - Downloaded https://repo.maven.apache.org/maven2/com/mysql/mysql-connector-j/8.4.0/mysql-connector-j-8.4.0.pom
2026-01-15 18:03:23,887 [Worker-65: Building] INFO  o.e.m.c.i.e.AbstractTransferListenerAdapter - Downloading https://repo.maven.apache.org/maven2/com/google/protobuf/protobuf-java/3.25.1/protobuf-java-3.25.1.pom
2026-01-15 18:03:23,890 [Worker-65: Building] INFO  o.e.m.c.i.e.AbstractTransferListenerAdapter - Downloaded https://repo.maven.apache.org/maven2/com/google/protobuf/protobuf-java/3.25.1/protobuf-java-3.25.1.pom
2026-01-15 18:03:23,928 [Worker-65: Building] INFO  o.e.m.c.i.e.AbstractTransferListenerAdapter - Downloading https://repo.maven.apache.org/maven2/com/google/protobuf/protobuf-parent/3.25.1/protobuf-parent-3.25.1.pom
2026-01-15 18:03:23,932 [Worker-65: Building] INFO  o.e.m.c.i.e.AbstractTransferListenerAdapter - Downloaded https://repo.maven.apache.org/maven2/com/google/protobuf/protobuf-parent/3.25.1/protobuf-parent-3.25.1.pom
2026-01-15 18:03:23,971 [Worker-65: Building] INFO  o.e.m.c.i.e.AbstractTransferListenerAdapter - Downloading https://repo.maven.apache.org/maven2/com/google/protobuf/protobuf-bom/3.25.1/protobuf-bom-3.25.1.pom
2026-01-15 18:03:23,974 [Worker-65: Building] INFO  o.e.m.c.i.e.AbstractTransferListenerAdapter - Downloaded https://repo.maven.apache.org/maven2/com/google/protobuf/protobuf-bom/3.25.1/protobuf-bom-3.25.1.pom
2026-01-15 18:03:24,013 [Worker-65: Building] INFO  o.e.m.c.i.e.AbstractTransferListenerAdapter - Downloading https://repo.maven.apache.org/maven2/org/slf4j/slf4j-simple/1.7.36/slf4j-simple-1.7.36.pom
2026-01-15 18:03:24,017 [Worker-65: Building] INFO  o.e.m.c.i.e.AbstractTransferListenerAdapter - Downloaded https://repo.maven.apache.org/maven2/org/slf4j/slf4j-simple/1.7.36/slf4j-simple-1.7.36.pom
2026-01-15 18:03:24,081 [Worker-65: Building] INFO  o.e.m.c.i.e.AbstractTransferListenerAdapter - Downloading https://repo.maven.apache.org/maven2/com/mysql/mysql-connector-j/8.4.0/mysql-connector-j-8.4.0.jar
2026-01-15 18:03:24,168 [Worker-65: Building] INFO  o.e.m.c.i.e.AbstractTransferListenerAdapter - Downloaded https://repo.maven.apache.org/maven2/com/mysql/mysql-connector-j/8.4.0/mysql-connector-j-8.4.0.jar
2026-01-15 18:03:24,200 [BasicRepositoryConnector-repo.maven.apache.org-0-1] INFO  o.e.m.c.i.e.AbstractTransferListenerAdapter - Downloading https://repo.maven.apache.org/maven2/org/slf4j/slf4j-simple/1.7.36/slf4j-simple-1.7.36.jar
2026-01-15 18:03:24,204 [BasicRepositoryConnector-repo.maven.apache.org-0-1] INFO  o.e.m.c.i.e.AbstractTransferListenerAdapter - Downloaded https://repo.maven.apache.org/maven2/org/slf4j/slf4j-simple/1.7.36/slf4j-simple-1.7.36.jar
2026-01-15 18:03:24,237 [BasicRepositoryConnector-repo.maven.apache.org-0-0] INFO  o.e.m.c.i.e.AbstractTransferListenerAdapter - Downloading https://repo.maven.apache.org/maven2/com/google/protobuf/protobuf-java/3.25.1/protobuf-java-3.25.1.jar
2026-01-15 18:03:24,326 [BasicRepositoryConnector-repo.maven.apache.org-0-0] INFO  o.e.m.c.i.e.AbstractTransferListenerAdapter - Downloaded https://repo.maven.apache.org/maven2/com/google/protobuf/protobuf-java/3.25.1/protobuf-java-3.25.1.jar
2026-01-15 18:03:24,463 [Worker-65: Building] INFO  o.e.m.c.i.l.LifecycleMappingFactory - Using org.eclipse.m2e.jdt.JarLifecycleMapping lifecycle mapping for MavenProject: tema2ad:ad_1a_hibernate:1.0.0 @ C:\Users\ctorleo571\Desktop\Proyectos\Tema2AD\Tema2AD\khibernate_v25\pom.xml.
2026-01-15 18:03:24,612 [Worker-65: Building] INFO  o.a.m.s.f.DefaultMavenResourcesFiltering - skip non existing resourceDirectory C:\Users\ctorleo571\Desktop\Proyectos\Tema2AD\Tema2AD\khibernate_v25\src\main\resources
2026-01-15 18:03:24,616 [Worker-65: Building] INFO  o.a.m.s.f.DefaultMavenResourcesFiltering - skip non existing resourceDirectory C:\Users\ctorleo571\Desktop\Proyectos\Tema2AD\Tema2AD\khibernate_v25\src\test\resources
2026-01-15 18:03:24,883 [Worker-65: Building] WARN  o.apache.maven.project.MavenProject - Direct modification of compileSourceRoots through clear() is deprecated and will not work in Maven 4.0.0. Please use the add/remove methods instead. If you're using a plugin that causes this warning, please upgrade to the latest version and report an issue if the warning persists. To disable these warnings, set -Dmaven.project.sourceRoots.warningsDisabled=true on the command line, in the .mvn/maven.config file, or in project POM properties.
2026-01-15 18:03:24,884 [Worker-65: Building] WARN  o.apache.maven.project.MavenProject - Direct modification of compileSourceRoots through add() is deprecated and will not work in Maven 4.0.0. Please use the add/remove methods instead. If you're using a plugin that causes this warning, please upgrade to the latest version and report an issue if the warning persists. To disable these warnings, set -Dmaven.project.sourceRoots.warningsDisabled=true on the command line, in the .mvn/maven.config file, or in project POM properties.
2026-01-15 18:03:24,884 [Worker-65: Building] WARN  o.apache.maven.project.MavenProject - Direct modification of testCompileSourceRoots through clear() is deprecated and will not work in Maven 4.0.0. Please use the add/remove methods instead. If you're using a plugin that causes this warning, please upgrade to the latest version and report an issue if the warning persists. To disable these warnings, set -Dmaven.project.sourceRoots.warningsDisabled=true on the command line, in the .mvn/maven.config file, or in project POM properties.
2026-01-15 18:03:24,885 [Worker-65: Building] WARN  o.apache.maven.project.MavenProject - Direct modification of testCompileSourceRoots through add() is deprecated and will not work in Maven 4.0.0. Please use the add/remove methods instead. If you're using a plugin that causes this warning, please upgrade to the latest version and report an issue if the warning persists. To disable these warnings, set -Dmaven.project.sourceRoots.warningsDisabled=true on the command line, in the .mvn/maven.config file, or in project POM properties.
2026-01-15 18:03:25,580 [Worker-66: Download sources and javadoc] INFO  o.e.m.c.i.e.AbstractTransferListenerAdapter - Downloading https://repo.maven.apache.org/maven2/com/mysql/mysql-connector-j/8.4.0/mysql-connector-j-8.4.0-sources.jar
2026-01-15 18:03:25,654 [Worker-66: Download sources and javadoc] INFO  o.e.m.c.i.e.AbstractTransferListenerAdapter - Downloaded https://repo.maven.apache.org/maven2/com/mysql/mysql-connector-j/8.4.0/mysql-connector-j-8.4.0-sources.jar
2026-01-15 18:03:25,658 [Worker-66: Download sources and javadoc] INFO  o.e.m.j.internal.DownloadSourcesJob - Downloaded sources for com.mysql:mysql-connector-j:8.4.0
2026-01-15 18:03:25,720 [Worker-66: Download sources and javadoc] INFO  o.e.m.c.i.e.AbstractTransferListenerAdapter - Downloading https://repo.maven.apache.org/maven2/com/google/protobuf/protobuf-java/3.25.1/protobuf-java-3.25.1-sources.jar
2026-01-15 18:03:25,771 [Worker-66: Download sources and javadoc] INFO  o.e.m.c.i.e.AbstractTransferListenerAdapter - Downloaded https://repo.maven.apache.org/maven2/com/google/protobuf/protobuf-java/3.25.1/protobuf-java-3.25.1-sources.jar
2026-01-15 18:03:25,774 [Worker-66: Download sources and javadoc] INFO  o.e.m.j.internal.DownloadSourcesJob - Downloaded sources for com.google.protobuf:protobuf-java:3.25.1
2026-01-15 18:03:25,845 [Worker-66: Download sources and javadoc] INFO  o.e.m.c.i.e.AbstractTransferListenerAdapter - Downloading https://repo.maven.apache.org/maven2/org/slf4j/slf4j-simple/1.7.36/slf4j-simple-1.7.36-sources.jar
2026-01-15 18:03:25,848 [Worker-66: Download sources and javadoc] INFO  o.e.m.c.i.e.AbstractTransferListenerAdapter - Downloaded https://repo.maven.apache.org/maven2/org/slf4j/slf4j-simple/1.7.36/slf4j-simple-1.7.36-sources.jar
2026-01-15 18:03:25,851 [Worker-66: Download sources and javadoc] INFO  o.e.m.j.internal.DownloadSourcesJob - Downloaded sources for org.slf4j:slf4j-simple:1.7.36
2026-01-15 18:03:25,924 [Worker-66: Download sources and javadoc] INFO  o.e.m.c.i.e.AbstractTransferListenerAdapter - Downloading https://repo.maven.apache.org/maven2/org/slf4j/slf4j-api/1.7.36/slf4j-api-1.7.36-sources.jar
2026-01-15 18:03:25,931 [Worker-66: Download sources and javadoc] INFO  o.e.m.c.i.e.AbstractTransferListenerAdapter - Downloaded https://repo.maven.apache.org/maven2/org/slf4j/slf4j-api/1.7.36/slf4j-api-1.7.36-sources.jar
2026-01-15 18:03:25,934 [Worker-66: Download sources and javadoc] INFO  o.e.m.j.internal.DownloadSourcesJob - Downloaded sources for org.slf4j:slf4j-api:1.7.36
2026-01-15 18:03:26,119 [Worker-68: Building] INFO  o.a.m.s.f.DefaultMavenResourcesFiltering - skip non existing resourceDirectory C:\Users\ctorleo571\Desktop\Proyectos\Tema2AD\Tema2AD\khibernate_v25\src\main\resources
2026-01-15 18:03:26,121 [Worker-68: Building] INFO  o.a.m.s.f.DefaultMavenResourcesFiltering - skip non existing resourceDirectory C:\Users\ctorleo571\Desktop\Proyectos\Tema2AD\Tema2AD\khibernate_v25\src\test\resources
2026-01-15 18:03:26,132 [Worker-68: Building] WARN  o.apache.maven.project.MavenProject - Direct modification of compileSourceRoots through clear() is deprecated and will not work in Maven 4.0.0. Please use the add/remove methods instead. If you're using a plugin that causes this warning, please upgrade to the latest version and report an issue if the warning persists. To disable these warnings, set -Dmaven.project.sourceRoots.warningsDisabled=true on the command line, in the .mvn/maven.config file, or in project POM properties.
2026-01-15 18:03:26,133 [Worker-68: Building] WARN  o.apache.maven.project.MavenProject - Direct modification of compileSourceRoots through add() is deprecated and will not work in Maven 4.0.0. Please use the add/remove methods instead. If you're using a plugin that causes this warning, please upgrade to the latest version and report an issue if the warning persists. To disable these warnings, set -Dmaven.project.sourceRoots.warningsDisabled=true on the command line, in the .mvn/maven.config file, or in project POM properties.
2026-01-15 18:03:26,134 [Worker-68: Building] WARN  o.apache.maven.project.MavenProject - Direct modification of testCompileSourceRoots through clear() is deprecated and will not work in Maven 4.0.0. Please use the add/remove methods instead. If you're using a plugin that causes this warning, please upgrade to the latest version and report an issue if the warning persists. To disable these warnings, set -Dmaven.project.sourceRoots.warningsDisabled=true on the command line, in the .mvn/maven.config file, or in project POM properties.
2026-01-15 18:03:26,134 [Worker-68: Building] WARN  o.apache.maven.project.MavenProject - Direct modification of testCompileSourceRoots through add() is deprecated and will not work in Maven 4.0.0. Please use the add/remove methods instead. If you're using a plugin that causes this warning, please upgrade to the latest version and report an issue if the warning persists. To disable these warnings, set -Dmaven.project.sourceRoots.warningsDisabled=true on the command line, in the .mvn/maven.config file, or in project POM properties.
2026-01-15 18:03:40,889 [Worker-66: Building] INFO  o.a.m.s.f.DefaultMavenResourcesFiltering - skip non existing resourceDirectory C:\Users\ctorleo571\Desktop\Proyectos\Tema2AD\Tema2AD\khibernate_v25\src\main\resources
2026-01-15 18:03:40,891 [Worker-66: Building] INFO  o.a.m.s.f.DefaultMavenResourcesFiltering - skip non existing resourceDirectory C:\Users\ctorleo571\Desktop\Proyectos\Tema2AD\Tema2AD\khibernate_v25\src\test\resources
2026-01-15 18:03:40,892 [Worker-66: Building] WARN  o.apache.maven.project.MavenProject - Direct modification of compileSourceRoots through clear() is deprecated and will not work in Maven 4.0.0. Please use the add/remove methods instead. If you're using a plugin that causes this warning, please upgrade to the latest version and report an issue if the warning persists. To disable these warnings, set -Dmaven.project.sourceRoots.warningsDisabled=true on the command line, in the .mvn/maven.config file, or in project POM properties.
2026-01-15 18:03:40,892 [Worker-66: Building] WARN  o.apache.maven.project.MavenProject - Direct modification of compileSourceRoots through add() is deprecated and will not work in Maven 4.0.0. Please use the add/remove methods instead. If you're using a plugin that causes this warning, please upgrade to the latest version and report an issue if the warning persists. To disable these warnings, set -Dmaven.project.sourceRoots.warningsDisabled=true on the command line, in the .mvn/maven.config file, or in project POM properties.
2026-01-15 18:03:40,893 [Worker-66: Building] WARN  o.apache.maven.project.MavenProject - Direct modification of testCompileSourceRoots through clear() is deprecated and will not work in Maven 4.0.0. Please use the add/remove methods instead. If you're using a plugin that causes this warning, please upgrade to the latest version and report an issue if the warning persists. To disable these warnings, set -Dmaven.project.sourceRoots.warningsDisabled=true on the command line, in the .mvn/maven.config file, or in project POM properties.
2026-01-15 18:03:40,893 [Worker-66: Building] WARN  o.apache.maven.project.MavenProject - Direct modification of testCompileSourceRoots through add() is deprecated and will not work in Maven 4.0.0. Please use the add/remove methods instead. If you're using a plugin that causes this warning, please upgrade to the latest version and report an issue if the warning persists. To disable these warnings, set -Dmaven.project.sourceRoots.warningsDisabled=true on the command line, in the .mvn/maven.config file, or in project POM properties.
2026-01-15 18:06:10,501 [Worker-65: Building] INFO  o.a.m.s.f.DefaultMavenResourcesFiltering - skip non existing resourceDirectory C:\Users\ctorleo571\Desktop\Proyectos\Tema2AD\Tema2AD\khibernate_v25\src\main\resources
2026-01-15 18:06:10,504 [Worker-65: Building] INFO  o.a.m.s.f.DefaultMavenResourcesFiltering - skip non existing resourceDirectory C:\Users\ctorleo571\Desktop\Proyectos\Tema2AD\Tema2AD\khibernate_v25\src\test\resources
2026-01-15 18:06:10,512 [Worker-65: Building] WARN  o.apache.maven.project.MavenProject - Direct modification of compileSourceRoots through clear() is deprecated and will not work in Maven 4.0.0. Please use the add/remove methods instead. If you're using a plugin that causes this warning, please upgrade to the latest version and report an issue if the warning persists. To disable these warnings, set -Dmaven.project.sourceRoots.warningsDisabled=true on the command line, in the .mvn/maven.config file, or in project POM properties.
2026-01-15 18:06:10,512 [Worker-65: Building] WARN  o.apache.maven.project.MavenProject - Direct modification of compileSourceRoots through add() is deprecated and will not work in Maven 4.0.0. Please use the add/remove methods instead. If you're using a plugin that causes this warning, please upgrade to the latest version and report an issue if the warning persists. To disable these warnings, set -Dmaven.project.sourceRoots.warningsDisabled=true on the command line, in the .mvn/maven.config file, or in project POM properties.
2026-01-15 18:06:10,513 [Worker-65: Building] WARN  o.apache.maven.project.MavenProject - Direct modification of testCompileSourceRoots through clear() is deprecated and will not work in Maven 4.0.0. Please use the add/remove methods instead. If you're using a plugin that causes this warning, please upgrade to the latest version and report an issue if the warning persists. To disable these warnings, set -Dmaven.project.sourceRoots.warningsDisabled=true on the command line, in the .mvn/maven.config file, or in project POM properties.
2026-01-15 18:06:10,514 [Worker-65: Building] WARN  o.apache.maven.project.MavenProject - Direct modification of testCompileSourceRoots through add() is deprecated and will not work in Maven 4.0.0. Please use the add/remove methods instead. If you're using a plugin that causes this warning, please upgrade to the latest version and report an issue if the warning persists. To disable these warnings, set -Dmaven.project.sourceRoots.warningsDisabled=true on the command line, in the .mvn/maven.config file, or in project POM properties.
2026-01-15 18:06:42,425 [Worker-67: Building] INFO  o.a.m.s.f.DefaultMavenResourcesFiltering - skip non existing resourceDirectory C:\Users\ctorleo571\Desktop\Proyectos\Tema2AD\Tema2AD\khibernate_v25\src\main\resources
2026-01-15 18:06:42,429 [Worker-67: Building] INFO  o.a.m.s.f.DefaultMavenResourcesFiltering - skip non existing resourceDirectory C:\Users\ctorleo571\Desktop\Proyectos\Tema2AD\Tema2AD\khibernate_v25\src\test\resources
2026-01-15 18:06:42,429 [Worker-67: Building] WARN  o.apache.maven.project.MavenProject - Direct modification of compileSourceRoots through clear() is deprecated and will not work in Maven 4.0.0. Please use the add/remove methods instead. If you're using a plugin that causes this warning, please upgrade to the latest version and report an issue if the warning persists. To disable these warnings, set -Dmaven.project.sourceRoots.warningsDisabled=true on the command line, in the .mvn/maven.config file, or in project POM properties.
2026-01-15 18:06:42,430 [Worker-67: Building] WARN  o.apache.maven.project.MavenProject - Direct modification of compileSourceRoots through add() is deprecated and will not work in Maven 4.0.0. Please use the add/remove methods instead. If you're using a plugin that causes this warning, please upgrade to the latest version and report an issue if the warning persists. To disable these warnings, set -Dmaven.project.sourceRoots.warningsDisabled=true on the command line, in the .mvn/maven.config file, or in project POM properties.
2026-01-15 18:06:42,431 [Worker-67: Building] WARN  o.apache.maven.project.MavenProject - Direct modification of testCompileSourceRoots through clear() is deprecated and will not work in Maven 4.0.0. Please use the add/remove methods instead. If you're using a plugin that causes this warning, please upgrade to the latest version and report an issue if the warning persists. To disable these warnings, set -Dmaven.project.sourceRoots.warningsDisabled=true on the command line, in the .mvn/maven.config file, or in project POM properties.
2026-01-15 18:06:42,433 [Worker-67: Building] WARN  o.apache.maven.project.MavenProject - Direct modification of testCompileSourceRoots through add() is deprecated and will not work in Maven 4.0.0. Please use the add/remove methods instead. If you're using a plugin that causes this warning, please upgrade to the latest version and report an issue if the warning persists. To disable these warnings, set -Dmaven.project.sourceRoots.warningsDisabled=true on the command line, in the .mvn/maven.config file, or in project POM properties.
2026-01-15 18:06:47,043 [Worker-67: Building] INFO  o.a.m.s.f.DefaultMavenResourcesFiltering - skip non existing resourceDirectory C:\Users\ctorleo571\Desktop\Proyectos\Tema2AD\Tema2AD\khibernate_v25\src\main\resources
2026-01-15 18:06:47,046 [Worker-67: Building] INFO  o.a.m.s.f.DefaultMavenResourcesFiltering - skip non existing resourceDirectory C:\Users\ctorleo571\Desktop\Proyectos\Tema2AD\Tema2AD\khibernate_v25\src\test\resources
2026-01-15 18:06:47,046 [Worker-67: Building] WARN  o.apache.maven.project.MavenProject - Direct modification of compileSourceRoots through clear() is deprecated and will not work in Maven 4.0.0. Please use the add/remove methods instead. If you're using a plugin that causes this warning, please upgrade to the latest version and report an issue if the warning persists. To disable these warnings, set -Dmaven.project.sourceRoots.warningsDisabled=true on the command line, in the .mvn/maven.config file, or in project POM properties.
2026-01-15 18:06:47,046 [Worker-67: Building] WARN  o.apache.maven.project.MavenProject - Direct modification of compileSourceRoots through add() is deprecated and will not work in Maven 4.0.0. Please use the add/remove methods instead. If you're using a plugin that causes this warning, please upgrade to the latest version and report an issue if the warning persists. To disable these warnings, set -Dmaven.project.sourceRoots.warningsDisabled=true on the command line, in the .mvn/maven.config file, or in project POM properties.
2026-01-15 18:06:47,047 [Worker-67: Building] WARN  o.apache.maven.project.MavenProject - Direct modification of testCompileSourceRoots through clear() is deprecated and will not work in Maven 4.0.0. Please use the add/remove methods instead. If you're using a plugin that causes this warning, please upgrade to the latest version and report an issue if the warning persists. To disable these warnings, set -Dmaven.project.sourceRoots.warningsDisabled=true on the command line, in the .mvn/maven.config file, or in project POM properties.
2026-01-15 18:06:47,047 [Worker-67: Building] WARN  o.apache.maven.project.MavenProject - Direct modification of testCompileSourceRoots through add() is deprecated and will not work in Maven 4.0.0. Please use the add/remove methods instead. If you're using a plugin that causes this warning, please upgrade to the latest version and report an issue if the warning persists. To disable these warnings, set -Dmaven.project.sourceRoots.warningsDisabled=true on the command line, in the .mvn/maven.config file, or in project POM properties.
2026-01-15 18:06:59,096 [Worker-65: Building] INFO  o.a.m.s.f.DefaultMavenResourcesFiltering - skip non existing resourceDirectory C:\Users\ctorleo571\Desktop\Proyectos\Tema2AD\Tema2AD\khibernate_v25\src\main\resources
2026-01-15 18:06:59,098 [Worker-65: Building] INFO  o.a.m.s.f.DefaultMavenResourcesFiltering - skip non existing resourceDirectory C:\Users\ctorleo571\Desktop\Proyectos\Tema2AD\Tema2AD\khibernate_v25\src\test\resources
2026-01-15 18:06:59,098 [Worker-65: Building] WARN  o.apache.maven.project.MavenProject - Direct modification of compileSourceRoots through clear() is deprecated and will not work in Maven 4.0.0. Please use the add/remove methods instead. If you're using a plugin that causes this warning, please upgrade to the latest version and report an issue if the warning persists. To disable these warnings, set -Dmaven.project.sourceRoots.warningsDisabled=true on the command line, in the .mvn/maven.config file, or in project POM properties.
2026-01-15 18:06:59,099 [Worker-65: Building] WARN  o.apache.maven.project.MavenProject - Direct modification of compileSourceRoots through add() is deprecated and will not work in Maven 4.0.0. Please use the add/remove methods instead. If you're using a plugin that causes this warning, please upgrade to the latest version and report an issue if the warning persists. To disable these warnings, set -Dmaven.project.sourceRoots.warningsDisabled=true on the command line, in the .mvn/maven.config file, or in project POM properties.
2026-01-15 18:06:59,100 [Worker-65: Building] WARN  o.apache.maven.project.MavenProject - Direct modification of testCompileSourceRoots through clear() is deprecated and will not work in Maven 4.0.0. Please use the add/remove methods instead. If you're using a plugin that causes this warning, please upgrade to the latest version and report an issue if the warning persists. To disable these warnings, set -Dmaven.project.sourceRoots.warningsDisabled=true on the command line, in the .mvn/maven.config file, or in project POM properties.
2026-01-15 18:06:59,100 [Worker-65: Building] WARN  o.apache.maven.project.MavenProject - Direct modification of testCompileSourceRoots through add() is deprecated and will not work in Maven 4.0.0. Please use the add/remove methods instead. If you're using a plugin that causes this warning, please upgrade to the latest version and report an issue if the warning persists. To disable these warnings, set -Dmaven.project.sourceRoots.warningsDisabled=true on the command line, in the .mvn/maven.config file, or in project POM properties.
2026-01-15 18:07:02,692 [Worker-65: Building] INFO  o.a.m.s.f.DefaultMavenResourcesFiltering - skip non existing resourceDirectory C:\Users\ctorleo571\Desktop\Proyectos\Tema2AD\Tema2AD\khibernate_v25\src\main\resources
2026-01-15 18:07:02,693 [Worker-65: Building] INFO  o.a.m.s.f.DefaultMavenResourcesFiltering - skip non existing resourceDirectory C:\Users\ctorleo571\Desktop\Proyectos\Tema2AD\Tema2AD\khibernate_v25\src\test\resources
2026-01-15 18:07:02,694 [Worker-65: Building] WARN  o.apache.maven.project.MavenProject - Direct modification of compileSourceRoots through clear() is deprecated and will not work in Maven 4.0.0. Please use the add/remove methods instead. If you're using a plugin that causes this warning, please upgrade to the latest version and report an issue if the warning persists. To disable these warnings, set -Dmaven.project.sourceRoots.warningsDisabled=true on the command line, in the .mvn/maven.config file, or in project POM properties.
2026-01-15 18:07:02,694 [Worker-65: Building] WARN  o.apache.maven.project.MavenProject - Direct modification of compileSourceRoots through add() is deprecated and will not work in Maven 4.0.0. Please use the add/remove methods instead. If you're using a plugin that causes this warning, please upgrade to the latest version and report an issue if the warning persists. To disable these warnings, set -Dmaven.project.sourceRoots.warningsDisabled=true on the command line, in the .mvn/maven.config file, or in project POM properties.
2026-01-15 18:07:02,694 [Worker-65: Building] WARN  o.apache.maven.project.MavenProject - Direct modification of testCompileSourceRoots through clear() is deprecated and will not work in Maven 4.0.0. Please use the add/remove methods instead. If you're using a plugin that causes this warning, please upgrade to the latest version and report an issue if the warning persists. To disable these warnings, set -Dmaven.project.sourceRoots.warningsDisabled=true on the command line, in the .mvn/maven.config file, or in project POM properties.
2026-01-15 18:07:02,695 [Worker-65: Building] WARN  o.apache.maven.project.MavenProject - Direct modification of testCompileSourceRoots through add() is deprecated and will not work in Maven 4.0.0. Please use the add/remove methods instead. If you're using a plugin that causes this warning, please upgrade to the latest version and report an issue if the warning persists. To disable these warnings, set -Dmaven.project.sourceRoots.warningsDisabled=true on the command line, in the .mvn/maven.config file, or in project POM properties.
2026-01-15 18:07:24,746 [Worker-67: Building] INFO  o.a.m.s.f.DefaultMavenResourcesFiltering - skip non existing resourceDirectory C:\Users\ctorleo571\Desktop\Proyectos\Tema2AD\Tema2AD\khibernate_v25\src\main\resources
2026-01-15 18:07:24,748 [Worker-67: Building] INFO  o.a.m.s.f.DefaultMavenResourcesFiltering - skip non existing resourceDirectory C:\Users\ctorleo571\Desktop\Proyectos\Tema2AD\Tema2AD\khibernate_v25\src\test\resources
2026-01-15 18:07:24,748 [Worker-67: Building] WARN  o.apache.maven.project.MavenProject - Direct modification of compileSourceRoots through clear() is deprecated and will not work in Maven 4.0.0. Please use the add/remove methods instead. If you're using a plugin that causes this warning, please upgrade to the latest version and report an issue if the warning persists. To disable these warnings, set -Dmaven.project.sourceRoots.warningsDisabled=true on the command line, in the .mvn/maven.config file, or in project POM properties.
2026-01-15 18:07:24,749 [Worker-67: Building] WARN  o.apache.maven.project.MavenProject - Direct modification of compileSourceRoots through add() is deprecated and will not work in Maven 4.0.0. Please use the add/remove methods instead. If you're using a plugin that causes this warning, please upgrade to the latest version and report an issue if the warning persists. To disable these warnings, set -Dmaven.project.sourceRoots.warningsDisabled=true on the command line, in the .mvn/maven.config file, or in project POM properties.
2026-01-15 18:07:24,749 [Worker-67: Building] WARN  o.apache.maven.project.MavenProject - Direct modification of testCompileSourceRoots through clear() is deprecated and will not work in Maven 4.0.0. Please use the add/remove methods instead. If you're using a plugin that causes this warning, please upgrade to the latest version and report an issue if the warning persists. To disable these warnings, set -Dmaven.project.sourceRoots.warningsDisabled=true on the command line, in the .mvn/maven.config file, or in project POM properties.
2026-01-15 18:07:24,750 [Worker-67: Building] WARN  o.apache.maven.project.MavenProject - Direct modification of testCompileSourceRoots through add() is deprecated and will not work in Maven 4.0.0. Please use the add/remove methods instead. If you're using a plugin that causes this warning, please upgrade to the latest version and report an issue if the warning persists. To disable these warnings, set -Dmaven.project.sourceRoots.warningsDisabled=true on the command line, in the .mvn/maven.config file, or in project POM properties.
2026-01-15 18:07:28,696 [Worker-70: Building] INFO  o.a.m.s.f.DefaultMavenResourcesFiltering - skip non existing resourceDirectory C:\Users\ctorleo571\Desktop\Proyectos\Tema2AD\Tema2AD\khibernate_v25\src\main\resources
2026-01-15 18:07:28,698 [Worker-70: Building] INFO  o.a.m.s.f.DefaultMavenResourcesFiltering - skip non existing resourceDirectory C:\Users\ctorleo571\Desktop\Proyectos\Tema2AD\Tema2AD\khibernate_v25\src\test\resources
2026-01-15 18:07:28,698 [Worker-70: Building] WARN  o.apache.maven.project.MavenProject - Direct modification of compileSourceRoots through clear() is deprecated and will not work in Maven 4.0.0. Please use the add/remove methods instead. If you're using a plugin that causes this warning, please upgrade to the latest version and report an issue if the warning persists. To disable these warnings, set -Dmaven.project.sourceRoots.warningsDisabled=true on the command line, in the .mvn/maven.config file, or in project POM properties.
2026-01-15 18:07:28,699 [Worker-70: Building] WARN  o.apache.maven.project.MavenProject - Direct modification of compileSourceRoots through add() is deprecated and will not work in Maven 4.0.0. Please use the add/remove methods instead. If you're using a plugin that causes this warning, please upgrade to the latest version and report an issue if the warning persists. To disable these warnings, set -Dmaven.project.sourceRoots.warningsDisabled=true on the command line, in the .mvn/maven.config file, or in project POM properties.
2026-01-15 18:07:28,700 [Worker-70: Building] WARN  o.apache.maven.project.MavenProject - Direct modification of testCompileSourceRoots through clear() is deprecated and will not work in Maven 4.0.0. Please use the add/remove methods instead. If you're using a plugin that causes this warning, please upgrade to the latest version and report an issue if the warning persists. To disable these warnings, set -Dmaven.project.sourceRoots.warningsDisabled=true on the command line, in the .mvn/maven.config file, or in project POM properties.
2026-01-15 18:07:28,700 [Worker-70: Building] WARN  o.apache.maven.project.MavenProject - Direct modification of testCompileSourceRoots through add() is deprecated and will not work in Maven 4.0.0. Please use the add/remove methods instead. If you're using a plugin that causes this warning, please upgrade to the latest version and report an issue if the warning persists. To disable these warnings, set -Dmaven.project.sourceRoots.warningsDisabled=true on the command line, in the .mvn/maven.config file, or in project POM properties.
2026-01-15 18:07:38,270 [Worker-71: Building] INFO  o.a.m.s.f.DefaultMavenResourcesFiltering - skip non existing resourceDirectory C:\Users\ctorleo571\Desktop\Proyectos\Tema2AD\Tema2AD\khibernate_v25\src\main\resources
2026-01-15 18:07:38,272 [Worker-71: Building] INFO  o.a.m.s.f.DefaultMavenResourcesFiltering - skip non existing resourceDirectory C:\Users\ctorleo571\Desktop\Proyectos\Tema2AD\Tema2AD\khibernate_v25\src\test\resources
2026-01-15 18:07:38,272 [Worker-71: Building] WARN  o.apache.maven.project.MavenProject - Direct modification of compileSourceRoots through clear() is deprecated and will not work in Maven 4.0.0. Please use the add/remove methods instead. If you're using a plugin that causes this warning, please upgrade to the latest version and report an issue if the warning persists. To disable these warnings, set -Dmaven.project.sourceRoots.warningsDisabled=true on the command line, in the .mvn/maven.config file, or in project POM properties.
2026-01-15 18:07:38,273 [Worker-71: Building] WARN  o.apache.maven.project.MavenProject - Direct modification of compileSourceRoots through add() is deprecated and will not work in Maven 4.0.0. Please use the add/remove methods instead. If you're using a plugin that causes this warning, please upgrade to the latest version and report an issue if the warning persists. To disable these warnings, set -Dmaven.project.sourceRoots.warningsDisabled=true on the command line, in the .mvn/maven.config file, or in project POM properties.
2026-01-15 18:07:38,274 [Worker-71: Building] WARN  o.apache.maven.project.MavenProject - Direct modification of testCompileSourceRoots through clear() is deprecated and will not work in Maven 4.0.0. Please use the add/remove methods instead. If you're using a plugin that causes this warning, please upgrade to the latest version and report an issue if the warning persists. To disable these warnings, set -Dmaven.project.sourceRoots.warningsDisabled=true on the command line, in the .mvn/maven.config file, or in project POM properties.
2026-01-15 18:07:38,274 [Worker-71: Building] WARN  o.apache.maven.project.MavenProject - Direct modification of testCompileSourceRoots through add() is deprecated and will not work in Maven 4.0.0. Please use the add/remove methods instead. If you're using a plugin that causes this warning, please upgrade to the latest version and report an issue if the warning persists. To disable these warnings, set -Dmaven.project.sourceRoots.warningsDisabled=true on the command line, in the .mvn/maven.config file, or in project POM properties.
2026-01-15 18:07:41,651 [Worker-71: Building] INFO  o.a.m.s.f.DefaultMavenResourcesFiltering - skip non existing resourceDirectory C:\Users\ctorleo571\Desktop\Proyectos\Tema2AD\Tema2AD\khibernate_v25\src\main\resources
2026-01-15 18:07:41,653 [Worker-71: Building] INFO  o.a.m.s.f.DefaultMavenResourcesFiltering - skip non existing resourceDirectory C:\Users\ctorleo571\Desktop\Proyectos\Tema2AD\Tema2AD\khibernate_v25\src\test\resources
2026-01-15 18:07:41,653 [Worker-71: Building] WARN  o.apache.maven.project.MavenProject - Direct modification of compileSourceRoots through clear() is deprecated and will not work in Maven 4.0.0. Please use the add/remove methods instead. If you're using a plugin that causes this warning, please upgrade to the latest version and report an issue if the warning persists. To disable these warnings, set -Dmaven.project.sourceRoots.warningsDisabled=true on the command line, in the .mvn/maven.config file, or in project POM properties.
2026-01-15 18:07:41,654 [Worker-71: Building] WARN  o.apache.maven.project.MavenProject - Direct modification of compileSourceRoots through add() is deprecated and will not work in Maven 4.0.0. Please use the add/remove methods instead. If you're using a plugin that causes this warning, please upgrade to the latest version and report an issue if the warning persists. To disable these warnings, set -Dmaven.project.sourceRoots.warningsDisabled=true on the command line, in the .mvn/maven.config file, or in project POM properties.
2026-01-15 18:07:41,654 [Worker-71: Building] WARN  o.apache.maven.project.MavenProject - Direct modification of testCompileSourceRoots through clear() is deprecated and will not work in Maven 4.0.0. Please use the add/remove methods instead. If you're using a plugin that causes this warning, please upgrade to the latest version and report an issue if the warning persists. To disable these warnings, set -Dmaven.project.sourceRoots.warningsDisabled=true on the command line, in the .mvn/maven.config file, or in project POM properties.
2026-01-15 18:07:41,655 [Worker-71: Building] WARN  o.apache.maven.project.MavenProject - Direct modification of testCompileSourceRoots through add() is deprecated and will not work in Maven 4.0.0. Please use the add/remove methods instead. If you're using a plugin that causes this warning, please upgrade to the latest version and report an issue if the warning persists. To disable these warnings, set -Dmaven.project.sourceRoots.warningsDisabled=true on the command line, in the .mvn/maven.config file, or in project POM properties.
2026-01-15 18:08:27,039 [Worker-70: Building] INFO  o.e.m.c.i.l.LifecycleMappingFactory - Using org.eclipse.m2e.jdt.JarLifecycleMapping lifecycle mapping for MavenProject: tema2ad:ad_1a_hibernate:1.0.0 @ C:\Users\ctorleo571\Desktop\Proyectos\Tema2AD\Tema2AD\khibernate_v25\pom.xml.
2026-01-15 18:08:27,207 [Worker-70: Building] INFO  o.e.m.c.i.e.AbstractTransferListenerAdapter - Downloading https://repo.maven.apache.org/maven2/junit/junit/4.13.2/junit-4.13.2.pom
2026-01-15 18:08:27,212 [Worker-70: Building] INFO  o.e.m.c.i.e.AbstractTransferListenerAdapter - Downloaded https://repo.maven.apache.org/maven2/junit/junit/4.13.2/junit-4.13.2.pom
2026-01-15 18:08:27,285 [Worker-70: Building] INFO  o.e.m.c.i.e.AbstractTransferListenerAdapter - Downloading https://repo.maven.apache.org/maven2/junit/junit/4.13.2/junit-4.13.2.jar
2026-01-15 18:08:27,327 [Worker-70: Building] INFO  o.e.m.c.i.e.AbstractTransferListenerAdapter - Downloaded https://repo.maven.apache.org/maven2/junit/junit/4.13.2/junit-4.13.2.jar
2026-01-15 18:08:27,447 [Worker-70: Building] INFO  o.a.m.s.f.DefaultMavenResourcesFiltering - skip non existing resourceDirectory C:\Users\ctorleo571\Desktop\Proyectos\Tema2AD\Tema2AD\khibernate_v25\src\main\resources
2026-01-15 18:08:27,450 [Worker-70: Building] INFO  o.a.m.s.f.DefaultMavenResourcesFiltering - skip non existing resourceDirectory C:\Users\ctorleo571\Desktop\Proyectos\Tema2AD\Tema2AD\khibernate_v25\src\test\resources
2026-01-15 18:08:27,693 [Worker-70: Building] WARN  o.apache.maven.project.MavenProject - Direct modification of compileSourceRoots through clear() is deprecated and will not work in Maven 4.0.0. Please use the add/remove methods instead. If you're using a plugin that causes this warning, please upgrade to the latest version and report an issue if the warning persists. To disable these warnings, set -Dmaven.project.sourceRoots.warningsDisabled=true on the command line, in the .mvn/maven.config file, or in project POM properties.
2026-01-15 18:08:27,694 [Worker-70: Building] WARN  o.apache.maven.project.MavenProject - Direct modification of compileSourceRoots through add() is deprecated and will not work in Maven 4.0.0. Please use the add/remove methods instead. If you're using a plugin that causes this warning, please upgrade to the latest version and report an issue if the warning persists. To disable these warnings, set -Dmaven.project.sourceRoots.warningsDisabled=true on the command line, in the .mvn/maven.config file, or in project POM properties.
2026-01-15 18:08:27,695 [Worker-70: Building] WARN  o.apache.maven.project.MavenProject - Direct modification of testCompileSourceRoots through clear() is deprecated and will not work in Maven 4.0.0. Please use the add/remove methods instead. If you're using a plugin that causes this warning, please upgrade to the latest version and report an issue if the warning persists. To disable these warnings, set -Dmaven.project.sourceRoots.warningsDisabled=true on the command line, in the .mvn/maven.config file, or in project POM properties.
2026-01-15 18:08:27,696 [Worker-70: Building] WARN  o.apache.maven.project.MavenProject - Direct modification of testCompileSourceRoots through add() is deprecated and will not work in Maven 4.0.0. Please use the add/remove methods instead. If you're using a plugin that causes this warning, please upgrade to the latest version and report an issue if the warning persists. To disable these warnings, set -Dmaven.project.sourceRoots.warningsDisabled=true on the command line, in the .mvn/maven.config file, or in project POM properties.
2026-01-15 18:08:27,904 [Worker-65: Building] INFO  o.a.m.s.f.DefaultMavenResourcesFiltering - skip non existing resourceDirectory C:\Users\ctorleo571\Desktop\Proyectos\Tema2AD\Tema2AD\khibernate_v25\src\main\resources
2026-01-15 18:08:27,905 [Worker-65: Building] INFO  o.a.m.s.f.DefaultMavenResourcesFiltering - skip non existing resourceDirectory C:\Users\ctorleo571\Desktop\Proyectos\Tema2AD\Tema2AD\khibernate_v25\src\test\resources
2026-01-15 18:08:27,915 [Worker-65: Building] WARN  o.apache.maven.project.MavenProject - Direct modification of compileSourceRoots through clear() is deprecated and will not work in Maven 4.0.0. Please use the add/remove methods instead. If you're using a plugin that causes this warning, please upgrade to the latest version and report an issue if the warning persists. To disable these warnings, set -Dmaven.project.sourceRoots.warningsDisabled=true on the command line, in the .mvn/maven.config file, or in project POM properties.
2026-01-15 18:08:27,916 [Worker-65: Building] WARN  o.apache.maven.project.MavenProject - Direct modification of compileSourceRoots through add() is deprecated and will not work in Maven 4.0.0. Please use the add/remove methods instead. If you're using a plugin that causes this warning, please upgrade to the latest version and report an issue if the warning persists. To disable these warnings, set -Dmaven.project.sourceRoots.warningsDisabled=true on the command line, in the .mvn/maven.config file, or in project POM properties.
2026-01-15 18:08:27,917 [Worker-65: Building] WARN  o.apache.maven.project.MavenProject - Direct modification of testCompileSourceRoots through clear() is deprecated and will not work in Maven 4.0.0. Please use the add/remove methods instead. If you're using a plugin that causes this warning, please upgrade to the latest version and report an issue if the warning persists. To disable these warnings, set -Dmaven.project.sourceRoots.warningsDisabled=true on the command line, in the .mvn/maven.config file, or in project POM properties.
2026-01-15 18:08:27,917 [Worker-65: Building] WARN  o.apache.maven.project.MavenProject - Direct modification of testCompileSourceRoots through add() is deprecated and will not work in Maven 4.0.0. Please use the add/remove methods instead. If you're using a plugin that causes this warning, please upgrade to the latest version and report an issue if the warning persists. To disable these warnings, set -Dmaven.project.sourceRoots.warningsDisabled=true on the command line, in the .mvn/maven.config file, or in project POM properties.
2026-01-15 18:08:28,487 [Worker-71: Download sources and javadoc] INFO  o.e.m.c.i.e.AbstractTransferListenerAdapter - Downloading https://repo.maven.apache.org/maven2/junit/junit/4.13.2/junit-4.13.2-sources.jar
2026-01-15 18:08:28,514 [Worker-71: Download sources and javadoc] INFO  o.e.m.c.i.e.AbstractTransferListenerAdapter - Downloaded https://repo.maven.apache.org/maven2/junit/junit/4.13.2/junit-4.13.2-sources.jar
2026-01-15 18:08:28,516 [Worker-71: Download sources and javadoc] INFO  o.e.m.j.internal.DownloadSourcesJob - Downloaded sources for junit:junit:4.13.2
2026-01-15 18:08:28,583 [Worker-71: Download sources and javadoc] INFO  o.e.m.c.i.e.AbstractTransferListenerAdapter - Downloading https://repo.maven.apache.org/maven2/org/hamcrest/hamcrest-core/1.3/hamcrest-core-1.3-sources.jar
2026-01-15 18:08:28,587 [Worker-71: Download sources and javadoc] INFO  o.e.m.c.i.e.AbstractTransferListenerAdapter - Downloaded https://repo.maven.apache.org/maven2/org/hamcrest/hamcrest-core/1.3/hamcrest-core-1.3-sources.jar
2026-01-15 18:08:28,590 [Worker-71: Download sources and javadoc] INFO  o.e.m.j.internal.DownloadSourcesJob - Downloaded sources for org.hamcrest:hamcrest-core:1.3
2026-01-15 18:08:41,980 [Worker-69: Building] INFO  o.a.m.s.f.DefaultMavenResourcesFiltering - skip non existing resourceDirectory C:\Users\ctorleo571\Desktop\Proyectos\Tema2AD\Tema2AD\khibernate_v25\src\main\resources
2026-01-15 18:08:41,981 [Worker-69: Building] INFO  o.a.m.s.f.DefaultMavenResourcesFiltering - skip non existing resourceDirectory C:\Users\ctorleo571\Desktop\Proyectos\Tema2AD\Tema2AD\khibernate_v25\src\test\resources
2026-01-15 18:08:41,982 [Worker-69: Building] WARN  o.apache.maven.project.MavenProject - Direct modification of compileSourceRoots through clear() is deprecated and will not work in Maven 4.0.0. Please use the add/remove methods instead. If you're using a plugin that causes this warning, please upgrade to the latest version and report an issue if the warning persists. To disable these warnings, set -Dmaven.project.sourceRoots.warningsDisabled=true on the command line, in the .mvn/maven.config file, or in project POM properties.
2026-01-15 18:08:41,982 [Worker-69: Building] WARN  o.apache.maven.project.MavenProject - Direct modification of compileSourceRoots through add() is deprecated and will not work in Maven 4.0.0. Please use the add/remove methods instead. If you're using a plugin that causes this warning, please upgrade to the latest version and report an issue if the warning persists. To disable these warnings, set -Dmaven.project.sourceRoots.warningsDisabled=true on the command line, in the .mvn/maven.config file, or in project POM properties.
2026-01-15 18:08:41,983 [Worker-69: Building] WARN  o.apache.maven.project.MavenProject - Direct modification of testCompileSourceRoots through clear() is deprecated and will not work in Maven 4.0.0. Please use the add/remove methods instead. If you're using a plugin that causes this warning, please upgrade to the latest version and report an issue if the warning persists. To disable these warnings, set -Dmaven.project.sourceRoots.warningsDisabled=true on the command line, in the .mvn/maven.config file, or in project POM properties.
2026-01-15 18:08:41,983 [Worker-69: Building] WARN  o.apache.maven.project.MavenProject - Direct modification of testCompileSourceRoots through add() is deprecated and will not work in Maven 4.0.0. Please use the add/remove methods instead. If you're using a plugin that causes this warning, please upgrade to the latest version and report an issue if the warning persists. To disable these warnings, set -Dmaven.project.sourceRoots.warningsDisabled=true on the command line, in the .mvn/maven.config file, or in project POM properties.
2026-01-15 18:09:28,243 [Worker-69: Building] INFO  o.a.m.s.f.DefaultMavenResourcesFiltering - skip non existing resourceDirectory C:\Users\ctorleo571\Desktop\Proyectos\Tema2AD\Tema2AD\khibernate_v25\src\main\resources
2026-01-15 18:09:28,245 [Worker-69: Building] INFO  o.a.m.s.f.DefaultMavenResourcesFiltering - skip non existing resourceDirectory C:\Users\ctorleo571\Desktop\Proyectos\Tema2AD\Tema2AD\khibernate_v25\src\test\resources
2026-01-15 18:09:28,245 [Worker-69: Building] WARN  o.apache.maven.project.MavenProject - Direct modification of compileSourceRoots through clear() is deprecated and will not work in Maven 4.0.0. Please use the add/remove methods instead. If you're using a plugin that causes this warning, please upgrade to the latest version and report an issue if the warning persists. To disable these warnings, set -Dmaven.project.sourceRoots.warningsDisabled=true on the command line, in the .mvn/maven.config file, or in project POM properties.
2026-01-15 18:09:28,246 [Worker-69: Building] WARN  o.apache.maven.project.MavenProject - Direct modification of compileSourceRoots through add() is deprecated and will not work in Maven 4.0.0. Please use the add/remove methods instead. If you're using a plugin that causes this warning, please upgrade to the latest version and report an issue if the warning persists. To disable these warnings, set -Dmaven.project.sourceRoots.warningsDisabled=true on the command line, in the .mvn/maven.config file, or in project POM properties.
2026-01-15 18:09:28,246 [Worker-69: Building] WARN  o.apache.maven.project.MavenProject - Direct modification of testCompileSourceRoots through clear() is deprecated and will not work in Maven 4.0.0. Please use the add/remove methods instead. If you're using a plugin that causes this warning, please upgrade to the latest version and report an issue if the warning persists. To disable these warnings, set -Dmaven.project.sourceRoots.warningsDisabled=true on the command line, in the .mvn/maven.config file, or in project POM properties.
2026-01-15 18:09:28,246 [Worker-69: Building] WARN  o.apache.maven.project.MavenProject - Direct modification of testCompileSourceRoots through add() is deprecated and will not work in Maven 4.0.0. Please use the add/remove methods instead. If you're using a plugin that causes this warning, please upgrade to the latest version and report an issue if the warning persists. To disable these warnings, set -Dmaven.project.sourceRoots.warningsDisabled=true on the command line, in the .mvn/maven.config file, or in project POM properties.
2026-01-15 18:09:47,921 [Worker-70: Building] INFO  o.a.m.s.f.DefaultMavenResourcesFiltering - skip non existing resourceDirectory C:\Users\ctorleo571\Desktop\Proyectos\Tema2AD\Tema2AD\khibernate_v25\src\main\resources
2026-01-15 18:09:47,922 [Worker-70: Building] INFO  o.a.m.s.f.DefaultMavenResourcesFiltering - skip non existing resourceDirectory C:\Users\ctorleo571\Desktop\Proyectos\Tema2AD\Tema2AD\khibernate_v25\src\test\resources
2026-01-15 18:09:47,923 [Worker-70: Building] WARN  o.apache.maven.project.MavenProject - Direct modification of compileSourceRoots through clear() is deprecated and will not work in Maven 4.0.0. Please use the add/remove methods instead. If you're using a plugin that causes this warning, please upgrade to the latest version and report an issue if the warning persists. To disable these warnings, set -Dmaven.project.sourceRoots.warningsDisabled=true on the command line, in the .mvn/maven.config file, or in project POM properties.
2026-01-15 18:09:47,924 [Worker-70: Building] WARN  o.apache.maven.project.MavenProject - Direct modification of compileSourceRoots through add() is deprecated and will not work in Maven 4.0.0. Please use the add/remove methods instead. If you're using a plugin that causes this warning, please upgrade to the latest version and report an issue if the warning persists. To disable these warnings, set -Dmaven.project.sourceRoots.warningsDisabled=true on the command line, in the .mvn/maven.config file, or in project POM properties.
2026-01-15 18:09:47,924 [Worker-70: Building] WARN  o.apache.maven.project.MavenProject - Direct modification of testCompileSourceRoots through clear() is deprecated and will not work in Maven 4.0.0. Please use the add/remove methods instead. If you're using a plugin that causes this warning, please upgrade to the latest version and report an issue if the warning persists. To disable these warnings, set -Dmaven.project.sourceRoots.warningsDisabled=true on the command line, in the .mvn/maven.config file, or in project POM properties.
2026-01-15 18:09:47,925 [Worker-70: Building] WARN  o.apache.maven.project.MavenProject - Direct modification of testCompileSourceRoots through add() is deprecated and will not work in Maven 4.0.0. Please use the add/remove methods instead. If you're using a plugin that causes this warning, please upgrade to the latest version and report an issue if the warning persists. To disable these warnings, set -Dmaven.project.sourceRoots.warningsDisabled=true on the command line, in the .mvn/maven.config file, or in project POM properties.
2026-01-15 18:09:50,584 [Worker-65: Building] INFO  o.a.m.s.f.DefaultMavenResourcesFiltering - skip non existing resourceDirectory C:\Users\ctorleo571\Desktop\Proyectos\Tema2AD\Tema2AD\khibernate_v25\src\main\resources
2026-01-15 18:09:50,587 [Worker-65: Building] INFO  o.a.m.s.f.DefaultMavenResourcesFiltering - skip non existing resourceDirectory C:\Users\ctorleo571\Desktop\Proyectos\Tema2AD\Tema2AD\khibernate_v25\src\test\resources
2026-01-15 18:09:50,594 [Worker-65: Building] WARN  o.apache.maven.project.MavenProject - Direct modification of compileSourceRoots through clear() is deprecated and will not work in Maven 4.0.0. Please use the add/remove methods instead. If you're using a plugin that causes this warning, please upgrade to the latest version and report an issue if the warning persists. To disable these warnings, set -Dmaven.project.sourceRoots.warningsDisabled=true on the command line, in the .mvn/maven.config file, or in project POM properties.
2026-01-15 18:09:50,595 [Worker-65: Building] WARN  o.apache.maven.project.MavenProject - Direct modification of compileSourceRoots through add() is deprecated and will not work in Maven 4.0.0. Please use the add/remove methods instead. If you're using a plugin that causes this warning, please upgrade to the latest version and report an issue if the warning persists. To disable these warnings, set -Dmaven.project.sourceRoots.warningsDisabled=true on the command line, in the .mvn/maven.config file, or in project POM properties.
2026-01-15 18:09:50,595 [Worker-65: Building] WARN  o.apache.maven.project.MavenProject - Direct modification of testCompileSourceRoots through clear() is deprecated and will not work in Maven 4.0.0. Please use the add/remove methods instead. If you're using a plugin that causes this warning, please upgrade to the latest version and report an issue if the warning persists. To disable these warnings, set -Dmaven.project.sourceRoots.warningsDisabled=true on the command line, in the .mvn/maven.config file, or in project POM properties.
2026-01-15 18:09:50,596 [Worker-65: Building] WARN  o.apache.maven.project.MavenProject - Direct modification of testCompileSourceRoots through add() is deprecated and will not work in Maven 4.0.0. Please use the add/remove methods instead. If you're using a plugin that causes this warning, please upgrade to the latest version and report an issue if the warning persists. To disable these warnings, set -Dmaven.project.sourceRoots.warningsDisabled=true on the command line, in the .mvn/maven.config file, or in project POM properties.
2026-01-15 18:10:18,720 [Worker-65: Launching Executing clean in C__Users_ctorleo571_Desktop_Proyectos_Tema2AD_Tema2AD_khibernate_v25] INFO  o.eclipse.m2e.core.internal.Bundles - getClasspathEntries(Bundle=org.eclipse.m2e.maven.runtime_3.9.1100.20250811-2018 [642])
2026-01-15 18:10:18,721 [Worker-65: Launching Executing clean in C__Users_ctorleo571_Desktop_Proyectos_Tema2AD_Tema2AD_khibernate_v25] INFO  o.eclipse.m2e.core.internal.Bundles - 	Entry: C:\Users\ctorleo571\Desktop\eclipse\plugins\org.eclipse.m2e.maven.runtime_3.9.1100.20250811-2018
2026-01-15 18:10:18,721 [Worker-65: Launching Executing clean in C__Users_ctorleo571_Desktop_Proyectos_Tema2AD_Tema2AD_khibernate_v25] INFO  o.eclipse.m2e.core.internal.Bundles - 	Entry: C:\Users\ctorleo571\Desktop\eclipse\plugins\org.eclipse.m2e.maven.runtime_3.9.1100.20250811-2018\jars\aopalliance-1.0.jar
2026-01-15 18:10:18,721 [Worker-65: Launching Executing clean in C__Users_ctorleo571_Desktop_Proyectos_Tema2AD_Tema2AD_khibernate_v25] INFO  o.eclipse.m2e.core.internal.Bundles - 	Entry: C:\Users\ctorleo571\Desktop\eclipse\plugins\org.eclipse.m2e.maven.runtime_3.9.1100.20250811-2018\jars\asm-9.8.jar
2026-01-15 18:10:18,721 [Worker-65: Launching Executing clean in C__Users_ctorleo571_Desktop_Proyectos_Tema2AD_Tema2AD_khibernate_v25] INFO  o.eclipse.m2e.core.internal.Bundles - 	Entry: C:\Users\ctorleo571\Desktop\eclipse\plugins\org.eclipse.m2e.maven.runtime_3.9.1100.20250811-2018\jars\error_prone_annotations-2.38.0.jar
2026-01-15 18:10:18,721 [Worker-65: Launching Executing clean in C__Users_ctorleo571_Desktop_Proyectos_Tema2AD_Tema2AD_khibernate_v25] INFO  o.eclipse.m2e.core.internal.Bundles - 	Entry: C:\Users\ctorleo571\Desktop\eclipse\plugins\org.eclipse.m2e.maven.runtime_3.9.1100.20250811-2018\jars\gson-2.13.1.jar
2026-01-15 18:10:18,721 [Worker-65: Launching Executing clean in C__Users_ctorleo571_Desktop_Proyectos_Tema2AD_Tema2AD_khibernate_v25] INFO  o.eclipse.m2e.core.internal.Bundles - 	Entry: C:\Users\ctorleo571\Desktop\eclipse\plugins\org.eclipse.m2e.maven.runtime_3.9.1100.20250811-2018\jars\guice-5.1.0-classes.jar
2026-01-15 18:10:18,721 [Worker-65: Launching Executing clean in C__Users_ctorleo571_Desktop_Proyectos_Tema2AD_Tema2AD_khibernate_v25] INFO  o.eclipse.m2e.core.internal.Bundles - 	Entry: C:\Users\ctorleo571\Desktop\eclipse\plugins\org.eclipse.m2e.maven.runtime_3.9.1100.20250811-2018\jars\httpclient-4.5.14.jar
2026-01-15 18:10:18,721 [Worker-65: Launching Executing clean in C__Users_ctorleo571_Desktop_Proyectos_Tema2AD_Tema2AD_khibernate_v25] INFO  o.eclipse.m2e.core.internal.Bundles - 	Entry: C:\Users\ctorleo571\Desktop\eclipse\plugins\org.eclipse.m2e.maven.runtime_3.9.1100.20250811-2018\jars\httpcore-4.4.16.jar
2026-01-15 18:10:18,722 [Worker-65: Launching Executing clean in C__Users_ctorleo571_Desktop_Proyectos_Tema2AD_Tema2AD_khibernate_v25] INFO  o.eclipse.m2e.core.internal.Bundles - 	Entry: C:\Users\ctorleo571\Desktop\eclipse\plugins\org.eclipse.m2e.maven.runtime_3.9.1100.20250811-2018\jars\jansi-2.4.2.jar
2026-01-15 18:10:18,722 [Worker-65: Launching Executing clean in C__Users_ctorleo571_Desktop_Proyectos_Tema2AD_Tema2AD_khibernate_v25] INFO  o.eclipse.m2e.core.internal.Bundles - 	Entry: C:\Users\ctorleo571\Desktop\eclipse\plugins\org.eclipse.m2e.maven.runtime_3.9.1100.20250811-2018\jars\jcl-over-slf4j-1.7.36.jar
2026-01-15 18:10:18,722 [Worker-65: Launching Executing clean in C__Users_ctorleo571_Desktop_Proyectos_Tema2AD_Tema2AD_khibernate_v25] INFO  o.eclipse.m2e.core.internal.Bundles - 	Entry: C:\Users\ctorleo571\Desktop\eclipse\plugins\org.eclipse.m2e.maven.runtime_3.9.1100.20250811-2018\jars\maven-artifact-3.9.11.jar
2026-01-15 18:10:18,722 [Worker-65: Launching Executing clean in C__Users_ctorleo571_Desktop_Proyectos_Tema2AD_Tema2AD_khibernate_v25] INFO  o.eclipse.m2e.core.internal.Bundles - 	Entry: C:\Users\ctorleo571\Desktop\eclipse\plugins\org.eclipse.m2e.maven.runtime_3.9.1100.20250811-2018\jars\maven-builder-support-3.9.11.jar
2026-01-15 18:10:18,722 [Worker-65: Launching Executing clean in C__Users_ctorleo571_Desktop_Proyectos_Tema2AD_Tema2AD_khibernate_v25] INFO  o.eclipse.m2e.core.internal.Bundles - 	Entry: C:\Users\ctorleo571\Desktop\eclipse\plugins\org.eclipse.m2e.maven.runtime_3.9.1100.20250811-2018\jars\maven-compat-3.9.11.jar
2026-01-15 18:10:18,722 [Worker-65: Launching Executing clean in C__Users_ctorleo571_Desktop_Proyectos_Tema2AD_Tema2AD_khibernate_v25] INFO  o.eclipse.m2e.core.internal.Bundles - 	Entry: C:\Users\ctorleo571\Desktop\eclipse\plugins\org.eclipse.m2e.maven.runtime_3.9.1100.20250811-2018\jars\maven-core-3.9.11.jar
2026-01-15 18:10:18,722 [Worker-65: Launching Executing clean in C__Users_ctorleo571_Desktop_Proyectos_Tema2AD_Tema2AD_khibernate_v25] INFO  o.eclipse.m2e.core.internal.Bundles - 	Entry: C:\Users\ctorleo571\Desktop\eclipse\plugins\org.eclipse.m2e.maven.runtime_3.9.1100.20250811-2018\jars\maven-embedder-3.9.11.jar
2026-01-15 18:10:18,722 [Worker-65: Launching Executing clean in C__Users_ctorleo571_Desktop_Proyectos_Tema2AD_Tema2AD_khibernate_v25] INFO  o.eclipse.m2e.core.internal.Bundles - 	Entry: C:\Users\ctorleo571\Desktop\eclipse\plugins\org.eclipse.m2e.maven.runtime_3.9.1100.20250811-2018\jars\maven-model-3.9.11.jar
2026-01-15 18:10:18,722 [Worker-65: Launching Executing clean in C__Users_ctorleo571_Desktop_Proyectos_Tema2AD_Tema2AD_khibernate_v25] INFO  o.eclipse.m2e.core.internal.Bundles - 	Entry: C:\Users\ctorleo571\Desktop\eclipse\plugins\org.eclipse.m2e.maven.runtime_3.9.1100.20250811-2018\jars\maven-model-builder-3.9.11.jar
2026-01-15 18:10:18,722 [Worker-65: Launching Executing clean in C__Users_ctorleo571_Desktop_Proyectos_Tema2AD_Tema2AD_khibernate_v25] INFO  o.eclipse.m2e.core.internal.Bundles - 	Entry: C:\Users\ctorleo571\Desktop\eclipse\plugins\org.eclipse.m2e.maven.runtime_3.9.1100.20250811-2018\jars\maven-plugin-api-3.9.11.jar
2026-01-15 18:10:18,722 [Worker-65: Launching Executing clean in C__Users_ctorleo571_Desktop_Proyectos_Tema2AD_Tema2AD_khibernate_v25] INFO  o.eclipse.m2e.core.internal.Bundles - 	Entry: C:\Users\ctorleo571\Desktop\eclipse\plugins\org.eclipse.m2e.maven.runtime_3.9.1100.20250811-2018\jars\maven-repository-metadata-3.9.11.jar
2026-01-15 18:10:18,722 [Worker-65: Launching Executing clean in C__Users_ctorleo571_Desktop_Proyectos_Tema2AD_Tema2AD_khibernate_v25] INFO  o.eclipse.m2e.core.internal.Bundles - 	Entry: C:\Users\ctorleo571\Desktop\eclipse\plugins\org.eclipse.m2e.maven.runtime_3.9.1100.20250811-2018\jars\maven-resolver-api-1.9.24.jar
2026-01-15 18:10:18,722 [Worker-65: Launching Executing clean in C__Users_ctorleo571_Desktop_Proyectos_Tema2AD_Tema2AD_khibernate_v25] INFO  o.eclipse.m2e.core.internal.Bundles - 	Entry: C:\Users\ctorleo571\Desktop\eclipse\plugins\org.eclipse.m2e.maven.runtime_3.9.1100.20250811-2018\jars\maven-resolver-connector-basic-1.9.24.jar
2026-01-15 18:10:18,722 [Worker-65: Launching Executing clean in C__Users_ctorleo571_Desktop_Proyectos_Tema2AD_Tema2AD_khibernate_v25] INFO  o.eclipse.m2e.core.internal.Bundles - 	Entry: C:\Users\ctorleo571\Desktop\eclipse\plugins\org.eclipse.m2e.maven.runtime_3.9.1100.20250811-2018\jars\maven-resolver-impl-1.9.24.jar
2026-01-15 18:10:18,723 [Worker-65: Launching Executing clean in C__Users_ctorleo571_Desktop_Proyectos_Tema2AD_Tema2AD_khibernate_v25] INFO  o.eclipse.m2e.core.internal.Bundles - 	Entry: C:\Users\ctorleo571\Desktop\eclipse\plugins\org.eclipse.m2e.maven.runtime_3.9.1100.20250811-2018\jars\maven-resolver-named-locks-1.9.24.jar
2026-01-15 18:10:18,723 [Worker-65: Launching Executing clean in C__Users_ctorleo571_Desktop_Proyectos_Tema2AD_Tema2AD_khibernate_v25] INFO  o.eclipse.m2e.core.internal.Bundles - 	Entry: C:\Users\ctorleo571\Desktop\eclipse\plugins\org.eclipse.m2e.maven.runtime_3.9.1100.20250811-2018\jars\maven-resolver-provider-3.9.11.jar
2026-01-15 18:10:18,723 [Worker-65: Launching Executing clean in C__Users_ctorleo571_Desktop_Proyectos_Tema2AD_Tema2AD_khibernate_v25] INFO  o.eclipse.m2e.core.internal.Bundles - 	Entry: C:\Users\ctorleo571\Desktop\eclipse\plugins\org.eclipse.m2e.maven.runtime_3.9.1100.20250811-2018\jars\maven-resolver-spi-1.9.24.jar
2026-01-15 18:10:18,723 [Worker-65: Launching Executing clean in C__Users_ctorleo571_Desktop_Proyectos_Tema2AD_Tema2AD_khibernate_v25] INFO  o.eclipse.m2e.core.internal.Bundles - 	Entry: C:\Users\ctorleo571\Desktop\eclipse\plugins\org.eclipse.m2e.maven.runtime_3.9.1100.20250811-2018\jars\maven-resolver-transport-file-1.9.24.jar
2026-01-15 18:10:18,723 [Worker-65: Launching Executing clean in C__Users_ctorleo571_Desktop_Proyectos_Tema2AD_Tema2AD_khibernate_v25] INFO  o.eclipse.m2e.core.internal.Bundles - 	Entry: C:\Users\ctorleo571\Desktop\eclipse\plugins\org.eclipse.m2e.maven.runtime_3.9.1100.20250811-2018\jars\maven-resolver-transport-http-1.9.24.jar
2026-01-15 18:10:18,723 [Worker-65: Launching Executing clean in C__Users_ctorleo571_Desktop_Proyectos_Tema2AD_Tema2AD_khibernate_v25] INFO  o.eclipse.m2e.core.internal.Bundles - 	Entry: C:\Users\ctorleo571\Desktop\eclipse\plugins\org.eclipse.m2e.maven.runtime_3.9.1100.20250811-2018\jars\maven-resolver-transport-wagon-1.9.24.jar
2026-01-15 18:10:18,723 [Worker-65: Launching Executing clean in C__Users_ctorleo571_Desktop_Proyectos_Tema2AD_Tema2AD_khibernate_v25] INFO  o.eclipse.m2e.core.internal.Bundles - 	Entry: C:\Users\ctorleo571\Desktop\eclipse\plugins\org.eclipse.m2e.maven.runtime_3.9.1100.20250811-2018\jars\maven-resolver-util-1.9.24.jar
2026-01-15 18:10:18,723 [Worker-65: Launching Executing clean in C__Users_ctorleo571_Desktop_Proyectos_Tema2AD_Tema2AD_khibernate_v25] INFO  o.eclipse.m2e.core.internal.Bundles - 	Entry: C:\Users\ctorleo571\Desktop\eclipse\plugins\org.eclipse.m2e.maven.runtime_3.9.1100.20250811-2018\jars\maven-settings-3.9.11.jar
2026-01-15 18:10:18,723 [Worker-65: Launching Executing clean in C__Users_ctorleo571_Desktop_Proyectos_Tema2AD_Tema2AD_khibernate_v25] INFO  o.eclipse.m2e.core.internal.Bundles - 	Entry: C:\Users\ctorleo571\Desktop\eclipse\plugins\org.eclipse.m2e.maven.runtime_3.9.1100.20250811-2018\jars\maven-settings-builder-3.9.11.jar
2026-01-15 18:10:18,723 [Worker-65: Launching Executing clean in C__Users_ctorleo571_Desktop_Proyectos_Tema2AD_Tema2AD_khibernate_v25] INFO  o.eclipse.m2e.core.internal.Bundles - 	Entry: C:\Users\ctorleo571\Desktop\eclipse\plugins\org.eclipse.m2e.maven.runtime_3.9.1100.20250811-2018\jars\maven-shared-utils-3.4.2.jar
2026-01-15 18:10:18,723 [Worker-65: Launching Executing clean in C__Users_ctorleo571_Desktop_Proyectos_Tema2AD_Tema2AD_khibernate_v25] INFO  o.eclipse.m2e.core.internal.Bundles - 	Entry: C:\Users\ctorleo571\Desktop\eclipse\plugins\org.eclipse.m2e.maven.runtime_3.9.1100.20250811-2018\jars\org.eclipse.sisu.inject-0.9.0.M4.jar
2026-01-15 18:10:18,723 [Worker-65: Launching Executing clean in C__Users_ctorleo571_Desktop_Proyectos_Tema2AD_Tema2AD_khibernate_v25] INFO  o.eclipse.m2e.core.internal.Bundles - 	Entry: C:\Users\ctorleo571\Desktop\eclipse\plugins\org.eclipse.m2e.maven.runtime_3.9.1100.20250811-2018\jars\org.eclipse.sisu.plexus-0.9.0.M4.jar
2026-01-15 18:10:18,723 [Worker-65: Launching Executing clean in C__Users_ctorleo571_Desktop_Proyectos_Tema2AD_Tema2AD_khibernate_v25] INFO  o.eclipse.m2e.core.internal.Bundles - 	Entry: C:\Users\ctorleo571\Desktop\eclipse\plugins\org.eclipse.m2e.maven.runtime_3.9.1100.20250811-2018\jars\plexus-build-api-0.0.7.jar
2026-01-15 18:10:18,723 [Worker-65: Launching Executing clean in C__Users_ctorleo571_Desktop_Proyectos_Tema2AD_Tema2AD_khibernate_v25] INFO  o.eclipse.m2e.core.internal.Bundles - 	Entry: C:\Users\ctorleo571\Desktop\eclipse\plugins\org.eclipse.m2e.maven.runtime_3.9.1100.20250811-2018\jars\plexus-build-api-1.2.0.jar
2026-01-15 18:10:18,724 [Worker-65: Launching Executing clean in C__Users_ctorleo571_Desktop_Proyectos_Tema2AD_Tema2AD_khibernate_v25] INFO  o.eclipse.m2e.core.internal.Bundles - 	Entry: C:\Users\ctorleo571\Desktop\eclipse\plugins\org.eclipse.m2e.maven.runtime_3.9.1100.20250811-2018\jars\plexus-cipher-2.0.jar
2026-01-15 18:10:18,724 [Worker-65: Launching Executing clean in C__Users_ctorleo571_Desktop_Proyectos_Tema2AD_Tema2AD_khibernate_v25] INFO  o.eclipse.m2e.core.internal.Bundles - 	Entry: C:\Users\ctorleo571\Desktop\eclipse\plugins\org.eclipse.m2e.maven.runtime_3.9.1100.20250811-2018\jars\plexus-classworlds-2.9.0.jar
2026-01-15 18:10:18,724 [Worker-65: Launching Executing clean in C__Users_ctorleo571_Desktop_Proyectos_Tema2AD_Tema2AD_khibernate_v25] INFO  o.eclipse.m2e.core.internal.Bundles - 	Entry: C:\Users\ctorleo571\Desktop\eclipse\plugins\org.eclipse.m2e.maven.runtime_3.9.1100.20250811-2018\jars\plexus-component-annotations-2.2.0.jar
2026-01-15 18:10:18,724 [Worker-65: Launching Executing clean in C__Users_ctorleo571_Desktop_Proyectos_Tema2AD_Tema2AD_khibernate_v25] INFO  o.eclipse.m2e.core.internal.Bundles - 	Entry: C:\Users\ctorleo571\Desktop\eclipse\plugins\org.eclipse.m2e.maven.runtime_3.9.1100.20250811-2018\jars\plexus-interpolation-1.28.jar
2026-01-15 18:10:18,724 [Worker-65: Launching Executing clean in C__Users_ctorleo571_Desktop_Proyectos_Tema2AD_Tema2AD_khibernate_v25] INFO  o.eclipse.m2e.core.internal.Bundles - 	Entry: C:\Users\ctorleo571\Desktop\eclipse\plugins\org.eclipse.m2e.maven.runtime_3.9.1100.20250811-2018\jars\plexus-sec-dispatcher-2.0.jar
2026-01-15 18:10:18,724 [Worker-65: Launching Executing clean in C__Users_ctorleo571_Desktop_Proyectos_Tema2AD_Tema2AD_khibernate_v25] INFO  o.eclipse.m2e.core.internal.Bundles - 	Entry: C:\Users\ctorleo571\Desktop\eclipse\plugins\org.eclipse.m2e.maven.runtime_3.9.1100.20250811-2018\jars\plexus-utils-3.6.0.jar
2026-01-15 18:10:18,724 [Worker-65: Launching Executing clean in C__Users_ctorleo571_Desktop_Proyectos_Tema2AD_Tema2AD_khibernate_v25] INFO  o.eclipse.m2e.core.internal.Bundles - 	Entry: C:\Users\ctorleo571\Desktop\eclipse\plugins\org.eclipse.m2e.maven.runtime_3.9.1100.20250811-2018\jars\wagon-file-3.5.3.jar
2026-01-15 18:10:18,724 [Worker-65: Launching Executing clean in C__Users_ctorleo571_Desktop_Proyectos_Tema2AD_Tema2AD_khibernate_v25] INFO  o.eclipse.m2e.core.internal.Bundles - 	Entry: C:\Users\ctorleo571\Desktop\eclipse\plugins\org.eclipse.m2e.maven.runtime_3.9.1100.20250811-2018\jars\wagon-http-3.5.3.jar
2026-01-15 18:10:18,724 [Worker-65: Launching Executing clean in C__Users_ctorleo571_Desktop_Proyectos_Tema2AD_Tema2AD_khibernate_v25] INFO  o.eclipse.m2e.core.internal.Bundles - 	Entry: C:\Users\ctorleo571\Desktop\eclipse\plugins\org.eclipse.m2e.maven.runtime_3.9.1100.20250811-2018\jars\wagon-http-shared-3.5.3.jar
2026-01-15 18:10:18,724 [Worker-65: Launching Executing clean in C__Users_ctorleo571_Desktop_Proyectos_Tema2AD_Tema2AD_khibernate_v25] INFO  o.eclipse.m2e.core.internal.Bundles - 	Entry: C:\Users\ctorleo571\Desktop\eclipse\plugins\org.eclipse.m2e.maven.runtime_3.9.1100.20250811-2018\jars\wagon-provider-api-3.5.3.jar
2026-01-15 18:10:18,724 [Worker-65: Launching Executing clean in C__Users_ctorleo571_Desktop_Proyectos_Tema2AD_Tema2AD_khibernate_v25] INFO  o.eclipse.m2e.core.internal.Bundles - getClasspathEntries(Bundle=com.google.guava_33.4.8.jre [18])
2026-01-15 18:10:18,725 [Worker-65: Launching Executing clean in C__Users_ctorleo571_Desktop_Proyectos_Tema2AD_Tema2AD_khibernate_v25] INFO  o.eclipse.m2e.core.internal.Bundles - 	Entry: C:\Users\ctorleo571\Desktop\eclipse\plugins\com.google.guava_33.4.8.jre.jar
2026-01-15 18:10:18,725 [Worker-65: Launching Executing clean in C__Users_ctorleo571_Desktop_Proyectos_Tema2AD_Tema2AD_khibernate_v25] INFO  o.eclipse.m2e.core.internal.Bundles - getClasspathEntries(Bundle=slf4j.api_2.0.17 [1007])
2026-01-15 18:10:18,725 [Worker-65: Launching Executing clean in C__Users_ctorleo571_Desktop_Proyectos_Tema2AD_Tema2AD_khibernate_v25] INFO  o.eclipse.m2e.core.internal.Bundles - 	Entry: C:\Users\ctorleo571\Desktop\eclipse\plugins\slf4j.api_2.0.17.jar
2026-01-15 18:10:18,725 [Worker-65: Launching Executing clean in C__Users_ctorleo571_Desktop_Proyectos_Tema2AD_Tema2AD_khibernate_v25] INFO  o.eclipse.m2e.core.internal.Bundles - getClasspathEntries(Bundle=jakarta.inject.jakarta.inject-api_1.0.5 [35])
2026-01-15 18:10:18,725 [Worker-65: Launching Executing clean in C__Users_ctorleo571_Desktop_Proyectos_Tema2AD_Tema2AD_khibernate_v25] INFO  o.eclipse.m2e.core.internal.Bundles - 	Entry: C:\Users\ctorleo571\Desktop\eclipse\plugins\jakarta.inject.jakarta.inject-api_1.0.5.jar
2026-01-15 18:10:18,725 [Worker-65: Launching Executing clean in C__Users_ctorleo571_Desktop_Proyectos_Tema2AD_Tema2AD_khibernate_v25] INFO  o.eclipse.m2e.core.internal.Bundles - getClasspathEntries(Bundle=jakarta.annotation-api_1.3.5 [31])
2026-01-15 18:10:18,725 [Worker-65: Launching Executing clean in C__Users_ctorleo571_Desktop_Proyectos_Tema2AD_Tema2AD_khibernate_v25] INFO  o.eclipse.m2e.core.internal.Bundles - 	Entry: C:\Users\ctorleo571\Desktop\eclipse\plugins\jakarta.annotation-api_1.3.5.jar
2026-01-15 18:10:18,725 [Worker-65: Launching Executing clean in C__Users_ctorleo571_Desktop_Proyectos_Tema2AD_Tema2AD_khibernate_v25] INFO  o.eclipse.m2e.core.internal.Bundles - getClasspathEntries(Bundle=org.apache.commons.cli_1.10.0 [75])
2026-01-15 18:10:18,725 [Worker-65: Launching Executing clean in C__Users_ctorleo571_Desktop_Proyectos_Tema2AD_Tema2AD_khibernate_v25] INFO  o.eclipse.m2e.core.internal.Bundles - 	Entry: C:\Users\ctorleo571\Desktop\eclipse\plugins\org.apache.commons.cli_1.10.0.jar
2026-01-15 18:10:18,725 [Worker-65: Launching Executing clean in C__Users_ctorleo571_Desktop_Proyectos_Tema2AD_Tema2AD_khibernate_v25] INFO  o.eclipse.m2e.core.internal.Bundles - getClasspathEntries(Bundle=org.apache.commons.commons-codec_1.19.0 [77])
2026-01-15 18:10:18,726 [Worker-65: Launching Executing clean in C__Users_ctorleo571_Desktop_Proyectos_Tema2AD_Tema2AD_khibernate_v25] INFO  o.eclipse.m2e.core.internal.Bundles - 	Entry: C:\Users\ctorleo571\Desktop\eclipse\plugins\org.apache.commons.commons-codec_1.19.0.jar
2026-01-15 18:10:18,726 [Worker-65: Launching Executing clean in C__Users_ctorleo571_Desktop_Proyectos_Tema2AD_Tema2AD_khibernate_v25] INFO  o.eclipse.m2e.core.internal.Bundles - getClasspathEntries(Bundle=com.google.guava.failureaccess_1.0.3 [19])
2026-01-15 18:10:18,726 [Worker-65: Launching Executing clean in C__Users_ctorleo571_Desktop_Proyectos_Tema2AD_Tema2AD_khibernate_v25] INFO  o.eclipse.m2e.core.internal.Bundles - 	Entry: C:\Users\ctorleo571\Desktop\eclipse\plugins\com.google.guava.failureaccess_1.0.3.jar
2026-01-15 18:10:18,727 [Worker-65: Launching Executing clean in C__Users_ctorleo571_Desktop_Proyectos_Tema2AD_Tema2AD_khibernate_v25] INFO  o.e.m.i.launch.MavenLaunchDelegate - Run build in "C:\Users\ctorleo571\Desktop\Proyectos\Tema2AD\Tema2AD\khibernate_v25":
2026-01-15 18:10:18,727 [Worker-65: Launching Executing clean in C__Users_ctorleo571_Desktop_Proyectos_Tema2AD_Tema2AD_khibernate_v25] INFO  o.e.m.i.launch.MavenLaunchDelegate -  mvn  -B -Dstyle.color=always clean
2026-01-15 18:12:14,941 [Worker-74: Building] INFO  o.a.m.s.f.DefaultMavenResourcesFiltering - skip non existing resourceDirectory C:\Users\ctorleo571\Desktop\Proyectos\Tema2AD\Tema2AD\khibernate_v25\src\main\resources
2026-01-15 18:12:14,943 [Worker-74: Building] INFO  o.a.m.s.f.DefaultMavenResourcesFiltering - skip non existing resourceDirectory C:\Users\ctorleo571\Desktop\Proyectos\Tema2AD\Tema2AD\khibernate_v25\src\test\resources
2026-01-15 18:12:14,944 [Worker-74: Building] WARN  o.apache.maven.project.MavenProject - Direct modification of compileSourceRoots through clear() is deprecated and will not work in Maven 4.0.0. Please use the add/remove methods instead. If you're using a plugin that causes this warning, please upgrade to the latest version and report an issue if the warning persists. To disable these warnings, set -Dmaven.project.sourceRoots.warningsDisabled=true on the command line, in the .mvn/maven.config file, or in project POM properties.
2026-01-15 18:12:14,944 [Worker-74: Building] WARN  o.apache.maven.project.MavenProject - Direct modification of compileSourceRoots through add() is deprecated and will not work in Maven 4.0.0. Please use the add/remove methods instead. If you're using a plugin that causes this warning, please upgrade to the latest version and report an issue if the warning persists. To disable these warnings, set -Dmaven.project.sourceRoots.warningsDisabled=true on the command line, in the .mvn/maven.config file, or in project POM properties.
2026-01-15 18:12:14,945 [Worker-74: Building] WARN  o.apache.maven.project.MavenProject - Direct modification of testCompileSourceRoots through clear() is deprecated and will not work in Maven 4.0.0. Please use the add/remove methods instead. If you're using a plugin that causes this warning, please upgrade to the latest version and report an issue if the warning persists. To disable these warnings, set -Dmaven.project.sourceRoots.warningsDisabled=true on the command line, in the .mvn/maven.config file, or in project POM properties.
2026-01-15 18:12:14,945 [Worker-74: Building] WARN  o.apache.maven.project.MavenProject - Direct modification of testCompileSourceRoots through add() is deprecated and will not work in Maven 4.0.0. Please use the add/remove methods instead. If you're using a plugin that causes this warning, please upgrade to the latest version and report an issue if the warning persists. To disable these warnings, set -Dmaven.project.sourceRoots.warningsDisabled=true on the command line, in the .mvn/maven.config file, or in project POM properties.
2026-01-15 18:12:18,461 [Worker-75: Building] INFO  o.a.m.s.f.DefaultMavenResourcesFiltering - skip non existing resourceDirectory C:\Users\ctorleo571\Desktop\Proyectos\Tema2AD\Tema2AD\khibernate_v25\src\main\resources
2026-01-15 18:12:18,463 [Worker-75: Building] INFO  o.a.m.s.f.DefaultMavenResourcesFiltering - skip non existing resourceDirectory C:\Users\ctorleo571\Desktop\Proyectos\Tema2AD\Tema2AD\khibernate_v25\src\test\resources
2026-01-15 18:12:18,492 [Worker-75: Building] WARN  o.apache.maven.project.MavenProject - Direct modification of compileSourceRoots through clear() is deprecated and will not work in Maven 4.0.0. Please use the add/remove methods instead. If you're using a plugin that causes this warning, please upgrade to the latest version and report an issue if the warning persists. To disable these warnings, set -Dmaven.project.sourceRoots.warningsDisabled=true on the command line, in the .mvn/maven.config file, or in project POM properties.
2026-01-15 18:12:18,493 [Worker-75: Building] WARN  o.apache.maven.project.MavenProject - Direct modification of compileSourceRoots through add() is deprecated and will not work in Maven 4.0.0. Please use the add/remove methods instead. If you're using a plugin that causes this warning, please upgrade to the latest version and report an issue if the warning persists. To disable these warnings, set -Dmaven.project.sourceRoots.warningsDisabled=true on the command line, in the .mvn/maven.config file, or in project POM properties.
2026-01-15 18:12:18,493 [Worker-75: Building] WARN  o.apache.maven.project.MavenProject - Direct modification of testCompileSourceRoots through clear() is deprecated and will not work in Maven 4.0.0. Please use the add/remove methods instead. If you're using a plugin that causes this warning, please upgrade to the latest version and report an issue if the warning persists. To disable these warnings, set -Dmaven.project.sourceRoots.warningsDisabled=true on the command line, in the .mvn/maven.config file, or in project POM properties.
2026-01-15 18:12:18,494 [Worker-75: Building] WARN  o.apache.maven.project.MavenProject - Direct modification of testCompileSourceRoots through add() is deprecated and will not work in Maven 4.0.0. Please use the add/remove methods instead. If you're using a plugin that causes this warning, please upgrade to the latest version and report an issue if the warning persists. To disable these warnings, set -Dmaven.project.sourceRoots.warningsDisabled=true on the command line, in the .mvn/maven.config file, or in project POM properties.
2026-01-15 18:12:27,849 [Worker-75: Building] INFO  o.a.m.s.f.DefaultMavenResourcesFiltering - skip non existing resourceDirectory C:\Users\ctorleo571\Desktop\Proyectos\Tema2AD\Tema2AD\khibernate_v25\src\main\resources
2026-01-15 18:12:27,852 [Worker-75: Building] INFO  o.a.m.s.f.DefaultMavenResourcesFiltering - skip non existing resourceDirectory C:\Users\ctorleo571\Desktop\Proyectos\Tema2AD\Tema2AD\khibernate_v25\src\test\resources
2026-01-15 18:12:27,852 [Worker-75: Building] WARN  o.apache.maven.project.MavenProject - Direct modification of compileSourceRoots through clear() is deprecated and will not work in Maven 4.0.0. Please use the add/remove methods instead. If you're using a plugin that causes this warning, please upgrade to the latest version and report an issue if the warning persists. To disable these warnings, set -Dmaven.project.sourceRoots.warningsDisabled=true on the command line, in the .mvn/maven.config file, or in project POM properties.
2026-01-15 18:12:27,853 [Worker-75: Building] WARN  o.apache.maven.project.MavenProject - Direct modification of compileSourceRoots through add() is deprecated and will not work in Maven 4.0.0. Please use the add/remove methods instead. If you're using a plugin that causes this warning, please upgrade to the latest version and report an issue if the warning persists. To disable these warnings, set -Dmaven.project.sourceRoots.warningsDisabled=true on the command line, in the .mvn/maven.config file, or in project POM properties.
2026-01-15 18:12:27,854 [Worker-75: Building] WARN  o.apache.maven.project.MavenProject - Direct modification of testCompileSourceRoots through clear() is deprecated and will not work in Maven 4.0.0. Please use the add/remove methods instead. If you're using a plugin that causes this warning, please upgrade to the latest version and report an issue if the warning persists. To disable these warnings, set -Dmaven.project.sourceRoots.warningsDisabled=true on the command line, in the .mvn/maven.config file, or in project POM properties.
2026-01-15 18:12:27,855 [Worker-75: Building] WARN  o.apache.maven.project.MavenProject - Direct modification of testCompileSourceRoots through add() is deprecated and will not work in Maven 4.0.0. Please use the add/remove methods instead. If you're using a plugin that causes this warning, please upgrade to the latest version and report an issue if the warning persists. To disable these warnings, set -Dmaven.project.sourceRoots.warningsDisabled=true on the command line, in the .mvn/maven.config file, or in project POM properties.
2026-01-15 18:13:02,507 [Worker-70: Building] INFO  o.a.m.s.f.DefaultMavenResourcesFiltering - skip non existing resourceDirectory C:\Users\ctorleo571\Desktop\Proyectos\Tema2AD\Tema2AD\khibernate_v25\src\main\resources
2026-01-15 18:13:02,509 [Worker-70: Building] INFO  o.a.m.s.f.DefaultMavenResourcesFiltering - skip non existing resourceDirectory C:\Users\ctorleo571\Desktop\Proyectos\Tema2AD\Tema2AD\khibernate_v25\src\test\resources
2026-01-15 18:13:02,510 [Worker-70: Building] WARN  o.apache.maven.project.MavenProject - Direct modification of compileSourceRoots through clear() is deprecated and will not work in Maven 4.0.0. Please use the add/remove methods instead. If you're using a plugin that causes this warning, please upgrade to the latest version and report an issue if the warning persists. To disable these warnings, set -Dmaven.project.sourceRoots.warningsDisabled=true on the command line, in the .mvn/maven.config file, or in project POM properties.
2026-01-15 18:13:02,510 [Worker-70: Building] WARN  o.apache.maven.project.MavenProject - Direct modification of compileSourceRoots through add() is deprecated and will not work in Maven 4.0.0. Please use the add/remove methods instead. If you're using a plugin that causes this warning, please upgrade to the latest version and report an issue if the warning persists. To disable these warnings, set -Dmaven.project.sourceRoots.warningsDisabled=true on the command line, in the .mvn/maven.config file, or in project POM properties.
2026-01-15 18:13:02,511 [Worker-70: Building] WARN  o.apache.maven.project.MavenProject - Direct modification of testCompileSourceRoots through clear() is deprecated and will not work in Maven 4.0.0. Please use the add/remove methods instead. If you're using a plugin that causes this warning, please upgrade to the latest version and report an issue if the warning persists. To disable these warnings, set -Dmaven.project.sourceRoots.warningsDisabled=true on the command line, in the .mvn/maven.config file, or in project POM properties.
2026-01-15 18:13:02,511 [Worker-70: Building] WARN  o.apache.maven.project.MavenProject - Direct modification of testCompileSourceRoots through add() is deprecated and will not work in Maven 4.0.0. Please use the add/remove methods instead. If you're using a plugin that causes this warning, please upgrade to the latest version and report an issue if the warning persists. To disable these warnings, set -Dmaven.project.sourceRoots.warningsDisabled=true on the command line, in the .mvn/maven.config file, or in project POM properties.
2026-01-15 18:20:17,015 [Worker-75: Building] INFO  o.a.m.s.f.DefaultMavenResourcesFiltering - skip non existing resourceDirectory C:\Users\ctorleo571\Desktop\Proyectos\Tema2AD\Tema2AD\khibernate_v25\src\main\resources
2026-01-15 18:20:17,017 [Worker-75: Building] INFO  o.a.m.s.f.DefaultMavenResourcesFiltering - skip non existing resourceDirectory C:\Users\ctorleo571\Desktop\Proyectos\Tema2AD\Tema2AD\khibernate_v25\src\test\resources
2026-01-15 18:20:17,018 [Worker-75: Building] WARN  o.apache.maven.project.MavenProject - Direct modification of compileSourceRoots through clear() is deprecated and will not work in Maven 4.0.0. Please use the add/remove methods instead. If you're using a plugin that causes this warning, please upgrade to the latest version and report an issue if the warning persists. To disable these warnings, set -Dmaven.project.sourceRoots.warningsDisabled=true on the command line, in the .mvn/maven.config file, or in project POM properties.
2026-01-15 18:20:17,018 [Worker-75: Building] WARN  o.apache.maven.project.MavenProject - Direct modification of compileSourceRoots through add() is deprecated and will not work in Maven 4.0.0. Please use the add/remove methods instead. If you're using a plugin that causes this warning, please upgrade to the latest version and report an issue if the warning persists. To disable these warnings, set -Dmaven.project.sourceRoots.warningsDisabled=true on the command line, in the .mvn/maven.config file, or in project POM properties.
2026-01-15 18:20:17,019 [Worker-75: Building] WARN  o.apache.maven.project.MavenProject - Direct modification of testCompileSourceRoots through clear() is deprecated and will not work in Maven 4.0.0. Please use the add/remove methods instead. If you're using a plugin that causes this warning, please upgrade to the latest version and report an issue if the warning persists. To disable these warnings, set -Dmaven.project.sourceRoots.warningsDisabled=true on the command line, in the .mvn/maven.config file, or in project POM properties.
2026-01-15 18:20:17,020 [Worker-75: Building] WARN  o.apache.maven.project.MavenProject - Direct modification of testCompileSourceRoots through add() is deprecated and will not work in Maven 4.0.0. Please use the add/remove methods instead. If you're using a plugin that causes this warning, please upgrade to the latest version and report an issue if the warning persists. To disable these warnings, set -Dmaven.project.sourceRoots.warningsDisabled=true on the command line, in the .mvn/maven.config file, or in project POM properties.
2026-01-15 18:20:43,958 [Worker-79: Building] INFO  o.a.m.s.f.DefaultMavenResourcesFiltering - skip non existing resourceDirectory C:\Users\ctorleo571\Desktop\Proyectos\Tema2AD\Tema2AD\khibernate_v25\src\main\resources
2026-01-15 18:20:43,960 [Worker-79: Building] INFO  o.a.m.s.f.DefaultMavenResourcesFiltering - skip non existing resourceDirectory C:\Users\ctorleo571\Desktop\Proyectos\Tema2AD\Tema2AD\khibernate_v25\src\test\resources
2026-01-15 18:20:43,960 [Worker-79: Building] WARN  o.apache.maven.project.MavenProject - Direct modification of compileSourceRoots through clear() is deprecated and will not work in Maven 4.0.0. Please use the add/remove methods instead. If you're using a plugin that causes this warning, please upgrade to the latest version and report an issue if the warning persists. To disable these warnings, set -Dmaven.project.sourceRoots.warningsDisabled=true on the command line, in the .mvn/maven.config file, or in project POM properties.
2026-01-15 18:20:43,961 [Worker-79: Building] WARN  o.apache.maven.project.MavenProject - Direct modification of compileSourceRoots through add() is deprecated and will not work in Maven 4.0.0. Please use the add/remove methods instead. If you're using a plugin that causes this warning, please upgrade to the latest version and report an issue if the warning persists. To disable these warnings, set -Dmaven.project.sourceRoots.warningsDisabled=true on the command line, in the .mvn/maven.config file, or in project POM properties.
2026-01-15 18:20:43,961 [Worker-79: Building] WARN  o.apache.maven.project.MavenProject - Direct modification of testCompileSourceRoots through clear() is deprecated and will not work in Maven 4.0.0. Please use the add/remove methods instead. If you're using a plugin that causes this warning, please upgrade to the latest version and report an issue if the warning persists. To disable these warnings, set -Dmaven.project.sourceRoots.warningsDisabled=true on the command line, in the .mvn/maven.config file, or in project POM properties.
2026-01-15 18:20:43,961 [Worker-79: Building] WARN  o.apache.maven.project.MavenProject - Direct modification of testCompileSourceRoots through add() is deprecated and will not work in Maven 4.0.0. Please use the add/remove methods instead. If you're using a plugin that causes this warning, please upgrade to the latest version and report an issue if the warning persists. To disable these warnings, set -Dmaven.project.sourceRoots.warningsDisabled=true on the command line, in the .mvn/maven.config file, or in project POM properties.
2026-01-15 18:20:54,912 [Worker-74: Building] INFO  o.a.m.s.f.DefaultMavenResourcesFiltering - skip non existing resourceDirectory C:\Users\ctorleo571\Desktop\Proyectos\Tema2AD\Tema2AD\khibernate_v25\src\main\resources
2026-01-15 18:20:54,915 [Worker-74: Building] INFO  o.a.m.s.f.DefaultMavenResourcesFiltering - skip non existing resourceDirectory C:\Users\ctorleo571\Desktop\Proyectos\Tema2AD\Tema2AD\khibernate_v25\src\test\resources
2026-01-15 18:20:54,915 [Worker-74: Building] WARN  o.apache.maven.project.MavenProject - Direct modification of compileSourceRoots through clear() is deprecated and will not work in Maven 4.0.0. Please use the add/remove methods instead. If you're using a plugin that causes this warning, please upgrade to the latest version and report an issue if the warning persists. To disable these warnings, set -Dmaven.project.sourceRoots.warningsDisabled=true on the command line, in the .mvn/maven.config file, or in project POM properties.
2026-01-15 18:20:54,916 [Worker-74: Building] WARN  o.apache.maven.project.MavenProject - Direct modification of compileSourceRoots through add() is deprecated and will not work in Maven 4.0.0. Please use the add/remove methods instead. If you're using a plugin that causes this warning, please upgrade to the latest version and report an issue if the warning persists. To disable these warnings, set -Dmaven.project.sourceRoots.warningsDisabled=true on the command line, in the .mvn/maven.config file, or in project POM properties.
2026-01-15 18:20:54,917 [Worker-74: Building] WARN  o.apache.maven.project.MavenProject - Direct modification of testCompileSourceRoots through clear() is deprecated and will not work in Maven 4.0.0. Please use the add/remove methods instead. If you're using a plugin that causes this warning, please upgrade to the latest version and report an issue if the warning persists. To disable these warnings, set -Dmaven.project.sourceRoots.warningsDisabled=true on the command line, in the .mvn/maven.config file, or in project POM properties.
2026-01-15 18:20:54,918 [Worker-74: Building] WARN  o.apache.maven.project.MavenProject - Direct modification of testCompileSourceRoots through add() is deprecated and will not work in Maven 4.0.0. Please use the add/remove methods instead. If you're using a plugin that causes this warning, please upgrade to the latest version and report an issue if the warning persists. To disable these warnings, set -Dmaven.project.sourceRoots.warningsDisabled=true on the command line, in the .mvn/maven.config file, or in project POM properties.
2026-01-15 18:21:03,676 [Worker-75: Building] INFO  o.a.m.s.f.DefaultMavenResourcesFiltering - skip non existing resourceDirectory C:\Users\ctorleo571\Desktop\Proyectos\Tema2AD\Tema2AD\khibernate_v25\src\main\resources
2026-01-15 18:21:03,678 [Worker-75: Building] INFO  o.a.m.s.f.DefaultMavenResourcesFiltering - skip non existing resourceDirectory C:\Users\ctorleo571\Desktop\Proyectos\Tema2AD\Tema2AD\khibernate_v25\src\test\resources
2026-01-15 18:21:03,679 [Worker-75: Building] WARN  o.apache.maven.project.MavenProject - Direct modification of compileSourceRoots through clear() is deprecated and will not work in Maven 4.0.0. Please use the add/remove methods instead. If you're using a plugin that causes this warning, please upgrade to the latest version and report an issue if the warning persists. To disable these warnings, set -Dmaven.project.sourceRoots.warningsDisabled=true on the command line, in the .mvn/maven.config file, or in project POM properties.
2026-01-15 18:21:03,680 [Worker-75: Building] WARN  o.apache.maven.project.MavenProject - Direct modification of compileSourceRoots through add() is deprecated and will not work in Maven 4.0.0. Please use the add/remove methods instead. If you're using a plugin that causes this warning, please upgrade to the latest version and report an issue if the warning persists. To disable these warnings, set -Dmaven.project.sourceRoots.warningsDisabled=true on the command line, in the .mvn/maven.config file, or in project POM properties.
2026-01-15 18:21:03,680 [Worker-75: Building] WARN  o.apache.maven.project.MavenProject - Direct modification of testCompileSourceRoots through clear() is deprecated and will not work in Maven 4.0.0. Please use the add/remove methods instead. If you're using a plugin that causes this warning, please upgrade to the latest version and report an issue if the warning persists. To disable these warnings, set -Dmaven.project.sourceRoots.warningsDisabled=true on the command line, in the .mvn/maven.config file, or in project POM properties.
2026-01-15 18:21:03,681 [Worker-75: Building] WARN  o.apache.maven.project.MavenProject - Direct modification of testCompileSourceRoots through add() is deprecated and will not work in Maven 4.0.0. Please use the add/remove methods instead. If you're using a plugin that causes this warning, please upgrade to the latest version and report an issue if the warning persists. To disable these warnings, set -Dmaven.project.sourceRoots.warningsDisabled=true on the command line, in the .mvn/maven.config file, or in project POM properties.
2026-01-15 18:21:26,841 [Worker-80: Building] INFO  o.a.m.s.f.DefaultMavenResourcesFiltering - skip non existing resourceDirectory C:\Users\ctorleo571\Desktop\Proyectos\Tema2AD\Tema2AD\khibernate_v25\src\main\resources
2026-01-15 18:21:26,844 [Worker-80: Building] INFO  o.a.m.s.f.DefaultMavenResourcesFiltering - skip non existing resourceDirectory C:\Users\ctorleo571\Desktop\Proyectos\Tema2AD\Tema2AD\khibernate_v25\src\test\resources
2026-01-15 18:21:26,844 [Worker-80: Building] WARN  o.apache.maven.project.MavenProject - Direct modification of compileSourceRoots through clear() is deprecated and will not work in Maven 4.0.0. Please use the add/remove methods instead. If you're using a plugin that causes this warning, please upgrade to the latest version and report an issue if the warning persists. To disable these warnings, set -Dmaven.project.sourceRoots.warningsDisabled=true on the command line, in the .mvn/maven.config file, or in project POM properties.
2026-01-15 18:21:26,846 [Worker-80: Building] WARN  o.apache.maven.project.MavenProject - Direct modification of compileSourceRoots through add() is deprecated and will not work in Maven 4.0.0. Please use the add/remove methods instead. If you're using a plugin that causes this warning, please upgrade to the latest version and report an issue if the warning persists. To disable these warnings, set -Dmaven.project.sourceRoots.warningsDisabled=true on the command line, in the .mvn/maven.config file, or in project POM properties.
2026-01-15 18:21:26,847 [Worker-80: Building] WARN  o.apache.maven.project.MavenProject - Direct modification of testCompileSourceRoots through clear() is deprecated and will not work in Maven 4.0.0. Please use the add/remove methods instead. If you're using a plugin that causes this warning, please upgrade to the latest version and report an issue if the warning persists. To disable these warnings, set -Dmaven.project.sourceRoots.warningsDisabled=true on the command line, in the .mvn/maven.config file, or in project POM properties.
2026-01-15 18:21:26,848 [Worker-80: Building] WARN  o.apache.maven.project.MavenProject - Direct modification of testCompileSourceRoots through add() is deprecated and will not work in Maven 4.0.0. Please use the add/remove methods instead. If you're using a plugin that causes this warning, please upgrade to the latest version and report an issue if the warning persists. To disable these warnings, set -Dmaven.project.sourceRoots.warningsDisabled=true on the command line, in the .mvn/maven.config file, or in project POM properties.
2026-01-15 18:21:30,638 [Worker-74: Building] INFO  o.a.m.s.f.DefaultMavenResourcesFiltering - skip non existing resourceDirectory C:\Users\ctorleo571\Desktop\Proyectos\Tema2AD\Tema2AD\khibernate_v25\src\main\resources
2026-01-15 18:21:30,640 [Worker-74: Building] INFO  o.a.m.s.f.DefaultMavenResourcesFiltering - skip non existing resourceDirectory C:\Users\ctorleo571\Desktop\Proyectos\Tema2AD\Tema2AD\khibernate_v25\src\test\resources
2026-01-15 18:21:30,640 [Worker-74: Building] WARN  o.apache.maven.project.MavenProject - Direct modification of compileSourceRoots through clear() is deprecated and will not work in Maven 4.0.0. Please use the add/remove methods instead. If you're using a plugin that causes this warning, please upgrade to the latest version and report an issue if the warning persists. To disable these warnings, set -Dmaven.project.sourceRoots.warningsDisabled=true on the command line, in the .mvn/maven.config file, or in project POM properties.
2026-01-15 18:21:30,641 [Worker-74: Building] WARN  o.apache.maven.project.MavenProject - Direct modification of compileSourceRoots through add() is deprecated and will not work in Maven 4.0.0. Please use the add/remove methods instead. If you're using a plugin that causes this warning, please upgrade to the latest version and report an issue if the warning persists. To disable these warnings, set -Dmaven.project.sourceRoots.warningsDisabled=true on the command line, in the .mvn/maven.config file, or in project POM properties.
2026-01-15 18:21:30,641 [Worker-74: Building] WARN  o.apache.maven.project.MavenProject - Direct modification of testCompileSourceRoots through clear() is deprecated and will not work in Maven 4.0.0. Please use the add/remove methods instead. If you're using a plugin that causes this warning, please upgrade to the latest version and report an issue if the warning persists. To disable these warnings, set -Dmaven.project.sourceRoots.warningsDisabled=true on the command line, in the .mvn/maven.config file, or in project POM properties.
2026-01-15 18:21:30,642 [Worker-74: Building] WARN  o.apache.maven.project.MavenProject - Direct modification of testCompileSourceRoots through add() is deprecated and will not work in Maven 4.0.0. Please use the add/remove methods instead. If you're using a plugin that causes this warning, please upgrade to the latest version and report an issue if the warning persists. To disable these warnings, set -Dmaven.project.sourceRoots.warningsDisabled=true on the command line, in the .mvn/maven.config file, or in project POM properties.
2026-01-15 18:21:57,332 [Worker-74: Building] INFO  o.a.m.s.f.DefaultMavenResourcesFiltering - skip non existing resourceDirectory C:\Users\ctorleo571\Desktop\Proyectos\Tema2AD\Tema2AD\khibernate_v25\src\main\resources
2026-01-15 18:21:57,334 [Worker-74: Building] INFO  o.a.m.s.f.DefaultMavenResourcesFiltering - skip non existing resourceDirectory C:\Users\ctorleo571\Desktop\Proyectos\Tema2AD\Tema2AD\khibernate_v25\src\test\resources
2026-01-15 18:21:57,334 [Worker-74: Building] WARN  o.apache.maven.project.MavenProject - Direct modification of compileSourceRoots through clear() is deprecated and will not work in Maven 4.0.0. Please use the add/remove methods instead. If you're using a plugin that causes this warning, please upgrade to the latest version and report an issue if the warning persists. To disable these warnings, set -Dmaven.project.sourceRoots.warningsDisabled=true on the command line, in the .mvn/maven.config file, or in project POM properties.
2026-01-15 18:21:57,335 [Worker-74: Building] WARN  o.apache.maven.project.MavenProject - Direct modification of compileSourceRoots through add() is deprecated and will not work in Maven 4.0.0. Please use the add/remove methods instead. If you're using a plugin that causes this warning, please upgrade to the latest version and report an issue if the warning persists. To disable these warnings, set -Dmaven.project.sourceRoots.warningsDisabled=true on the command line, in the .mvn/maven.config file, or in project POM properties.
2026-01-15 18:21:57,336 [Worker-74: Building] WARN  o.apache.maven.project.MavenProject - Direct modification of testCompileSourceRoots through clear() is deprecated and will not work in Maven 4.0.0. Please use the add/remove methods instead. If you're using a plugin that causes this warning, please upgrade to the latest version and report an issue if the warning persists. To disable these warnings, set -Dmaven.project.sourceRoots.warningsDisabled=true on the command line, in the .mvn/maven.config file, or in project POM properties.
2026-01-15 18:21:57,336 [Worker-74: Building] WARN  o.apache.maven.project.MavenProject - Direct modification of testCompileSourceRoots through add() is deprecated and will not work in Maven 4.0.0. Please use the add/remove methods instead. If you're using a plugin that causes this warning, please upgrade to the latest version and report an issue if the warning persists. To disable these warnings, set -Dmaven.project.sourceRoots.warningsDisabled=true on the command line, in the .mvn/maven.config file, or in project POM properties.
2026-01-15 18:22:01,350 [Worker-81: Building] INFO  o.a.m.s.f.DefaultMavenResourcesFiltering - skip non existing resourceDirectory C:\Users\ctorleo571\Desktop\Proyectos\Tema2AD\Tema2AD\khibernate_v25\src\main\resources
2026-01-15 18:22:01,351 [Worker-81: Building] INFO  o.a.m.s.f.DefaultMavenResourcesFiltering - skip non existing resourceDirectory C:\Users\ctorleo571\Desktop\Proyectos\Tema2AD\Tema2AD\khibernate_v25\src\test\resources
2026-01-15 18:22:01,352 [Worker-81: Building] WARN  o.apache.maven.project.MavenProject - Direct modification of compileSourceRoots through clear() is deprecated and will not work in Maven 4.0.0. Please use the add/remove methods instead. If you're using a plugin that causes this warning, please upgrade to the latest version and report an issue if the warning persists. To disable these warnings, set -Dmaven.project.sourceRoots.warningsDisabled=true on the command line, in the .mvn/maven.config file, or in project POM properties.
2026-01-15 18:22:01,352 [Worker-81: Building] WARN  o.apache.maven.project.MavenProject - Direct modification of compileSourceRoots through add() is deprecated and will not work in Maven 4.0.0. Please use the add/remove methods instead. If you're using a plugin that causes this warning, please upgrade to the latest version and report an issue if the warning persists. To disable these warnings, set -Dmaven.project.sourceRoots.warningsDisabled=true on the command line, in the .mvn/maven.config file, or in project POM properties.
2026-01-15 18:22:01,352 [Worker-81: Building] WARN  o.apache.maven.project.MavenProject - Direct modification of testCompileSourceRoots through clear() is deprecated and will not work in Maven 4.0.0. Please use the add/remove methods instead. If you're using a plugin that causes this warning, please upgrade to the latest version and report an issue if the warning persists. To disable these warnings, set -Dmaven.project.sourceRoots.warningsDisabled=true on the command line, in the .mvn/maven.config file, or in project POM properties.
2026-01-15 18:22:01,353 [Worker-81: Building] WARN  o.apache.maven.project.MavenProject - Direct modification of testCompileSourceRoots through add() is deprecated and will not work in Maven 4.0.0. Please use the add/remove methods instead. If you're using a plugin that causes this warning, please upgrade to the latest version and report an issue if the warning persists. To disable these warnings, set -Dmaven.project.sourceRoots.warningsDisabled=true on the command line, in the .mvn/maven.config file, or in project POM properties.
2026-01-15 18:23:59,793 [Worker-75: Building] INFO  o.a.m.s.f.DefaultMavenResourcesFiltering - skip non existing resourceDirectory C:\Users\ctorleo571\Desktop\Proyectos\Tema2AD\Tema2AD\khibernate_v25\src\main\resources
2026-01-15 18:23:59,796 [Worker-75: Building] INFO  o.a.m.s.f.DefaultMavenResourcesFiltering - skip non existing resourceDirectory C:\Users\ctorleo571\Desktop\Proyectos\Tema2AD\Tema2AD\khibernate_v25\src\test\resources
2026-01-15 18:23:59,796 [Worker-75: Building] WARN  o.apache.maven.project.MavenProject - Direct modification of compileSourceRoots through clear() is deprecated and will not work in Maven 4.0.0. Please use the add/remove methods instead. If you're using a plugin that causes this warning, please upgrade to the latest version and report an issue if the warning persists. To disable these warnings, set -Dmaven.project.sourceRoots.warningsDisabled=true on the command line, in the .mvn/maven.config file, or in project POM properties.
2026-01-15 18:23:59,798 [Worker-75: Building] WARN  o.apache.maven.project.MavenProject - Direct modification of compileSourceRoots through add() is deprecated and will not work in Maven 4.0.0. Please use the add/remove methods instead. If you're using a plugin that causes this warning, please upgrade to the latest version and report an issue if the warning persists. To disable these warnings, set -Dmaven.project.sourceRoots.warningsDisabled=true on the command line, in the .mvn/maven.config file, or in project POM properties.
2026-01-15 18:23:59,798 [Worker-75: Building] WARN  o.apache.maven.project.MavenProject - Direct modification of testCompileSourceRoots through clear() is deprecated and will not work in Maven 4.0.0. Please use the add/remove methods instead. If you're using a plugin that causes this warning, please upgrade to the latest version and report an issue if the warning persists. To disable these warnings, set -Dmaven.project.sourceRoots.warningsDisabled=true on the command line, in the .mvn/maven.config file, or in project POM properties.
2026-01-15 18:23:59,799 [Worker-75: Building] WARN  o.apache.maven.project.MavenProject - Direct modification of testCompileSourceRoots through add() is deprecated and will not work in Maven 4.0.0. Please use the add/remove methods instead. If you're using a plugin that causes this warning, please upgrade to the latest version and report an issue if the warning persists. To disable these warnings, set -Dmaven.project.sourceRoots.warningsDisabled=true on the command line, in the .mvn/maven.config file, or in project POM properties.
2026-01-15 18:24:07,886 [Worker-74: Building] INFO  o.a.m.s.f.DefaultMavenResourcesFiltering - skip non existing resourceDirectory C:\Users\ctorleo571\Desktop\Proyectos\Tema2AD\Tema2AD\khibernate_v25\src\main\resources
2026-01-15 18:24:07,888 [Worker-74: Building] INFO  o.a.m.s.f.DefaultMavenResourcesFiltering - skip non existing resourceDirectory C:\Users\ctorleo571\Desktop\Proyectos\Tema2AD\Tema2AD\khibernate_v25\src\test\resources
2026-01-15 18:24:07,894 [Worker-74: Building] WARN  o.apache.maven.project.MavenProject - Direct modification of compileSourceRoots through clear() is deprecated and will not work in Maven 4.0.0. Please use the add/remove methods instead. If you're using a plugin that causes this warning, please upgrade to the latest version and report an issue if the warning persists. To disable these warnings, set -Dmaven.project.sourceRoots.warningsDisabled=true on the command line, in the .mvn/maven.config file, or in project POM properties.
2026-01-15 18:24:07,895 [Worker-74: Building] WARN  o.apache.maven.project.MavenProject - Direct modification of compileSourceRoots through add() is deprecated and will not work in Maven 4.0.0. Please use the add/remove methods instead. If you're using a plugin that causes this warning, please upgrade to the latest version and report an issue if the warning persists. To disable these warnings, set -Dmaven.project.sourceRoots.warningsDisabled=true on the command line, in the .mvn/maven.config file, or in project POM properties.
2026-01-15 18:24:07,895 [Worker-74: Building] WARN  o.apache.maven.project.MavenProject - Direct modification of testCompileSourceRoots through clear() is deprecated and will not work in Maven 4.0.0. Please use the add/remove methods instead. If you're using a plugin that causes this warning, please upgrade to the latest version and report an issue if the warning persists. To disable these warnings, set -Dmaven.project.sourceRoots.warningsDisabled=true on the command line, in the .mvn/maven.config file, or in project POM properties.
2026-01-15 18:24:07,896 [Worker-74: Building] WARN  o.apache.maven.project.MavenProject - Direct modification of testCompileSourceRoots through add() is deprecated and will not work in Maven 4.0.0. Please use the add/remove methods instead. If you're using a plugin that causes this warning, please upgrade to the latest version and report an issue if the warning persists. To disable these warnings, set -Dmaven.project.sourceRoots.warningsDisabled=true on the command line, in the .mvn/maven.config file, or in project POM properties.
2026-01-15 18:24:30,910 [Worker-74: Building] INFO  o.a.m.s.f.DefaultMavenResourcesFiltering - skip non existing resourceDirectory C:\Users\ctorleo571\Desktop\Proyectos\Tema2AD\Tema2AD\khibernate_v25\src\main\resources
2026-01-15 18:24:30,912 [Worker-74: Building] INFO  o.a.m.s.f.DefaultMavenResourcesFiltering - skip non existing resourceDirectory C:\Users\ctorleo571\Desktop\Proyectos\Tema2AD\Tema2AD\khibernate_v25\src\test\resources
2026-01-15 18:24:30,913 [Worker-74: Building] WARN  o.apache.maven.project.MavenProject - Direct modification of compileSourceRoots through clear() is deprecated and will not work in Maven 4.0.0. Please use the add/remove methods instead. If you're using a plugin that causes this warning, please upgrade to the latest version and report an issue if the warning persists. To disable these warnings, set -Dmaven.project.sourceRoots.warningsDisabled=true on the command line, in the .mvn/maven.config file, or in project POM properties.
2026-01-15 18:24:30,915 [Worker-74: Building] WARN  o.apache.maven.project.MavenProject - Direct modification of compileSourceRoots through add() is deprecated and will not work in Maven 4.0.0. Please use the add/remove methods instead. If you're using a plugin that causes this warning, please upgrade to the latest version and report an issue if the warning persists. To disable these warnings, set -Dmaven.project.sourceRoots.warningsDisabled=true on the command line, in the .mvn/maven.config file, or in project POM properties.
2026-01-15 18:24:30,915 [Worker-74: Building] WARN  o.apache.maven.project.MavenProject - Direct modification of testCompileSourceRoots through clear() is deprecated and will not work in Maven 4.0.0. Please use the add/remove methods instead. If you're using a plugin that causes this warning, please upgrade to the latest version and report an issue if the warning persists. To disable these warnings, set -Dmaven.project.sourceRoots.warningsDisabled=true on the command line, in the .mvn/maven.config file, or in project POM properties.
2026-01-15 18:24:30,916 [Worker-74: Building] WARN  o.apache.maven.project.MavenProject - Direct modification of testCompileSourceRoots through add() is deprecated and will not work in Maven 4.0.0. Please use the add/remove methods instead. If you're using a plugin that causes this warning, please upgrade to the latest version and report an issue if the warning persists. To disable these warnings, set -Dmaven.project.sourceRoots.warningsDisabled=true on the command line, in the .mvn/maven.config file, or in project POM properties.
2026-01-15 18:24:41,755 [Worker-83: Building] INFO  o.a.m.s.f.DefaultMavenResourcesFiltering - skip non existing resourceDirectory C:\Users\ctorleo571\Desktop\Proyectos\Tema2AD\Tema2AD\khibernate_v25\src\main\resources
2026-01-15 18:24:41,758 [Worker-83: Building] INFO  o.a.m.s.f.DefaultMavenResourcesFiltering - skip non existing resourceDirectory C:\Users\ctorleo571\Desktop\Proyectos\Tema2AD\Tema2AD\khibernate_v25\src\test\resources
2026-01-15 18:24:41,767 [Worker-83: Building] WARN  o.apache.maven.project.MavenProject - Direct modification of compileSourceRoots through clear() is deprecated and will not work in Maven 4.0.0. Please use the add/remove methods instead. If you're using a plugin that causes this warning, please upgrade to the latest version and report an issue if the warning persists. To disable these warnings, set -Dmaven.project.sourceRoots.warningsDisabled=true on the command line, in the .mvn/maven.config file, or in project POM properties.
2026-01-15 18:24:41,768 [Worker-83: Building] WARN  o.apache.maven.project.MavenProject - Direct modification of compileSourceRoots through add() is deprecated and will not work in Maven 4.0.0. Please use the add/remove methods instead. If you're using a plugin that causes this warning, please upgrade to the latest version and report an issue if the warning persists. To disable these warnings, set -Dmaven.project.sourceRoots.warningsDisabled=true on the command line, in the .mvn/maven.config file, or in project POM properties.
2026-01-15 18:24:41,769 [Worker-83: Building] WARN  o.apache.maven.project.MavenProject - Direct modification of testCompileSourceRoots through clear() is deprecated and will not work in Maven 4.0.0. Please use the add/remove methods instead. If you're using a plugin that causes this warning, please upgrade to the latest version and report an issue if the warning persists. To disable these warnings, set -Dmaven.project.sourceRoots.warningsDisabled=true on the command line, in the .mvn/maven.config file, or in project POM properties.
2026-01-15 18:24:41,769 [Worker-83: Building] WARN  o.apache.maven.project.MavenProject - Direct modification of testCompileSourceRoots through add() is deprecated and will not work in Maven 4.0.0. Please use the add/remove methods instead. If you're using a plugin that causes this warning, please upgrade to the latest version and report an issue if the warning persists. To disable these warnings, set -Dmaven.project.sourceRoots.warningsDisabled=true on the command line, in the .mvn/maven.config file, or in project POM properties.
2026-01-15 18:28:47,995 [Worker-74: Building] INFO  o.a.m.s.f.DefaultMavenResourcesFiltering - skip non existing resourceDirectory C:\Users\ctorleo571\Desktop\Proyectos\Tema2AD\Tema2AD\khibernate_v25\src\main\resources
2026-01-15 18:28:47,997 [Worker-74: Building] INFO  o.a.m.s.f.DefaultMavenResourcesFiltering - skip non existing resourceDirectory C:\Users\ctorleo571\Desktop\Proyectos\Tema2AD\Tema2AD\khibernate_v25\src\test\resources
2026-01-15 18:28:47,997 [Worker-74: Building] WARN  o.apache.maven.project.MavenProject - Direct modification of compileSourceRoots through clear() is deprecated and will not work in Maven 4.0.0. Please use the add/remove methods instead. If you're using a plugin that causes this warning, please upgrade to the latest version and report an issue if the warning persists. To disable these warnings, set -Dmaven.project.sourceRoots.warningsDisabled=true on the command line, in the .mvn/maven.config file, or in project POM properties.
2026-01-15 18:28:47,998 [Worker-74: Building] WARN  o.apache.maven.project.MavenProject - Direct modification of compileSourceRoots through add() is deprecated and will not work in Maven 4.0.0. Please use the add/remove methods instead. If you're using a plugin that causes this warning, please upgrade to the latest version and report an issue if the warning persists. To disable these warnings, set -Dmaven.project.sourceRoots.warningsDisabled=true on the command line, in the .mvn/maven.config file, or in project POM properties.
2026-01-15 18:28:47,999 [Worker-74: Building] WARN  o.apache.maven.project.MavenProject - Direct modification of testCompileSourceRoots through clear() is deprecated and will not work in Maven 4.0.0. Please use the add/remove methods instead. If you're using a plugin that causes this warning, please upgrade to the latest version and report an issue if the warning persists. To disable these warnings, set -Dmaven.project.sourceRoots.warningsDisabled=true on the command line, in the .mvn/maven.config file, or in project POM properties.
2026-01-15 18:28:47,999 [Worker-74: Building] WARN  o.apache.maven.project.MavenProject - Direct modification of testCompileSourceRoots through add() is deprecated and will not work in Maven 4.0.0. Please use the add/remove methods instead. If you're using a plugin that causes this warning, please upgrade to the latest version and report an issue if the warning persists. To disable these warnings, set -Dmaven.project.sourceRoots.warningsDisabled=true on the command line, in the .mvn/maven.config file, or in project POM properties.
2026-01-15 18:28:54,043 [Worker-74: Building] INFO  o.a.m.s.f.DefaultMavenResourcesFiltering - skip non existing resourceDirectory C:\Users\ctorleo571\Desktop\Proyectos\Tema2AD\Tema2AD\khibernate_v25\src\main\resources
2026-01-15 18:28:54,045 [Worker-74: Building] INFO  o.a.m.s.f.DefaultMavenResourcesFiltering - skip non existing resourceDirectory C:\Users\ctorleo571\Desktop\Proyectos\Tema2AD\Tema2AD\khibernate_v25\src\test\resources
2026-01-15 18:28:54,053 [Worker-74: Building] WARN  o.apache.maven.project.MavenProject - Direct modification of compileSourceRoots through clear() is deprecated and will not work in Maven 4.0.0. Please use the add/remove methods instead. If you're using a plugin that causes this warning, please upgrade to the latest version and report an issue if the warning persists. To disable these warnings, set -Dmaven.project.sourceRoots.warningsDisabled=true on the command line, in the .mvn/maven.config file, or in project POM properties.
2026-01-15 18:28:54,054 [Worker-74: Building] WARN  o.apache.maven.project.MavenProject - Direct modification of compileSourceRoots through add() is deprecated and will not work in Maven 4.0.0. Please use the add/remove methods instead. If you're using a plugin that causes this warning, please upgrade to the latest version and report an issue if the warning persists. To disable these warnings, set -Dmaven.project.sourceRoots.warningsDisabled=true on the command line, in the .mvn/maven.config file, or in project POM properties.
2026-01-15 18:28:54,055 [Worker-74: Building] WARN  o.apache.maven.project.MavenProject - Direct modification of testCompileSourceRoots through clear() is deprecated and will not work in Maven 4.0.0. Please use the add/remove methods instead. If you're using a plugin that causes this warning, please upgrade to the latest version and report an issue if the warning persists. To disable these warnings, set -Dmaven.project.sourceRoots.warningsDisabled=true on the command line, in the .mvn/maven.config file, or in project POM properties.
2026-01-15 18:28:54,055 [Worker-74: Building] WARN  o.apache.maven.project.MavenProject - Direct modification of testCompileSourceRoots through add() is deprecated and will not work in Maven 4.0.0. Please use the add/remove methods instead. If you're using a plugin that causes this warning, please upgrade to the latest version and report an issue if the warning persists. To disable these warnings, set -Dmaven.project.sourceRoots.warningsDisabled=true on the command line, in the .mvn/maven.config file, or in project POM properties.
2026-01-15 18:29:24,512 [Worker-84: Building] INFO  o.a.m.s.f.DefaultMavenResourcesFiltering - skip non existing resourceDirectory C:\Users\ctorleo571\Desktop\Proyectos\Tema2AD\Tema2AD\khibernate_v25\src\main\resources
2026-01-15 18:29:24,515 [Worker-84: Building] INFO  o.a.m.s.f.DefaultMavenResourcesFiltering - skip non existing resourceDirectory C:\Users\ctorleo571\Desktop\Proyectos\Tema2AD\Tema2AD\khibernate_v25\src\test\resources
2026-01-15 18:29:24,515 [Worker-84: Building] WARN  o.apache.maven.project.MavenProject - Direct modification of compileSourceRoots through clear() is deprecated and will not work in Maven 4.0.0. Please use the add/remove methods instead. If you're using a plugin that causes this warning, please upgrade to the latest version and report an issue if the warning persists. To disable these warnings, set -Dmaven.project.sourceRoots.warningsDisabled=true on the command line, in the .mvn/maven.config file, or in project POM properties.
2026-01-15 18:29:24,516 [Worker-84: Building] WARN  o.apache.maven.project.MavenProject - Direct modification of compileSourceRoots through add() is deprecated and will not work in Maven 4.0.0. Please use the add/remove methods instead. If you're using a plugin that causes this warning, please upgrade to the latest version and report an issue if the warning persists. To disable these warnings, set -Dmaven.project.sourceRoots.warningsDisabled=true on the command line, in the .mvn/maven.config file, or in project POM properties.
2026-01-15 18:29:24,516 [Worker-84: Building] WARN  o.apache.maven.project.MavenProject - Direct modification of testCompileSourceRoots through clear() is deprecated and will not work in Maven 4.0.0. Please use the add/remove methods instead. If you're using a plugin that causes this warning, please upgrade to the latest version and report an issue if the warning persists. To disable these warnings, set -Dmaven.project.sourceRoots.warningsDisabled=true on the command line, in the .mvn/maven.config file, or in project POM properties.
2026-01-15 18:29:24,519 [Worker-84: Building] WARN  o.apache.maven.project.MavenProject - Direct modification of testCompileSourceRoots through add() is deprecated and will not work in Maven 4.0.0. Please use the add/remove methods instead. If you're using a plugin that causes this warning, please upgrade to the latest version and report an issue if the warning persists. To disable these warnings, set -Dmaven.project.sourceRoots.warningsDisabled=true on the command line, in the .mvn/maven.config file, or in project POM properties.
2026-01-15 18:29:29,877 [Worker-85: Building] INFO  o.a.m.s.f.DefaultMavenResourcesFiltering - skip non existing resourceDirectory C:\Users\ctorleo571\Desktop\Proyectos\Tema2AD\Tema2AD\khibernate_v25\src\main\resources
2026-01-15 18:29:29,880 [Worker-85: Building] INFO  o.a.m.s.f.DefaultMavenResourcesFiltering - skip non existing resourceDirectory C:\Users\ctorleo571\Desktop\Proyectos\Tema2AD\Tema2AD\khibernate_v25\src\test\resources
2026-01-15 18:29:29,894 [Worker-85: Building] WARN  o.apache.maven.project.MavenProject - Direct modification of compileSourceRoots through clear() is deprecated and will not work in Maven 4.0.0. Please use the add/remove methods instead. If you're using a plugin that causes this warning, please upgrade to the latest version and report an issue if the warning persists. To disable these warnings, set -Dmaven.project.sourceRoots.warningsDisabled=true on the command line, in the .mvn/maven.config file, or in project POM properties.
2026-01-15 18:29:29,895 [Worker-85: Building] WARN  o.apache.maven.project.MavenProject - Direct modification of compileSourceRoots through add() is deprecated and will not work in Maven 4.0.0. Please use the add/remove methods instead. If you're using a plugin that causes this warning, please upgrade to the latest version and report an issue if the warning persists. To disable these warnings, set -Dmaven.project.sourceRoots.warningsDisabled=true on the command line, in the .mvn/maven.config file, or in project POM properties.
2026-01-15 18:29:29,895 [Worker-85: Building] WARN  o.apache.maven.project.MavenProject - Direct modification of testCompileSourceRoots through clear() is deprecated and will not work in Maven 4.0.0. Please use the add/remove methods instead. If you're using a plugin that causes this warning, please upgrade to the latest version and report an issue if the warning persists. To disable these warnings, set -Dmaven.project.sourceRoots.warningsDisabled=true on the command line, in the .mvn/maven.config file, or in project POM properties.
2026-01-15 18:29:29,896 [Worker-85: Building] WARN  o.apache.maven.project.MavenProject - Direct modification of testCompileSourceRoots through add() is deprecated and will not work in Maven 4.0.0. Please use the add/remove methods instead. If you're using a plugin that causes this warning, please upgrade to the latest version and report an issue if the warning persists. To disable these warnings, set -Dmaven.project.sourceRoots.warningsDisabled=true on the command line, in the .mvn/maven.config file, or in project POM properties.
2026-01-15 18:29:41,989 [Worker-89: Building] INFO  o.a.m.s.f.DefaultMavenResourcesFiltering - skip non existing resourceDirectory C:\Users\ctorleo571\Desktop\Proyectos\Tema2AD\Tema2AD\khibernate_v25\src\main\resources
2026-01-15 18:29:41,990 [Worker-89: Building] INFO  o.a.m.s.f.DefaultMavenResourcesFiltering - skip non existing resourceDirectory C:\Users\ctorleo571\Desktop\Proyectos\Tema2AD\Tema2AD\khibernate_v25\src\test\resources
2026-01-15 18:29:41,997 [Worker-89: Building] WARN  o.apache.maven.project.MavenProject - Direct modification of compileSourceRoots through clear() is deprecated and will not work in Maven 4.0.0. Please use the add/remove methods instead. If you're using a plugin that causes this warning, please upgrade to the latest version and report an issue if the warning persists. To disable these warnings, set -Dmaven.project.sourceRoots.warningsDisabled=true on the command line, in the .mvn/maven.config file, or in project POM properties.
2026-01-15 18:29:41,997 [Worker-89: Building] WARN  o.apache.maven.project.MavenProject - Direct modification of compileSourceRoots through add() is deprecated and will not work in Maven 4.0.0. Please use the add/remove methods instead. If you're using a plugin that causes this warning, please upgrade to the latest version and report an issue if the warning persists. To disable these warnings, set -Dmaven.project.sourceRoots.warningsDisabled=true on the command line, in the .mvn/maven.config file, or in project POM properties.
2026-01-15 18:29:41,998 [Worker-89: Building] WARN  o.apache.maven.project.MavenProject - Direct modification of testCompileSourceRoots through clear() is deprecated and will not work in Maven 4.0.0. Please use the add/remove methods instead. If you're using a plugin that causes this warning, please upgrade to the latest version and report an issue if the warning persists. To disable these warnings, set -Dmaven.project.sourceRoots.warningsDisabled=true on the command line, in the .mvn/maven.config file, or in project POM properties.
2026-01-15 18:29:41,998 [Worker-89: Building] WARN  o.apache.maven.project.MavenProject - Direct modification of testCompileSourceRoots through add() is deprecated and will not work in Maven 4.0.0. Please use the add/remove methods instead. If you're using a plugin that causes this warning, please upgrade to the latest version and report an issue if the warning persists. To disable these warnings, set -Dmaven.project.sourceRoots.warningsDisabled=true on the command line, in the .mvn/maven.config file, or in project POM properties.
2026-01-15 18:30:04,592 [Worker-74: Building] INFO  o.a.m.s.f.DefaultMavenResourcesFiltering - skip non existing resourceDirectory C:\Users\ctorleo571\Desktop\Proyectos\Tema2AD\Tema2AD\khibernate_v25\src\main\resources
2026-01-15 18:30:04,595 [Worker-74: Building] INFO  o.a.m.s.f.DefaultMavenResourcesFiltering - skip non existing resourceDirectory C:\Users\ctorleo571\Desktop\Proyectos\Tema2AD\Tema2AD\khibernate_v25\src\test\resources
2026-01-15 18:30:04,595 [Worker-74: Building] WARN  o.apache.maven.project.MavenProject - Direct modification of compileSourceRoots through clear() is deprecated and will not work in Maven 4.0.0. Please use the add/remove methods instead. If you're using a plugin that causes this warning, please upgrade to the latest version and report an issue if the warning persists. To disable these warnings, set -Dmaven.project.sourceRoots.warningsDisabled=true on the command line, in the .mvn/maven.config file, or in project POM properties.
2026-01-15 18:30:04,596 [Worker-74: Building] WARN  o.apache.maven.project.MavenProject - Direct modification of compileSourceRoots through add() is deprecated and will not work in Maven 4.0.0. Please use the add/remove methods instead. If you're using a plugin that causes this warning, please upgrade to the latest version and report an issue if the warning persists. To disable these warnings, set -Dmaven.project.sourceRoots.warningsDisabled=true on the command line, in the .mvn/maven.config file, or in project POM properties.
2026-01-15 18:30:04,597 [Worker-74: Building] WARN  o.apache.maven.project.MavenProject - Direct modification of testCompileSourceRoots through clear() is deprecated and will not work in Maven 4.0.0. Please use the add/remove methods instead. If you're using a plugin that causes this warning, please upgrade to the latest version and report an issue if the warning persists. To disable these warnings, set -Dmaven.project.sourceRoots.warningsDisabled=true on the command line, in the .mvn/maven.config file, or in project POM properties.
2026-01-15 18:30:04,598 [Worker-74: Building] WARN  o.apache.maven.project.MavenProject - Direct modification of testCompileSourceRoots through add() is deprecated and will not work in Maven 4.0.0. Please use the add/remove methods instead. If you're using a plugin that causes this warning, please upgrade to the latest version and report an issue if the warning persists. To disable these warnings, set -Dmaven.project.sourceRoots.warningsDisabled=true on the command line, in the .mvn/maven.config file, or in project POM properties.
2026-01-15 18:30:08,181 [Worker-86: Building] INFO  o.a.m.s.f.DefaultMavenResourcesFiltering - skip non existing resourceDirectory C:\Users\ctorleo571\Desktop\Proyectos\Tema2AD\Tema2AD\khibernate_v25\src\main\resources
2026-01-15 18:30:08,183 [Worker-86: Building] INFO  o.a.m.s.f.DefaultMavenResourcesFiltering - skip non existing resourceDirectory C:\Users\ctorleo571\Desktop\Proyectos\Tema2AD\Tema2AD\khibernate_v25\src\test\resources
2026-01-15 18:30:08,183 [Worker-86: Building] WARN  o.apache.maven.project.MavenProject - Direct modification of compileSourceRoots through clear() is deprecated and will not work in Maven 4.0.0. Please use the add/remove methods instead. If you're using a plugin that causes this warning, please upgrade to the latest version and report an issue if the warning persists. To disable these warnings, set -Dmaven.project.sourceRoots.warningsDisabled=true on the command line, in the .mvn/maven.config file, or in project POM properties.
2026-01-15 18:30:08,184 [Worker-86: Building] WARN  o.apache.maven.project.MavenProject - Direct modification of compileSourceRoots through add() is deprecated and will not work in Maven 4.0.0. Please use the add/remove methods instead. If you're using a plugin that causes this warning, please upgrade to the latest version and report an issue if the warning persists. To disable these warnings, set -Dmaven.project.sourceRoots.warningsDisabled=true on the command line, in the .mvn/maven.config file, or in project POM properties.
2026-01-15 18:30:08,185 [Worker-86: Building] WARN  o.apache.maven.project.MavenProject - Direct modification of testCompileSourceRoots through clear() is deprecated and will not work in Maven 4.0.0. Please use the add/remove methods instead. If you're using a plugin that causes this warning, please upgrade to the latest version and report an issue if the warning persists. To disable these warnings, set -Dmaven.project.sourceRoots.warningsDisabled=true on the command line, in the .mvn/maven.config file, or in project POM properties.
2026-01-15 18:30:08,185 [Worker-86: Building] WARN  o.apache.maven.project.MavenProject - Direct modification of testCompileSourceRoots through add() is deprecated and will not work in Maven 4.0.0. Please use the add/remove methods instead. If you're using a plugin that causes this warning, please upgrade to the latest version and report an issue if the warning persists. To disable these warnings, set -Dmaven.project.sourceRoots.warningsDisabled=true on the command line, in the .mvn/maven.config file, or in project POM properties.
2026-01-15 18:32:54,873 [Worker-87: Building] INFO  o.a.m.s.f.DefaultMavenResourcesFiltering - skip non existing resourceDirectory C:\Users\ctorleo571\Desktop\Proyectos\Tema2AD\Tema2AD\khibernate_v25\src\main\resources
2026-01-15 18:32:54,874 [Worker-87: Building] INFO  o.a.m.s.f.DefaultMavenResourcesFiltering - skip non existing resourceDirectory C:\Users\ctorleo571\Desktop\Proyectos\Tema2AD\Tema2AD\khibernate_v25\src\test\resources
2026-01-15 18:32:54,875 [Worker-87: Building] WARN  o.apache.maven.project.MavenProject - Direct modification of compileSourceRoots through clear() is deprecated and will not work in Maven 4.0.0. Please use the add/remove methods instead. If you're using a plugin that causes this warning, please upgrade to the latest version and report an issue if the warning persists. To disable these warnings, set -Dmaven.project.sourceRoots.warningsDisabled=true on the command line, in the .mvn/maven.config file, or in project POM properties.
2026-01-15 18:32:54,876 [Worker-87: Building] WARN  o.apache.maven.project.MavenProject - Direct modification of compileSourceRoots through add() is deprecated and will not work in Maven 4.0.0. Please use the add/remove methods instead. If you're using a plugin that causes this warning, please upgrade to the latest version and report an issue if the warning persists. To disable these warnings, set -Dmaven.project.sourceRoots.warningsDisabled=true on the command line, in the .mvn/maven.config file, or in project POM properties.
2026-01-15 18:32:54,876 [Worker-87: Building] WARN  o.apache.maven.project.MavenProject - Direct modification of testCompileSourceRoots through clear() is deprecated and will not work in Maven 4.0.0. Please use the add/remove methods instead. If you're using a plugin that causes this warning, please upgrade to the latest version and report an issue if the warning persists. To disable these warnings, set -Dmaven.project.sourceRoots.warningsDisabled=true on the command line, in the .mvn/maven.config file, or in project POM properties.
2026-01-15 18:32:54,877 [Worker-87: Building] WARN  o.apache.maven.project.MavenProject - Direct modification of testCompileSourceRoots through add() is deprecated and will not work in Maven 4.0.0. Please use the add/remove methods instead. If you're using a plugin that causes this warning, please upgrade to the latest version and report an issue if the warning persists. To disable these warnings, set -Dmaven.project.sourceRoots.warningsDisabled=true on the command line, in the .mvn/maven.config file, or in project POM properties.
2026-01-15 18:33:29,368 [Worker-92: Building] INFO  o.a.m.s.f.DefaultMavenResourcesFiltering - skip non existing resourceDirectory C:\Users\ctorleo571\Desktop\Proyectos\Tema2AD\Tema2AD\khibernate_v25\src\main\resources
2026-01-15 18:33:29,370 [Worker-92: Building] INFO  o.a.m.s.f.DefaultMavenResourcesFiltering - skip non existing resourceDirectory C:\Users\ctorleo571\Desktop\Proyectos\Tema2AD\Tema2AD\khibernate_v25\src\test\resources
2026-01-15 18:33:29,370 [Worker-92: Building] WARN  o.apache.maven.project.MavenProject - Direct modification of compileSourceRoots through clear() is deprecated and will not work in Maven 4.0.0. Please use the add/remove methods instead. If you're using a plugin that causes this warning, please upgrade to the latest version and report an issue if the warning persists. To disable these warnings, set -Dmaven.project.sourceRoots.warningsDisabled=true on the command line, in the .mvn/maven.config file, or in project POM properties.
2026-01-15 18:33:29,371 [Worker-92: Building] WARN  o.apache.maven.project.MavenProject - Direct modification of compileSourceRoots through add() is deprecated and will not work in Maven 4.0.0. Please use the add/remove methods instead. If you're using a plugin that causes this warning, please upgrade to the latest version and report an issue if the warning persists. To disable these warnings, set -Dmaven.project.sourceRoots.warningsDisabled=true on the command line, in the .mvn/maven.config file, or in project POM properties.
2026-01-15 18:33:29,372 [Worker-92: Building] WARN  o.apache.maven.project.MavenProject - Direct modification of testCompileSourceRoots through clear() is deprecated and will not work in Maven 4.0.0. Please use the add/remove methods instead. If you're using a plugin that causes this warning, please upgrade to the latest version and report an issue if the warning persists. To disable these warnings, set -Dmaven.project.sourceRoots.warningsDisabled=true on the command line, in the .mvn/maven.config file, or in project POM properties.
2026-01-15 18:33:29,372 [Worker-92: Building] WARN  o.apache.maven.project.MavenProject - Direct modification of testCompileSourceRoots through add() is deprecated and will not work in Maven 4.0.0. Please use the add/remove methods instead. If you're using a plugin that causes this warning, please upgrade to the latest version and report an issue if the warning persists. To disable these warnings, set -Dmaven.project.sourceRoots.warningsDisabled=true on the command line, in the .mvn/maven.config file, or in project POM properties.
2026-01-15 18:33:46,195 [Worker-93: Building] INFO  o.a.m.s.f.DefaultMavenResourcesFiltering - skip non existing resourceDirectory C:\Users\ctorleo571\Desktop\Proyectos\Tema2AD\Tema2AD\khibernate_v25\src\main\resources
2026-01-15 18:33:46,197 [Worker-93: Building] INFO  o.a.m.s.f.DefaultMavenResourcesFiltering - skip non existing resourceDirectory C:\Users\ctorleo571\Desktop\Proyectos\Tema2AD\Tema2AD\khibernate_v25\src\test\resources
2026-01-15 18:33:46,197 [Worker-93: Building] WARN  o.apache.maven.project.MavenProject - Direct modification of compileSourceRoots through clear() is deprecated and will not work in Maven 4.0.0. Please use the add/remove methods instead. If you're using a plugin that causes this warning, please upgrade to the latest version and report an issue if the warning persists. To disable these warnings, set -Dmaven.project.sourceRoots.warningsDisabled=true on the command line, in the .mvn/maven.config file, or in project POM properties.
2026-01-15 18:33:46,198 [Worker-93: Building] WARN  o.apache.maven.project.MavenProject - Direct modification of compileSourceRoots through add() is deprecated and will not work in Maven 4.0.0. Please use the add/remove methods instead. If you're using a plugin that causes this warning, please upgrade to the latest version and report an issue if the warning persists. To disable these warnings, set -Dmaven.project.sourceRoots.warningsDisabled=true on the command line, in the .mvn/maven.config file, or in project POM properties.
2026-01-15 18:33:46,198 [Worker-93: Building] WARN  o.apache.maven.project.MavenProject - Direct modification of testCompileSourceRoots through clear() is deprecated and will not work in Maven 4.0.0. Please use the add/remove methods instead. If you're using a plugin that causes this warning, please upgrade to the latest version and report an issue if the warning persists. To disable these warnings, set -Dmaven.project.sourceRoots.warningsDisabled=true on the command line, in the .mvn/maven.config file, or in project POM properties.
2026-01-15 18:33:46,198 [Worker-93: Building] WARN  o.apache.maven.project.MavenProject - Direct modification of testCompileSourceRoots through add() is deprecated and will not work in Maven 4.0.0. Please use the add/remove methods instead. If you're using a plugin that causes this warning, please upgrade to the latest version and report an issue if the warning persists. To disable these warnings, set -Dmaven.project.sourceRoots.warningsDisabled=true on the command line, in the .mvn/maven.config file, or in project POM properties.
2026-01-15 18:34:05,183 [Worker-92: Launching Executing clean in C__Users_ctorleo571_Desktop_Proyectos_Tema2AD_Tema2AD_khibernate_v25] INFO  o.eclipse.m2e.core.internal.Bundles - getClasspathEntries(Bundle=org.eclipse.m2e.maven.runtime_3.9.1100.20250811-2018 [642])
2026-01-15 18:34:05,183 [Worker-92: Launching Executing clean in C__Users_ctorleo571_Desktop_Proyectos_Tema2AD_Tema2AD_khibernate_v25] INFO  o.eclipse.m2e.core.internal.Bundles - 	Entry: C:\Users\ctorleo571\Desktop\eclipse\plugins\org.eclipse.m2e.maven.runtime_3.9.1100.20250811-2018
2026-01-15 18:34:05,183 [Worker-92: Launching Executing clean in C__Users_ctorleo571_Desktop_Proyectos_Tema2AD_Tema2AD_khibernate_v25] INFO  o.eclipse.m2e.core.internal.Bundles - 	Entry: C:\Users\ctorleo571\Desktop\eclipse\plugins\org.eclipse.m2e.maven.runtime_3.9.1100.20250811-2018\jars\aopalliance-1.0.jar
2026-01-15 18:34:05,183 [Worker-92: Launching Executing clean in C__Users_ctorleo571_Desktop_Proyectos_Tema2AD_Tema2AD_khibernate_v25] INFO  o.eclipse.m2e.core.internal.Bundles - 	Entry: C:\Users\ctorleo571\Desktop\eclipse\plugins\org.eclipse.m2e.maven.runtime_3.9.1100.20250811-2018\jars\asm-9.8.jar
2026-01-15 18:34:05,183 [Worker-92: Launching Executing clean in C__Users_ctorleo571_Desktop_Proyectos_Tema2AD_Tema2AD_khibernate_v25] INFO  o.eclipse.m2e.core.internal.Bundles - 	Entry: C:\Users\ctorleo571\Desktop\eclipse\plugins\org.eclipse.m2e.maven.runtime_3.9.1100.20250811-2018\jars\error_prone_annotations-2.38.0.jar
2026-01-15 18:34:05,184 [Worker-92: Launching Executing clean in C__Users_ctorleo571_Desktop_Proyectos_Tema2AD_Tema2AD_khibernate_v25] INFO  o.eclipse.m2e.core.internal.Bundles - 	Entry: C:\Users\ctorleo571\Desktop\eclipse\plugins\org.eclipse.m2e.maven.runtime_3.9.1100.20250811-2018\jars\gson-2.13.1.jar
2026-01-15 18:34:05,184 [Worker-92: Launching Executing clean in C__Users_ctorleo571_Desktop_Proyectos_Tema2AD_Tema2AD_khibernate_v25] INFO  o.eclipse.m2e.core.internal.Bundles - 	Entry: C:\Users\ctorleo571\Desktop\eclipse\plugins\org.eclipse.m2e.maven.runtime_3.9.1100.20250811-2018\jars\guice-5.1.0-classes.jar
2026-01-15 18:34:05,184 [Worker-92: Launching Executing clean in C__Users_ctorleo571_Desktop_Proyectos_Tema2AD_Tema2AD_khibernate_v25] INFO  o.eclipse.m2e.core.internal.Bundles - 	Entry: C:\Users\ctorleo571\Desktop\eclipse\plugins\org.eclipse.m2e.maven.runtime_3.9.1100.20250811-2018\jars\httpclient-4.5.14.jar
2026-01-15 18:34:05,184 [Worker-92: Launching Executing clean in C__Users_ctorleo571_Desktop_Proyectos_Tema2AD_Tema2AD_khibernate_v25] INFO  o.eclipse.m2e.core.internal.Bundles - 	Entry: C:\Users\ctorleo571\Desktop\eclipse\plugins\org.eclipse.m2e.maven.runtime_3.9.1100.20250811-2018\jars\httpcore-4.4.16.jar
2026-01-15 18:34:05,184 [Worker-92: Launching Executing clean in C__Users_ctorleo571_Desktop_Proyectos_Tema2AD_Tema2AD_khibernate_v25] INFO  o.eclipse.m2e.core.internal.Bundles - 	Entry: C:\Users\ctorleo571\Desktop\eclipse\plugins\org.eclipse.m2e.maven.runtime_3.9.1100.20250811-2018\jars\jansi-2.4.2.jar
2026-01-15 18:34:05,184 [Worker-92: Launching Executing clean in C__Users_ctorleo571_Desktop_Proyectos_Tema2AD_Tema2AD_khibernate_v25] INFO  o.eclipse.m2e.core.internal.Bundles - 	Entry: C:\Users\ctorleo571\Desktop\eclipse\plugins\org.eclipse.m2e.maven.runtime_3.9.1100.20250811-2018\jars\jcl-over-slf4j-1.7.36.jar
2026-01-15 18:34:05,184 [Worker-92: Launching Executing clean in C__Users_ctorleo571_Desktop_Proyectos_Tema2AD_Tema2AD_khibernate_v25] INFO  o.eclipse.m2e.core.internal.Bundles - 	Entry: C:\Users\ctorleo571\Desktop\eclipse\plugins\org.eclipse.m2e.maven.runtime_3.9.1100.20250811-2018\jars\maven-artifact-3.9.11.jar
2026-01-15 18:34:05,184 [Worker-92: Launching Executing clean in C__Users_ctorleo571_Desktop_Proyectos_Tema2AD_Tema2AD_khibernate_v25] INFO  o.eclipse.m2e.core.internal.Bundles - 	Entry: C:\Users\ctorleo571\Desktop\eclipse\plugins\org.eclipse.m2e.maven.runtime_3.9.1100.20250811-2018\jars\maven-builder-support-3.9.11.jar
2026-01-15 18:34:05,184 [Worker-92: Launching Executing clean in C__Users_ctorleo571_Desktop_Proyectos_Tema2AD_Tema2AD_khibernate_v25] INFO  o.eclipse.m2e.core.internal.Bundles - 	Entry: C:\Users\ctorleo571\Desktop\eclipse\plugins\org.eclipse.m2e.maven.runtime_3.9.1100.20250811-2018\jars\maven-compat-3.9.11.jar
2026-01-15 18:34:05,184 [Worker-92: Launching Executing clean in C__Users_ctorleo571_Desktop_Proyectos_Tema2AD_Tema2AD_khibernate_v25] INFO  o.eclipse.m2e.core.internal.Bundles - 	Entry: C:\Users\ctorleo571\Desktop\eclipse\plugins\org.eclipse.m2e.maven.runtime_3.9.1100.20250811-2018\jars\maven-core-3.9.11.jar
2026-01-15 18:34:05,184 [Worker-92: Launching Executing clean in C__Users_ctorleo571_Desktop_Proyectos_Tema2AD_Tema2AD_khibernate_v25] INFO  o.eclipse.m2e.core.internal.Bundles - 	Entry: C:\Users\ctorleo571\Desktop\eclipse\plugins\org.eclipse.m2e.maven.runtime_3.9.1100.20250811-2018\jars\maven-embedder-3.9.11.jar
2026-01-15 18:34:05,185 [Worker-92: Launching Executing clean in C__Users_ctorleo571_Desktop_Proyectos_Tema2AD_Tema2AD_khibernate_v25] INFO  o.eclipse.m2e.core.internal.Bundles - 	Entry: C:\Users\ctorleo571\Desktop\eclipse\plugins\org.eclipse.m2e.maven.runtime_3.9.1100.20250811-2018\jars\maven-model-3.9.11.jar
2026-01-15 18:34:05,185 [Worker-92: Launching Executing clean in C__Users_ctorleo571_Desktop_Proyectos_Tema2AD_Tema2AD_khibernate_v25] INFO  o.eclipse.m2e.core.internal.Bundles - 	Entry: C:\Users\ctorleo571\Desktop\eclipse\plugins\org.eclipse.m2e.maven.runtime_3.9.1100.20250811-2018\jars\maven-model-builder-3.9.11.jar
2026-01-15 18:34:05,185 [Worker-92: Launching Executing clean in C__Users_ctorleo571_Desktop_Proyectos_Tema2AD_Tema2AD_khibernate_v25] INFO  o.eclipse.m2e.core.internal.Bundles - 	Entry: C:\Users\ctorleo571\Desktop\eclipse\plugins\org.eclipse.m2e.maven.runtime_3.9.1100.20250811-2018\jars\maven-plugin-api-3.9.11.jar
2026-01-15 18:34:05,185 [Worker-92: Launching Executing clean in C__Users_ctorleo571_Desktop_Proyectos_Tema2AD_Tema2AD_khibernate_v25] INFO  o.eclipse.m2e.core.internal.Bundles - 	Entry: C:\Users\ctorleo571\Desktop\eclipse\plugins\org.eclipse.m2e.maven.runtime_3.9.1100.20250811-2018\jars\maven-repository-metadata-3.9.11.jar
2026-01-15 18:34:05,185 [Worker-92: Launching Executing clean in C__Users_ctorleo571_Desktop_Proyectos_Tema2AD_Tema2AD_khibernate_v25] INFO  o.eclipse.m2e.core.internal.Bundles - 	Entry: C:\Users\ctorleo571\Desktop\eclipse\plugins\org.eclipse.m2e.maven.runtime_3.9.1100.20250811-2018\jars\maven-resolver-api-1.9.24.jar
2026-01-15 18:34:05,185 [Worker-92: Launching Executing clean in C__Users_ctorleo571_Desktop_Proyectos_Tema2AD_Tema2AD_khibernate_v25] INFO  o.eclipse.m2e.core.internal.Bundles - 	Entry: C:\Users\ctorleo571\Desktop\eclipse\plugins\org.eclipse.m2e.maven.runtime_3.9.1100.20250811-2018\jars\maven-resolver-connector-basic-1.9.24.jar
2026-01-15 18:34:05,185 [Worker-92: Launching Executing clean in C__Users_ctorleo571_Desktop_Proyectos_Tema2AD_Tema2AD_khibernate_v25] INFO  o.eclipse.m2e.core.internal.Bundles - 	Entry: C:\Users\ctorleo571\Desktop\eclipse\plugins\org.eclipse.m2e.maven.runtime_3.9.1100.20250811-2018\jars\maven-resolver-impl-1.9.24.jar
2026-01-15 18:34:05,185 [Worker-92: Launching Executing clean in C__Users_ctorleo571_Desktop_Proyectos_Tema2AD_Tema2AD_khibernate_v25] INFO  o.eclipse.m2e.core.internal.Bundles - 	Entry: C:\Users\ctorleo571\Desktop\eclipse\plugins\org.eclipse.m2e.maven.runtime_3.9.1100.20250811-2018\jars\maven-resolver-named-locks-1.9.24.jar
2026-01-15 18:34:05,185 [Worker-92: Launching Executing clean in C__Users_ctorleo571_Desktop_Proyectos_Tema2AD_Tema2AD_khibernate_v25] INFO  o.eclipse.m2e.core.internal.Bundles - 	Entry: C:\Users\ctorleo571\Desktop\eclipse\plugins\org.eclipse.m2e.maven.runtime_3.9.1100.20250811-2018\jars\maven-resolver-provider-3.9.11.jar
2026-01-15 18:34:05,185 [Worker-92: Launching Executing clean in C__Users_ctorleo571_Desktop_Proyectos_Tema2AD_Tema2AD_khibernate_v25] INFO  o.eclipse.m2e.core.internal.Bundles - 	Entry: C:\Users\ctorleo571\Desktop\eclipse\plugins\org.eclipse.m2e.maven.runtime_3.9.1100.20250811-2018\jars\maven-resolver-spi-1.9.24.jar
2026-01-15 18:34:05,185 [Worker-92: Launching Executing clean in C__Users_ctorleo571_Desktop_Proyectos_Tema2AD_Tema2AD_khibernate_v25] INFO  o.eclipse.m2e.core.internal.Bundles - 	Entry: C:\Users\ctorleo571\Desktop\eclipse\plugins\org.eclipse.m2e.maven.runtime_3.9.1100.20250811-2018\jars\maven-resolver-transport-file-1.9.24.jar
2026-01-15 18:34:05,185 [Worker-92: Launching Executing clean in C__Users_ctorleo571_Desktop_Proyectos_Tema2AD_Tema2AD_khibernate_v25] INFO  o.eclipse.m2e.core.internal.Bundles - 	Entry: C:\Users\ctorleo571\Desktop\eclipse\plugins\org.eclipse.m2e.maven.runtime_3.9.1100.20250811-2018\jars\maven-resolver-transport-http-1.9.24.jar
2026-01-15 18:34:05,185 [Worker-92: Launching Executing clean in C__Users_ctorleo571_Desktop_Proyectos_Tema2AD_Tema2AD_khibernate_v25] INFO  o.eclipse.m2e.core.internal.Bundles - 	Entry: C:\Users\ctorleo571\Desktop\eclipse\plugins\org.eclipse.m2e.maven.runtime_3.9.1100.20250811-2018\jars\maven-resolver-transport-wagon-1.9.24.jar
2026-01-15 18:34:05,185 [Worker-92: Launching Executing clean in C__Users_ctorleo571_Desktop_Proyectos_Tema2AD_Tema2AD_khibernate_v25] INFO  o.eclipse.m2e.core.internal.Bundles - 	Entry: C:\Users\ctorleo571\Desktop\eclipse\plugins\org.eclipse.m2e.maven.runtime_3.9.1100.20250811-2018\jars\maven-resolver-util-1.9.24.jar
2026-01-15 18:34:05,186 [Worker-92: Launching Executing clean in C__Users_ctorleo571_Desktop_Proyectos_Tema2AD_Tema2AD_khibernate_v25] INFO  o.eclipse.m2e.core.internal.Bundles - 	Entry: C:\Users\ctorleo571\Desktop\eclipse\plugins\org.eclipse.m2e.maven.runtime_3.9.1100.20250811-2018\jars\maven-settings-3.9.11.jar
2026-01-15 18:34:05,186 [Worker-92: Launching Executing clean in C__Users_ctorleo571_Desktop_Proyectos_Tema2AD_Tema2AD_khibernate_v25] INFO  o.eclipse.m2e.core.internal.Bundles - 	Entry: C:\Users\ctorleo571\Desktop\eclipse\plugins\org.eclipse.m2e.maven.runtime_3.9.1100.20250811-2018\jars\maven-settings-builder-3.9.11.jar
2026-01-15 18:34:05,186 [Worker-92: Launching Executing clean in C__Users_ctorleo571_Desktop_Proyectos_Tema2AD_Tema2AD_khibernate_v25] INFO  o.eclipse.m2e.core.internal.Bundles - 	Entry: C:\Users\ctorleo571\Desktop\eclipse\plugins\org.eclipse.m2e.maven.runtime_3.9.1100.20250811-2018\jars\maven-shared-utils-3.4.2.jar
2026-01-15 18:34:05,186 [Worker-92: Launching Executing clean in C__Users_ctorleo571_Desktop_Proyectos_Tema2AD_Tema2AD_khibernate_v25] INFO  o.eclipse.m2e.core.internal.Bundles - 	Entry: C:\Users\ctorleo571\Desktop\eclipse\plugins\org.eclipse.m2e.maven.runtime_3.9.1100.20250811-2018\jars\org.eclipse.sisu.inject-0.9.0.M4.jar
2026-01-15 18:34:05,186 [Worker-92: Launching Executing clean in C__Users_ctorleo571_Desktop_Proyectos_Tema2AD_Tema2AD_khibernate_v25] INFO  o.eclipse.m2e.core.internal.Bundles - 	Entry: C:\Users\ctorleo571\Desktop\eclipse\plugins\org.eclipse.m2e.maven.runtime_3.9.1100.20250811-2018\jars\org.eclipse.sisu.plexus-0.9.0.M4.jar
2026-01-15 18:34:05,186 [Worker-92: Launching Executing clean in C__Users_ctorleo571_Desktop_Proyectos_Tema2AD_Tema2AD_khibernate_v25] INFO  o.eclipse.m2e.core.internal.Bundles - 	Entry: C:\Users\ctorleo571\Desktop\eclipse\plugins\org.eclipse.m2e.maven.runtime_3.9.1100.20250811-2018\jars\plexus-build-api-0.0.7.jar
2026-01-15 18:34:05,186 [Worker-92: Launching Executing clean in C__Users_ctorleo571_Desktop_Proyectos_Tema2AD_Tema2AD_khibernate_v25] INFO  o.eclipse.m2e.core.internal.Bundles - 	Entry: C:\Users\ctorleo571\Desktop\eclipse\plugins\org.eclipse.m2e.maven.runtime_3.9.1100.20250811-2018\jars\plexus-build-api-1.2.0.jar
2026-01-15 18:34:05,186 [Worker-92: Launching Executing clean in C__Users_ctorleo571_Desktop_Proyectos_Tema2AD_Tema2AD_khibernate_v25] INFO  o.eclipse.m2e.core.internal.Bundles - 	Entry: C:\Users\ctorleo571\Desktop\eclipse\plugins\org.eclipse.m2e.maven.runtime_3.9.1100.20250811-2018\jars\plexus-cipher-2.0.jar
2026-01-15 18:34:05,186 [Worker-92: Launching Executing clean in C__Users_ctorleo571_Desktop_Proyectos_Tema2AD_Tema2AD_khibernate_v25] INFO  o.eclipse.m2e.core.internal.Bundles - 	Entry: C:\Users\ctorleo571\Desktop\eclipse\plugins\org.eclipse.m2e.maven.runtime_3.9.1100.20250811-2018\jars\plexus-classworlds-2.9.0.jar
2026-01-15 18:34:05,186 [Worker-92: Launching Executing clean in C__Users_ctorleo571_Desktop_Proyectos_Tema2AD_Tema2AD_khibernate_v25] INFO  o.eclipse.m2e.core.internal.Bundles - 	Entry: C:\Users\ctorleo571\Desktop\eclipse\plugins\org.eclipse.m2e.maven.runtime_3.9.1100.20250811-2018\jars\plexus-component-annotations-2.2.0.jar
2026-01-15 18:34:05,186 [Worker-92: Launching Executing clean in C__Users_ctorleo571_Desktop_Proyectos_Tema2AD_Tema2AD_khibernate_v25] INFO  o.eclipse.m2e.core.internal.Bundles - 	Entry: C:\Users\ctorleo571\Desktop\eclipse\plugins\org.eclipse.m2e.maven.runtime_3.9.1100.20250811-2018\jars\plexus-interpolation-1.28.jar
2026-01-15 18:34:05,186 [Worker-92: Launching Executing clean in C__Users_ctorleo571_Desktop_Proyectos_Tema2AD_Tema2AD_khibernate_v25] INFO  o.eclipse.m2e.core.internal.Bundles - 	Entry: C:\Users\ctorleo571\Desktop\eclipse\plugins\org.eclipse.m2e.maven.runtime_3.9.1100.20250811-2018\jars\plexus-sec-dispatcher-2.0.jar
2026-01-15 18:34:05,187 [Worker-92: Launching Executing clean in C__Users_ctorleo571_Desktop_Proyectos_Tema2AD_Tema2AD_khibernate_v25] INFO  o.eclipse.m2e.core.internal.Bundles - 	Entry: C:\Users\ctorleo571\Desktop\eclipse\plugins\org.eclipse.m2e.maven.runtime_3.9.1100.20250811-2018\jars\plexus-utils-3.6.0.jar
2026-01-15 18:34:05,187 [Worker-92: Launching Executing clean in C__Users_ctorleo571_Desktop_Proyectos_Tema2AD_Tema2AD_khibernate_v25] INFO  o.eclipse.m2e.core.internal.Bundles - 	Entry: C:\Users\ctorleo571\Desktop\eclipse\plugins\org.eclipse.m2e.maven.runtime_3.9.1100.20250811-2018\jars\wagon-file-3.5.3.jar
2026-01-15 18:34:05,187 [Worker-92: Launching Executing clean in C__Users_ctorleo571_Desktop_Proyectos_Tema2AD_Tema2AD_khibernate_v25] INFO  o.eclipse.m2e.core.internal.Bundles - 	Entry: C:\Users\ctorleo571\Desktop\eclipse\plugins\org.eclipse.m2e.maven.runtime_3.9.1100.20250811-2018\jars\wagon-http-3.5.3.jar
2026-01-15 18:34:05,187 [Worker-92: Launching Executing clean in C__Users_ctorleo571_Desktop_Proyectos_Tema2AD_Tema2AD_khibernate_v25] INFO  o.eclipse.m2e.core.internal.Bundles - 	Entry: C:\Users\ctorleo571\Desktop\eclipse\plugins\org.eclipse.m2e.maven.runtime_3.9.1100.20250811-2018\jars\wagon-http-shared-3.5.3.jar
2026-01-15 18:34:05,187 [Worker-92: Launching Executing clean in C__Users_ctorleo571_Desktop_Proyectos_Tema2AD_Tema2AD_khibernate_v25] INFO  o.eclipse.m2e.core.internal.Bundles - 	Entry: C:\Users\ctorleo571\Desktop\eclipse\plugins\org.eclipse.m2e.maven.runtime_3.9.1100.20250811-2018\jars\wagon-provider-api-3.5.3.jar
2026-01-15 18:34:05,187 [Worker-92: Launching Executing clean in C__Users_ctorleo571_Desktop_Proyectos_Tema2AD_Tema2AD_khibernate_v25] INFO  o.eclipse.m2e.core.internal.Bundles - getClasspathEntries(Bundle=com.google.guava_33.4.8.jre [18])
2026-01-15 18:34:05,187 [Worker-92: Launching Executing clean in C__Users_ctorleo571_Desktop_Proyectos_Tema2AD_Tema2AD_khibernate_v25] INFO  o.eclipse.m2e.core.internal.Bundles - 	Entry: C:\Users\ctorleo571\Desktop\eclipse\plugins\com.google.guava_33.4.8.jre.jar
2026-01-15 18:34:05,187 [Worker-92: Launching Executing clean in C__Users_ctorleo571_Desktop_Proyectos_Tema2AD_Tema2AD_khibernate_v25] INFO  o.eclipse.m2e.core.internal.Bundles - getClasspathEntries(Bundle=slf4j.api_2.0.17 [1007])
2026-01-15 18:34:05,188 [Worker-92: Launching Executing clean in C__Users_ctorleo571_Desktop_Proyectos_Tema2AD_Tema2AD_khibernate_v25] INFO  o.eclipse.m2e.core.internal.Bundles - 	Entry: C:\Users\ctorleo571\Desktop\eclipse\plugins\slf4j.api_2.0.17.jar
2026-01-15 18:34:05,188 [Worker-92: Launching Executing clean in C__Users_ctorleo571_Desktop_Proyectos_Tema2AD_Tema2AD_khibernate_v25] INFO  o.eclipse.m2e.core.internal.Bundles - getClasspathEntries(Bundle=jakarta.inject.jakarta.inject-api_1.0.5 [35])
2026-01-15 18:34:05,188 [Worker-92: Launching Executing clean in C__Users_ctorleo571_Desktop_Proyectos_Tema2AD_Tema2AD_khibernate_v25] INFO  o.eclipse.m2e.core.internal.Bundles - 	Entry: C:\Users\ctorleo571\Desktop\eclipse\plugins\jakarta.inject.jakarta.inject-api_1.0.5.jar
2026-01-15 18:34:05,188 [Worker-92: Launching Executing clean in C__Users_ctorleo571_Desktop_Proyectos_Tema2AD_Tema2AD_khibernate_v25] INFO  o.eclipse.m2e.core.internal.Bundles - getClasspathEntries(Bundle=jakarta.annotation-api_1.3.5 [31])
2026-01-15 18:34:05,188 [Worker-92: Launching Executing clean in C__Users_ctorleo571_Desktop_Proyectos_Tema2AD_Tema2AD_khibernate_v25] INFO  o.eclipse.m2e.core.internal.Bundles - 	Entry: C:\Users\ctorleo571\Desktop\eclipse\plugins\jakarta.annotation-api_1.3.5.jar
2026-01-15 18:34:05,188 [Worker-92: Launching Executing clean in C__Users_ctorleo571_Desktop_Proyectos_Tema2AD_Tema2AD_khibernate_v25] INFO  o.eclipse.m2e.core.internal.Bundles - getClasspathEntries(Bundle=org.apache.commons.cli_1.10.0 [75])
2026-01-15 18:34:05,188 [Worker-92: Launching Executing clean in C__Users_ctorleo571_Desktop_Proyectos_Tema2AD_Tema2AD_khibernate_v25] INFO  o.eclipse.m2e.core.internal.Bundles - 	Entry: C:\Users\ctorleo571\Desktop\eclipse\plugins\org.apache.commons.cli_1.10.0.jar
2026-01-15 18:34:05,188 [Worker-92: Launching Executing clean in C__Users_ctorleo571_Desktop_Proyectos_Tema2AD_Tema2AD_khibernate_v25] INFO  o.eclipse.m2e.core.internal.Bundles - getClasspathEntries(Bundle=org.apache.commons.commons-codec_1.19.0 [77])
2026-01-15 18:34:05,189 [Worker-92: Launching Executing clean in C__Users_ctorleo571_Desktop_Proyectos_Tema2AD_Tema2AD_khibernate_v25] INFO  o.eclipse.m2e.core.internal.Bundles - 	Entry: C:\Users\ctorleo571\Desktop\eclipse\plugins\org.apache.commons.commons-codec_1.19.0.jar
2026-01-15 18:34:05,189 [Worker-92: Launching Executing clean in C__Users_ctorleo571_Desktop_Proyectos_Tema2AD_Tema2AD_khibernate_v25] INFO  o.eclipse.m2e.core.internal.Bundles - getClasspathEntries(Bundle=com.google.guava.failureaccess_1.0.3 [19])
2026-01-15 18:34:05,189 [Worker-92: Launching Executing clean in C__Users_ctorleo571_Desktop_Proyectos_Tema2AD_Tema2AD_khibernate_v25] INFO  o.eclipse.m2e.core.internal.Bundles - 	Entry: C:\Users\ctorleo571\Desktop\eclipse\plugins\com.google.guava.failureaccess_1.0.3.jar
2026-01-15 18:34:05,190 [Worker-92: Launching Executing clean in C__Users_ctorleo571_Desktop_Proyectos_Tema2AD_Tema2AD_khibernate_v25] INFO  o.e.m.i.launch.MavenLaunchDelegate - Run build in "C:\Users\ctorleo571\Desktop\Proyectos\Tema2AD\Tema2AD\khibernate_v25":
2026-01-15 18:34:05,191 [Worker-92: Launching Executing clean in C__Users_ctorleo571_Desktop_Proyectos_Tema2AD_Tema2AD_khibernate_v25] INFO  o.e.m.i.launch.MavenLaunchDelegate -  mvn  -B -Dstyle.color=always clean
2026-01-15 18:48:20,505 [Burningwave - Resource releaser] INFO  o.b.c.a.StaticComponentContainer - (StaticComponentContainer.java:391) - ... Waiting for all tasks ending
2026-01-15 18:48:20,506 [Burningwave - Resource releaser] INFO  o.b.c.a.StaticComponentContainer - (StaticComponentContainer.java:397) - Closing all component containers
2026-01-15 18:48:20,508 [Burningwave - Resource releaser] INFO  o.b.c.a.StaticComponentContainer - (StaticComponentContainer.java:403) - Closing FileSystemHelper
2026-01-15 18:48:20,509 [Burningwave - Resource releaser] INFO  o.b.c.a.StaticComponentContainer - (StaticComponentContainer.java:409) - ... Waiting for all tasks ending before shutting down the BackgroundExecutor
2026-01-15 18:48:20,509 [Burningwave - Resource releaser] INFO  o.b.c.a.StaticComponentContainer - (StaticComponentContainer.java:414) - Shutting down BackgroundExecutor
2026-01-15 18:48:20,509 [Burningwave - Resource releaser] INFO  o.b.c.a.StaticComponentContainer - (StaticComponentContainer.java:420) - Stopping all threads monitoring thread
2026-01-15 18:48:20,509 [Burningwave - Resource releaser] INFO  o.b.c.a.StaticComponentContainer - (StaticComponentContainer.java:425) - Closing ThreadHolder
2026-01-15 18:48:20,509 [Burningwave - Resource releaser] INFO  o.b.c.a.StaticComponentContainer - (StaticComponentContainer.java:430) - Shutting down ThreadSupplier
2026-01-20 21:16:00,737 [main] INFO  o.b.c.a.StaticComponentContainer - (StaticComponentContainer.java:368) - Instantiated org.burningwave.core.SLF4JManagedLoggerRepository
2026-01-20 21:16:00,740 [main] INFO  o.b.c.a.StaticComponentContainer - (StaticComponentContainer.java:369) - 

	Configuration values for static components:

		background-executor.all-tasks-monitoring.enabled=\
			true
		background-executor.all-tasks-monitoring.interval=\
			30000
		background-executor.all-tasks-monitoring.logger.enabled=\
			false
		background-executor.all-tasks-monitoring.minimum-elapsed-time-to-consider-a-task-as-probable-dead-locked=\
			300000
		background-executor.all-tasks-monitoring.probable-dead-locked-tasks-handling.policy=\
			log only
		background-executor.queued-task-executor[0].name=\
			Low priority tasks
		background-executor.queued-task-executor[0].priority=\
			1
		background-executor.queued-task-executor[1].name=\
			Normal priority tasks
		background-executor.queued-task-executor[1].priority=\
			5
		background-executor.queued-task-executor[2].name=\
			High priority tasks
		background-executor.queued-task-executor[2].priority=\
			10
		background-executor.task-creation-tracking.enabled=\
			${background-executor.all-tasks-monitoring.enabled}
		banner.additonal-informations=\
			${Bundle-Vendor} ${Bundle-Name} ${Bundle-Version}
		banner.additonal-informations.retrieve-from-manifest-file-of=\
			Burningwave Core
		banner.file=\
			org/burningwave/banner.bwb
		banner.hide=\
			true
		buffer-handler.default-allocation-mode=\
			ByteBuffer::allocateDirect
		buffer-handler.default-buffer-size=\
			1024
		group-name-for-named-elements=\
			Burningwave
		iterable-object-helper.default-values-separator=\
			;
		iterable-object-helper.parallel-iteration.applicability.default-minimum-collection-size=\
			2
		iterable-object-helper.parallel-iteration.applicability.max-runtime-thread-count-threshold=\
			autodetect
		iterable-object-helper.parallel-iteration.applicability.output-collection-enabled-types=\
			java.util.concurrent.ConcurrentHashMap$CollectionView;\
			java.util.Collections$SynchronizedCollection;\
			java.util.concurrent.CopyOnWriteArrayList;\
			java.util.concurrent.CopyOnWriteArraySet;\
			java.util.concurrent.BlockingQueue;\
			java.util.concurrent.ConcurrentSkipListSet;\
			java.util.concurrent.ConcurrentSkipListMap$EntrySet;\
			java.util.concurrent.ConcurrentSkipListMap$KeySet;\
			java.util.concurrent.ConcurrentSkipListMap$Values;
		jvm.driver.init=\
			false
		managed-logger.repository=\
			autodetect
		managed-logger.repository.enabled=\
			true
		managed-logger.repository.logging.warn.disabled-for=\
			org.burningwave.core.assembler.ComponentContainer$ClassLoader;\
			org.burningwave.core.classes.MemoryClassLoader;\
			org.burningwave.core.classes.PathScannerClassLoader;
		modules.export-all-to-all=\
			true
		resource-releaser.enabled=\
			true
		synchronizer.all-threads-monitoring.enabled=\
			false
		synchronizer.all-threads-monitoring.interval=\
			90000
		thread-supplier.default-daemon-flag-value=\
			true
		thread-supplier.default-thread-priority=\
			5
		thread-supplier.max-detached-thread-count=\
			${thread-supplier.max-poolable-thread-count}
		thread-supplier.max-detached-thread-count.elapsed-time-threshold-from-last-increase-for-gradual-decreasing-to-initial-value=\
			30000
		thread-supplier.max-detached-thread-count.increasing-step=\
			autodetect
		thread-supplier.max-poolable-thread-count=\
			autodetect
		thread-supplier.poolable-thread-request-timeout=\
			6000


2026-01-20 21:16:00,743 [main] INFO  o.b.core.jvm.BufferHandler - (BufferHandler.java:127) - default buffer size: 1024 bytes
2026-01-20 21:16:00,744 [main] INFO  o.b.core.jvm.BufferHandler - (BufferHandler.java:141) - default allocation mode: ByteBuffer::allocateDirect
2026-01-20 21:16:00,749 [main] INFO  org.burningwave.core.Cache - (Cache.java:76) - Building cache
2026-01-20 21:16:00,778 [main] INFO  o.b.c.a.StaticComponentContainer - (StaticComponentContainer.java:443) - org.burningwave.core.assembler.StaticComponentContainer initialized in 0.1262573 seconds
2026-01-20 21:16:01,978 [Worker-5: Loading available Gradle versions] INFO  o.e.b.c.i.u.g.PublishedGradleVersions - Gradle version information cache is out-of-date. Trying to update.
2026-01-20 21:17:39,889 [Burningwave - Resource releaser] INFO  o.b.c.a.StaticComponentContainer - (StaticComponentContainer.java:391) - ... Waiting for all tasks ending
2026-01-20 21:17:39,892 [Burningwave - Resource releaser] INFO  o.b.c.a.StaticComponentContainer - (StaticComponentContainer.java:397) - Closing all component containers
2026-01-20 21:17:39,894 [Burningwave - Resource releaser] INFO  o.b.c.a.StaticComponentContainer - (StaticComponentContainer.java:403) - Closing FileSystemHelper
2026-01-20 21:17:39,895 [Burningwave - Resource releaser] INFO  o.b.c.a.StaticComponentContainer - (StaticComponentContainer.java:409) - ... Waiting for all tasks ending before shutting down the BackgroundExecutor
2026-01-20 21:17:39,896 [Burningwave - Resource releaser] INFO  o.b.c.a.StaticComponentContainer - (StaticComponentContainer.java:414) - Shutting down BackgroundExecutor
2026-01-20 21:17:39,896 [Burningwave - Resource releaser] INFO  o.b.c.a.StaticComponentContainer - (StaticComponentContainer.java:420) - Stopping all threads monitoring thread
2026-01-20 21:17:39,896 [Burningwave - Resource releaser] INFO  o.b.c.a.StaticComponentContainer - (StaticComponentContainer.java:425) - Closing ThreadHolder
2026-01-20 21:17:39,897 [Burningwave - Resource releaser] INFO  o.b.c.a.StaticComponentContainer - (StaticComponentContainer.java:430) - Shutting down ThreadSupplier
2026-01-20 21:17:57,364 [main] INFO  o.b.c.a.StaticComponentContainer - (StaticComponentContainer.java:368) - Instantiated org.burningwave.core.SLF4JManagedLoggerRepository
2026-01-20 21:17:57,367 [main] INFO  o.b.c.a.StaticComponentContainer - (StaticComponentContainer.java:369) - 

	Configuration values for static components:

		background-executor.all-tasks-monitoring.enabled=\
			true
		background-executor.all-tasks-monitoring.interval=\
			30000
		background-executor.all-tasks-monitoring.logger.enabled=\
			false
		background-executor.all-tasks-monitoring.minimum-elapsed-time-to-consider-a-task-as-probable-dead-locked=\
			300000
		background-executor.all-tasks-monitoring.probable-dead-locked-tasks-handling.policy=\
			log only
		background-executor.queued-task-executor[0].name=\
			Low priority tasks
		background-executor.queued-task-executor[0].priority=\
			1
		background-executor.queued-task-executor[1].name=\
			Normal priority tasks
		background-executor.queued-task-executor[1].priority=\
			5
		background-executor.queued-task-executor[2].name=\
			High priority tasks
		background-executor.queued-task-executor[2].priority=\
			10
		background-executor.task-creation-tracking.enabled=\
			${background-executor.all-tasks-monitoring.enabled}
		banner.additonal-informations=\
			${Bundle-Vendor} ${Bundle-Name} ${Bundle-Version}
		banner.additonal-informations.retrieve-from-manifest-file-of=\
			Burningwave Core
		banner.file=\
			org/burningwave/banner.bwb
		banner.hide=\
			true
		buffer-handler.default-allocation-mode=\
			ByteBuffer::allocateDirect
		buffer-handler.default-buffer-size=\
			1024
		group-name-for-named-elements=\
			Burningwave
		iterable-object-helper.default-values-separator=\
			;
		iterable-object-helper.parallel-iteration.applicability.default-minimum-collection-size=\
			2
		iterable-object-helper.parallel-iteration.applicability.max-runtime-thread-count-threshold=\
			autodetect
		iterable-object-helper.parallel-iteration.applicability.output-collection-enabled-types=\
			java.util.concurrent.ConcurrentHashMap$CollectionView;\
			java.util.Collections$SynchronizedCollection;\
			java.util.concurrent.CopyOnWriteArrayList;\
			java.util.concurrent.CopyOnWriteArraySet;\
			java.util.concurrent.BlockingQueue;\
			java.util.concurrent.ConcurrentSkipListSet;\
			java.util.concurrent.ConcurrentSkipListMap$EntrySet;\
			java.util.concurrent.ConcurrentSkipListMap$KeySet;\
			java.util.concurrent.ConcurrentSkipListMap$Values;
		jvm.driver.init=\
			false
		managed-logger.repository=\
			autodetect
		managed-logger.repository.enabled=\
			true
		managed-logger.repository.logging.warn.disabled-for=\
			org.burningwave.core.assembler.ComponentContainer$ClassLoader;\
			org.burningwave.core.classes.MemoryClassLoader;\
			org.burningwave.core.classes.PathScannerClassLoader;
		modules.export-all-to-all=\
			true
		resource-releaser.enabled=\
			true
		synchronizer.all-threads-monitoring.enabled=\
			false
		synchronizer.all-threads-monitoring.interval=\
			90000
		thread-supplier.default-daemon-flag-value=\
			true
		thread-supplier.default-thread-priority=\
			5
		thread-supplier.max-detached-thread-count=\
			${thread-supplier.max-poolable-thread-count}
		thread-supplier.max-detached-thread-count.elapsed-time-threshold-from-last-increase-for-gradual-decreasing-to-initial-value=\
			30000
		thread-supplier.max-detached-thread-count.increasing-step=\
			autodetect
		thread-supplier.max-poolable-thread-count=\
			autodetect
		thread-supplier.poolable-thread-request-timeout=\
			6000


2026-01-20 21:17:57,370 [main] INFO  o.b.core.jvm.BufferHandler - (BufferHandler.java:127) - default buffer size: 1024 bytes
2026-01-20 21:17:57,371 [main] INFO  o.b.core.jvm.BufferHandler - (BufferHandler.java:141) - default allocation mode: ByteBuffer::allocateDirect
2026-01-20 21:17:57,375 [main] INFO  org.burningwave.core.Cache - (Cache.java:76) - Building cache
2026-01-20 21:17:57,402 [main] INFO  o.b.c.a.StaticComponentContainer - (StaticComponentContainer.java:443) - org.burningwave.core.assembler.StaticComponentContainer initialized in 0.0984846 seconds
2026-01-20 21:17:58,246 [Worker-5: Loading available Gradle versions] INFO  o.e.b.c.i.u.g.PublishedGradleVersions - Gradle version information cache is up-to-date. Trying to read.
2026-01-20 21:23:46,487 [Worker-37: Building] INFO  o.a.m.s.f.DefaultMavenResourcesFiltering - skip non existing resourceDirectory C:\Users\ctorleo571\Desktop\Proyectos\Tema2AD\Tema2AD\khibernate_v25\src\main\resources
2026-01-20 21:23:46,493 [Worker-37: Building] INFO  o.a.m.s.f.DefaultMavenResourcesFiltering - skip non existing resourceDirectory C:\Users\ctorleo571\Desktop\Proyectos\Tema2AD\Tema2AD\khibernate_v25\src\test\resources
2026-01-20 21:23:46,896 [Worker-37: Building] WARN  o.apache.maven.project.MavenProject - Direct modification of compileSourceRoots through clear() is deprecated and will not work in Maven 4.0.0. Please use the add/remove methods instead. If you're using a plugin that causes this warning, please upgrade to the latest version and report an issue if the warning persists. To disable these warnings, set -Dmaven.project.sourceRoots.warningsDisabled=true on the command line, in the .mvn/maven.config file, or in project POM properties.
2026-01-20 21:23:46,897 [Worker-37: Building] WARN  o.apache.maven.project.MavenProject - Direct modification of compileSourceRoots through add() is deprecated and will not work in Maven 4.0.0. Please use the add/remove methods instead. If you're using a plugin that causes this warning, please upgrade to the latest version and report an issue if the warning persists. To disable these warnings, set -Dmaven.project.sourceRoots.warningsDisabled=true on the command line, in the .mvn/maven.config file, or in project POM properties.
2026-01-20 21:23:46,897 [Worker-37: Building] WARN  o.apache.maven.project.MavenProject - Direct modification of testCompileSourceRoots through clear() is deprecated and will not work in Maven 4.0.0. Please use the add/remove methods instead. If you're using a plugin that causes this warning, please upgrade to the latest version and report an issue if the warning persists. To disable these warnings, set -Dmaven.project.sourceRoots.warningsDisabled=true on the command line, in the .mvn/maven.config file, or in project POM properties.
2026-01-20 21:23:46,898 [Worker-37: Building] WARN  o.apache.maven.project.MavenProject - Direct modification of testCompileSourceRoots through add() is deprecated and will not work in Maven 4.0.0. Please use the add/remove methods instead. If you're using a plugin that causes this warning, please upgrade to the latest version and report an issue if the warning persists. To disable these warnings, set -Dmaven.project.sourceRoots.warningsDisabled=true on the command line, in the .mvn/maven.config file, or in project POM properties.
2026-01-20 21:29:48,321 [Worker-35: Building] INFO  o.a.m.s.f.DefaultMavenResourcesFiltering - skip non existing resourceDirectory C:\Users\ctorleo571\Desktop\Proyectos\Tema2AD\Tema2AD\khibernate_v25\src\main\resources
2026-01-20 21:29:48,324 [Worker-35: Building] INFO  o.a.m.s.f.DefaultMavenResourcesFiltering - skip non existing resourceDirectory C:\Users\ctorleo571\Desktop\Proyectos\Tema2AD\Tema2AD\khibernate_v25\src\test\resources
2026-01-20 21:29:48,325 [Worker-35: Building] WARN  o.apache.maven.project.MavenProject - Direct modification of compileSourceRoots through clear() is deprecated and will not work in Maven 4.0.0. Please use the add/remove methods instead. If you're using a plugin that causes this warning, please upgrade to the latest version and report an issue if the warning persists. To disable these warnings, set -Dmaven.project.sourceRoots.warningsDisabled=true on the command line, in the .mvn/maven.config file, or in project POM properties.
2026-01-20 21:29:48,325 [Worker-35: Building] WARN  o.apache.maven.project.MavenProject - Direct modification of compileSourceRoots through add() is deprecated and will not work in Maven 4.0.0. Please use the add/remove methods instead. If you're using a plugin that causes this warning, please upgrade to the latest version and report an issue if the warning persists. To disable these warnings, set -Dmaven.project.sourceRoots.warningsDisabled=true on the command line, in the .mvn/maven.config file, or in project POM properties.
2026-01-20 21:29:48,326 [Worker-35: Building] WARN  o.apache.maven.project.MavenProject - Direct modification of testCompileSourceRoots through clear() is deprecated and will not work in Maven 4.0.0. Please use the add/remove methods instead. If you're using a plugin that causes this warning, please upgrade to the latest version and report an issue if the warning persists. To disable these warnings, set -Dmaven.project.sourceRoots.warningsDisabled=true on the command line, in the .mvn/maven.config file, or in project POM properties.
2026-01-20 21:29:48,327 [Worker-35: Building] WARN  o.apache.maven.project.MavenProject - Direct modification of testCompileSourceRoots through add() is deprecated and will not work in Maven 4.0.0. Please use the add/remove methods instead. If you're using a plugin that causes this warning, please upgrade to the latest version and report an issue if the warning persists. To disable these warnings, set -Dmaven.project.sourceRoots.warningsDisabled=true on the command line, in the .mvn/maven.config file, or in project POM properties.
2026-01-20 21:29:56,248 [Worker-39: Building] INFO  o.a.m.s.f.DefaultMavenResourcesFiltering - skip non existing resourceDirectory C:\Users\ctorleo571\Desktop\Proyectos\Tema2AD\Tema2AD\khibernate_v25\src\main\resources
2026-01-20 21:29:56,250 [Worker-39: Building] INFO  o.a.m.s.f.DefaultMavenResourcesFiltering - skip non existing resourceDirectory C:\Users\ctorleo571\Desktop\Proyectos\Tema2AD\Tema2AD\khibernate_v25\src\test\resources
2026-01-20 21:29:56,250 [Worker-39: Building] WARN  o.apache.maven.project.MavenProject - Direct modification of compileSourceRoots through clear() is deprecated and will not work in Maven 4.0.0. Please use the add/remove methods instead. If you're using a plugin that causes this warning, please upgrade to the latest version and report an issue if the warning persists. To disable these warnings, set -Dmaven.project.sourceRoots.warningsDisabled=true on the command line, in the .mvn/maven.config file, or in project POM properties.
2026-01-20 21:29:56,251 [Worker-39: Building] WARN  o.apache.maven.project.MavenProject - Direct modification of compileSourceRoots through add() is deprecated and will not work in Maven 4.0.0. Please use the add/remove methods instead. If you're using a plugin that causes this warning, please upgrade to the latest version and report an issue if the warning persists. To disable these warnings, set -Dmaven.project.sourceRoots.warningsDisabled=true on the command line, in the .mvn/maven.config file, or in project POM properties.
2026-01-20 21:29:56,252 [Worker-39: Building] WARN  o.apache.maven.project.MavenProject - Direct modification of testCompileSourceRoots through clear() is deprecated and will not work in Maven 4.0.0. Please use the add/remove methods instead. If you're using a plugin that causes this warning, please upgrade to the latest version and report an issue if the warning persists. To disable these warnings, set -Dmaven.project.sourceRoots.warningsDisabled=true on the command line, in the .mvn/maven.config file, or in project POM properties.
2026-01-20 21:29:56,252 [Worker-39: Building] WARN  o.apache.maven.project.MavenProject - Direct modification of testCompileSourceRoots through add() is deprecated and will not work in Maven 4.0.0. Please use the add/remove methods instead. If you're using a plugin that causes this warning, please upgrade to the latest version and report an issue if the warning persists. To disable these warnings, set -Dmaven.project.sourceRoots.warningsDisabled=true on the command line, in the .mvn/maven.config file, or in project POM properties.
2026-01-20 21:30:03,250 [Worker-39: Building] INFO  o.a.m.s.f.DefaultMavenResourcesFiltering - skip non existing resourceDirectory C:\Users\ctorleo571\Desktop\Proyectos\Tema2AD\Tema2AD\khibernate_v25\src\main\resources
2026-01-20 21:30:03,265 [Worker-39: Building] INFO  o.a.m.s.f.DefaultMavenResourcesFiltering - skip non existing resourceDirectory C:\Users\ctorleo571\Desktop\Proyectos\Tema2AD\Tema2AD\khibernate_v25\src\test\resources
2026-01-20 21:30:03,282 [Worker-39: Building] WARN  o.apache.maven.project.MavenProject - Direct modification of compileSourceRoots through clear() is deprecated and will not work in Maven 4.0.0. Please use the add/remove methods instead. If you're using a plugin that causes this warning, please upgrade to the latest version and report an issue if the warning persists. To disable these warnings, set -Dmaven.project.sourceRoots.warningsDisabled=true on the command line, in the .mvn/maven.config file, or in project POM properties.
2026-01-20 21:30:03,283 [Worker-39: Building] WARN  o.apache.maven.project.MavenProject - Direct modification of compileSourceRoots through add() is deprecated and will not work in Maven 4.0.0. Please use the add/remove methods instead. If you're using a plugin that causes this warning, please upgrade to the latest version and report an issue if the warning persists. To disable these warnings, set -Dmaven.project.sourceRoots.warningsDisabled=true on the command line, in the .mvn/maven.config file, or in project POM properties.
2026-01-20 21:30:03,284 [Worker-39: Building] WARN  o.apache.maven.project.MavenProject - Direct modification of testCompileSourceRoots through clear() is deprecated and will not work in Maven 4.0.0. Please use the add/remove methods instead. If you're using a plugin that causes this warning, please upgrade to the latest version and report an issue if the warning persists. To disable these warnings, set -Dmaven.project.sourceRoots.warningsDisabled=true on the command line, in the .mvn/maven.config file, or in project POM properties.
2026-01-20 21:30:03,285 [Worker-39: Building] WARN  o.apache.maven.project.MavenProject - Direct modification of testCompileSourceRoots through add() is deprecated and will not work in Maven 4.0.0. Please use the add/remove methods instead. If you're using a plugin that causes this warning, please upgrade to the latest version and report an issue if the warning persists. To disable these warnings, set -Dmaven.project.sourceRoots.warningsDisabled=true on the command line, in the .mvn/maven.config file, or in project POM properties.
2026-01-20 21:30:36,377 [Worker-32: Building] INFO  o.a.m.s.f.DefaultMavenResourcesFiltering - skip non existing resourceDirectory C:\Users\ctorleo571\Desktop\Proyectos\Tema2AD\Tema2AD\khibernate_v25\src\main\resources
2026-01-20 21:30:36,380 [Worker-32: Building] INFO  o.a.m.s.f.DefaultMavenResourcesFiltering - skip non existing resourceDirectory C:\Users\ctorleo571\Desktop\Proyectos\Tema2AD\Tema2AD\khibernate_v25\src\test\resources
2026-01-20 21:30:36,380 [Worker-32: Building] WARN  o.apache.maven.project.MavenProject - Direct modification of compileSourceRoots through clear() is deprecated and will not work in Maven 4.0.0. Please use the add/remove methods instead. If you're using a plugin that causes this warning, please upgrade to the latest version and report an issue if the warning persists. To disable these warnings, set -Dmaven.project.sourceRoots.warningsDisabled=true on the command line, in the .mvn/maven.config file, or in project POM properties.
2026-01-20 21:30:36,381 [Worker-32: Building] WARN  o.apache.maven.project.MavenProject - Direct modification of compileSourceRoots through add() is deprecated and will not work in Maven 4.0.0. Please use the add/remove methods instead. If you're using a plugin that causes this warning, please upgrade to the latest version and report an issue if the warning persists. To disable these warnings, set -Dmaven.project.sourceRoots.warningsDisabled=true on the command line, in the .mvn/maven.config file, or in project POM properties.
2026-01-20 21:30:36,381 [Worker-32: Building] WARN  o.apache.maven.project.MavenProject - Direct modification of testCompileSourceRoots through clear() is deprecated and will not work in Maven 4.0.0. Please use the add/remove methods instead. If you're using a plugin that causes this warning, please upgrade to the latest version and report an issue if the warning persists. To disable these warnings, set -Dmaven.project.sourceRoots.warningsDisabled=true on the command line, in the .mvn/maven.config file, or in project POM properties.
2026-01-20 21:30:36,382 [Worker-32: Building] WARN  o.apache.maven.project.MavenProject - Direct modification of testCompileSourceRoots through add() is deprecated and will not work in Maven 4.0.0. Please use the add/remove methods instead. If you're using a plugin that causes this warning, please upgrade to the latest version and report an issue if the warning persists. To disable these warnings, set -Dmaven.project.sourceRoots.warningsDisabled=true on the command line, in the .mvn/maven.config file, or in project POM properties.
2026-01-20 21:30:56,085 [Worker-41: Building] INFO  o.a.m.s.f.DefaultMavenResourcesFiltering - skip non existing resourceDirectory C:\Users\ctorleo571\Desktop\Proyectos\Tema2AD\Tema2AD\khibernate_v25\src\main\resources
2026-01-20 21:30:56,088 [Worker-41: Building] INFO  o.a.m.s.f.DefaultMavenResourcesFiltering - skip non existing resourceDirectory C:\Users\ctorleo571\Desktop\Proyectos\Tema2AD\Tema2AD\khibernate_v25\src\test\resources
2026-01-20 21:30:56,098 [Worker-41: Building] WARN  o.apache.maven.project.MavenProject - Direct modification of compileSourceRoots through clear() is deprecated and will not work in Maven 4.0.0. Please use the add/remove methods instead. If you're using a plugin that causes this warning, please upgrade to the latest version and report an issue if the warning persists. To disable these warnings, set -Dmaven.project.sourceRoots.warningsDisabled=true on the command line, in the .mvn/maven.config file, or in project POM properties.
2026-01-20 21:30:56,099 [Worker-41: Building] WARN  o.apache.maven.project.MavenProject - Direct modification of compileSourceRoots through add() is deprecated and will not work in Maven 4.0.0. Please use the add/remove methods instead. If you're using a plugin that causes this warning, please upgrade to the latest version and report an issue if the warning persists. To disable these warnings, set -Dmaven.project.sourceRoots.warningsDisabled=true on the command line, in the .mvn/maven.config file, or in project POM properties.
2026-01-20 21:30:56,100 [Worker-41: Building] WARN  o.apache.maven.project.MavenProject - Direct modification of testCompileSourceRoots through clear() is deprecated and will not work in Maven 4.0.0. Please use the add/remove methods instead. If you're using a plugin that causes this warning, please upgrade to the latest version and report an issue if the warning persists. To disable these warnings, set -Dmaven.project.sourceRoots.warningsDisabled=true on the command line, in the .mvn/maven.config file, or in project POM properties.
2026-01-20 21:30:56,101 [Worker-41: Building] WARN  o.apache.maven.project.MavenProject - Direct modification of testCompileSourceRoots through add() is deprecated and will not work in Maven 4.0.0. Please use the add/remove methods instead. If you're using a plugin that causes this warning, please upgrade to the latest version and report an issue if the warning persists. To disable these warnings, set -Dmaven.project.sourceRoots.warningsDisabled=true on the command line, in the .mvn/maven.config file, or in project POM properties.
2026-01-20 21:32:23,988 [Worker-42: Building] INFO  o.a.m.s.f.DefaultMavenResourcesFiltering - skip non existing resourceDirectory C:\Users\ctorleo571\Desktop\Proyectos\Tema2AD\Tema2AD\khibernate_v25\src\main\resources
2026-01-20 21:32:23,992 [Worker-42: Building] INFO  o.a.m.s.f.DefaultMavenResourcesFiltering - skip non existing resourceDirectory C:\Users\ctorleo571\Desktop\Proyectos\Tema2AD\Tema2AD\khibernate_v25\src\test\resources
2026-01-20 21:32:24,012 [Worker-42: Building] WARN  o.apache.maven.project.MavenProject - Direct modification of compileSourceRoots through clear() is deprecated and will not work in Maven 4.0.0. Please use the add/remove methods instead. If you're using a plugin that causes this warning, please upgrade to the latest version and report an issue if the warning persists. To disable these warnings, set -Dmaven.project.sourceRoots.warningsDisabled=true on the command line, in the .mvn/maven.config file, or in project POM properties.
2026-01-20 21:32:24,013 [Worker-42: Building] WARN  o.apache.maven.project.MavenProject - Direct modification of compileSourceRoots through add() is deprecated and will not work in Maven 4.0.0. Please use the add/remove methods instead. If you're using a plugin that causes this warning, please upgrade to the latest version and report an issue if the warning persists. To disable these warnings, set -Dmaven.project.sourceRoots.warningsDisabled=true on the command line, in the .mvn/maven.config file, or in project POM properties.
2026-01-20 21:32:24,014 [Worker-42: Building] WARN  o.apache.maven.project.MavenProject - Direct modification of testCompileSourceRoots through clear() is deprecated and will not work in Maven 4.0.0. Please use the add/remove methods instead. If you're using a plugin that causes this warning, please upgrade to the latest version and report an issue if the warning persists. To disable these warnings, set -Dmaven.project.sourceRoots.warningsDisabled=true on the command line, in the .mvn/maven.config file, or in project POM properties.
2026-01-20 21:32:24,015 [Worker-42: Building] WARN  o.apache.maven.project.MavenProject - Direct modification of testCompileSourceRoots through add() is deprecated and will not work in Maven 4.0.0. Please use the add/remove methods instead. If you're using a plugin that causes this warning, please upgrade to the latest version and report an issue if the warning persists. To disable these warnings, set -Dmaven.project.sourceRoots.warningsDisabled=true on the command line, in the .mvn/maven.config file, or in project POM properties.
2026-01-20 21:32:31,567 [Worker-32: Launching SwingAppMain] INFO  o.a.m.s.f.DefaultMavenResourcesFiltering - skip non existing resourceDirectory C:\Users\ctorleo571\Desktop\Proyectos\Tema2AD\Tema2AD\khibernate_v25\src\main\resources
2026-01-20 21:32:31,571 [Worker-32: Launching SwingAppMain] INFO  o.a.m.s.f.DefaultMavenResourcesFiltering - skip non existing resourceDirectory C:\Users\ctorleo571\Desktop\Proyectos\Tema2AD\Tema2AD\khibernate_v25\src\test\resources
2026-01-20 21:32:31,571 [Worker-32: Launching SwingAppMain] WARN  o.apache.maven.project.MavenProject - Direct modification of compileSourceRoots through clear() is deprecated and will not work in Maven 4.0.0. Please use the add/remove methods instead. If you're using a plugin that causes this warning, please upgrade to the latest version and report an issue if the warning persists. To disable these warnings, set -Dmaven.project.sourceRoots.warningsDisabled=true on the command line, in the .mvn/maven.config file, or in project POM properties.
2026-01-20 21:32:31,572 [Worker-32: Launching SwingAppMain] WARN  o.apache.maven.project.MavenProject - Direct modification of compileSourceRoots through add() is deprecated and will not work in Maven 4.0.0. Please use the add/remove methods instead. If you're using a plugin that causes this warning, please upgrade to the latest version and report an issue if the warning persists. To disable these warnings, set -Dmaven.project.sourceRoots.warningsDisabled=true on the command line, in the .mvn/maven.config file, or in project POM properties.
2026-01-20 21:32:31,573 [Worker-32: Launching SwingAppMain] WARN  o.apache.maven.project.MavenProject - Direct modification of testCompileSourceRoots through clear() is deprecated and will not work in Maven 4.0.0. Please use the add/remove methods instead. If you're using a plugin that causes this warning, please upgrade to the latest version and report an issue if the warning persists. To disable these warnings, set -Dmaven.project.sourceRoots.warningsDisabled=true on the command line, in the .mvn/maven.config file, or in project POM properties.
2026-01-20 21:32:31,573 [Worker-32: Launching SwingAppMain] WARN  o.apache.maven.project.MavenProject - Direct modification of testCompileSourceRoots through add() is deprecated and will not work in Maven 4.0.0. Please use the add/remove methods instead. If you're using a plugin that causes this warning, please upgrade to the latest version and report an issue if the warning persists. To disable these warnings, set -Dmaven.project.sourceRoots.warningsDisabled=true on the command line, in the .mvn/maven.config file, or in project POM properties.
2026-01-20 21:51:12,889 [Worker-49: Building] INFO  o.a.m.s.f.DefaultMavenResourcesFiltering - skip non existing resourceDirectory C:\Users\ctorleo571\Desktop\Proyectos\Tema2AD\Tema2AD\khibernate_v25\src\main\resources
2026-01-20 21:51:12,893 [Worker-49: Building] INFO  o.a.m.s.f.DefaultMavenResourcesFiltering - skip non existing resourceDirectory C:\Users\ctorleo571\Desktop\Proyectos\Tema2AD\Tema2AD\khibernate_v25\src\test\resources
2026-01-20 21:51:12,894 [Worker-49: Building] WARN  o.apache.maven.project.MavenProject - Direct modification of compileSourceRoots through clear() is deprecated and will not work in Maven 4.0.0. Please use the add/remove methods instead. If you're using a plugin that causes this warning, please upgrade to the latest version and report an issue if the warning persists. To disable these warnings, set -Dmaven.project.sourceRoots.warningsDisabled=true on the command line, in the .mvn/maven.config file, or in project POM properties.
2026-01-20 21:51:12,895 [Worker-49: Building] WARN  o.apache.maven.project.MavenProject - Direct modification of compileSourceRoots through add() is deprecated and will not work in Maven 4.0.0. Please use the add/remove methods instead. If you're using a plugin that causes this warning, please upgrade to the latest version and report an issue if the warning persists. To disable these warnings, set -Dmaven.project.sourceRoots.warningsDisabled=true on the command line, in the .mvn/maven.config file, or in project POM properties.
2026-01-20 21:51:12,896 [Worker-49: Building] WARN  o.apache.maven.project.MavenProject - Direct modification of testCompileSourceRoots through clear() is deprecated and will not work in Maven 4.0.0. Please use the add/remove methods instead. If you're using a plugin that causes this warning, please upgrade to the latest version and report an issue if the warning persists. To disable these warnings, set -Dmaven.project.sourceRoots.warningsDisabled=true on the command line, in the .mvn/maven.config file, or in project POM properties.
2026-01-20 21:51:12,897 [Worker-49: Building] WARN  o.apache.maven.project.MavenProject - Direct modification of testCompileSourceRoots through add() is deprecated and will not work in Maven 4.0.0. Please use the add/remove methods instead. If you're using a plugin that causes this warning, please upgrade to the latest version and report an issue if the warning persists. To disable these warnings, set -Dmaven.project.sourceRoots.warningsDisabled=true on the command line, in the .mvn/maven.config file, or in project POM properties.
2026-01-20 21:52:05,477 [Worker-38: Building] INFO  o.a.m.s.f.DefaultMavenResourcesFiltering - skip non existing resourceDirectory C:\Users\ctorleo571\Desktop\Proyectos\Tema2AD\Tema2AD\khibernate_v25\src\main\resources
2026-01-20 21:52:05,479 [Worker-38: Building] INFO  o.a.m.s.f.DefaultMavenResourcesFiltering - skip non existing resourceDirectory C:\Users\ctorleo571\Desktop\Proyectos\Tema2AD\Tema2AD\khibernate_v25\src\test\resources
2026-01-20 21:52:05,480 [Worker-38: Building] WARN  o.apache.maven.project.MavenProject - Direct modification of compileSourceRoots through clear() is deprecated and will not work in Maven 4.0.0. Please use the add/remove methods instead. If you're using a plugin that causes this warning, please upgrade to the latest version and report an issue if the warning persists. To disable these warnings, set -Dmaven.project.sourceRoots.warningsDisabled=true on the command line, in the .mvn/maven.config file, or in project POM properties.
2026-01-20 21:52:05,481 [Worker-38: Building] WARN  o.apache.maven.project.MavenProject - Direct modification of compileSourceRoots through add() is deprecated and will not work in Maven 4.0.0. Please use the add/remove methods instead. If you're using a plugin that causes this warning, please upgrade to the latest version and report an issue if the warning persists. To disable these warnings, set -Dmaven.project.sourceRoots.warningsDisabled=true on the command line, in the .mvn/maven.config file, or in project POM properties.
2026-01-20 21:52:05,482 [Worker-38: Building] WARN  o.apache.maven.project.MavenProject - Direct modification of testCompileSourceRoots through clear() is deprecated and will not work in Maven 4.0.0. Please use the add/remove methods instead. If you're using a plugin that causes this warning, please upgrade to the latest version and report an issue if the warning persists. To disable these warnings, set -Dmaven.project.sourceRoots.warningsDisabled=true on the command line, in the .mvn/maven.config file, or in project POM properties.
2026-01-20 21:52:05,483 [Worker-38: Building] WARN  o.apache.maven.project.MavenProject - Direct modification of testCompileSourceRoots through add() is deprecated and will not work in Maven 4.0.0. Please use the add/remove methods instead. If you're using a plugin that causes this warning, please upgrade to the latest version and report an issue if the warning persists. To disable these warnings, set -Dmaven.project.sourceRoots.warningsDisabled=true on the command line, in the .mvn/maven.config file, or in project POM properties.
2026-01-20 21:52:15,058 [Worker-46: Building] INFO  o.a.m.s.f.DefaultMavenResourcesFiltering - skip non existing resourceDirectory C:\Users\ctorleo571\Desktop\Proyectos\Tema2AD\Tema2AD\khibernate_v25\src\main\resources
2026-01-20 21:52:15,060 [Worker-46: Building] INFO  o.a.m.s.f.DefaultMavenResourcesFiltering - skip non existing resourceDirectory C:\Users\ctorleo571\Desktop\Proyectos\Tema2AD\Tema2AD\khibernate_v25\src\test\resources
2026-01-20 21:52:15,060 [Worker-46: Building] WARN  o.apache.maven.project.MavenProject - Direct modification of compileSourceRoots through clear() is deprecated and will not work in Maven 4.0.0. Please use the add/remove methods instead. If you're using a plugin that causes this warning, please upgrade to the latest version and report an issue if the warning persists. To disable these warnings, set -Dmaven.project.sourceRoots.warningsDisabled=true on the command line, in the .mvn/maven.config file, or in project POM properties.
2026-01-20 21:52:15,060 [Worker-46: Building] WARN  o.apache.maven.project.MavenProject - Direct modification of compileSourceRoots through add() is deprecated and will not work in Maven 4.0.0. Please use the add/remove methods instead. If you're using a plugin that causes this warning, please upgrade to the latest version and report an issue if the warning persists. To disable these warnings, set -Dmaven.project.sourceRoots.warningsDisabled=true on the command line, in the .mvn/maven.config file, or in project POM properties.
2026-01-20 21:52:15,061 [Worker-46: Building] WARN  o.apache.maven.project.MavenProject - Direct modification of testCompileSourceRoots through clear() is deprecated and will not work in Maven 4.0.0. Please use the add/remove methods instead. If you're using a plugin that causes this warning, please upgrade to the latest version and report an issue if the warning persists. To disable these warnings, set -Dmaven.project.sourceRoots.warningsDisabled=true on the command line, in the .mvn/maven.config file, or in project POM properties.
2026-01-20 21:52:15,061 [Worker-46: Building] WARN  o.apache.maven.project.MavenProject - Direct modification of testCompileSourceRoots through add() is deprecated and will not work in Maven 4.0.0. Please use the add/remove methods instead. If you're using a plugin that causes this warning, please upgrade to the latest version and report an issue if the warning persists. To disable these warnings, set -Dmaven.project.sourceRoots.warningsDisabled=true on the command line, in the .mvn/maven.config file, or in project POM properties.
2026-01-20 21:56:38,044 [Worker-51: Building] INFO  o.a.m.s.f.DefaultMavenResourcesFiltering - skip non existing resourceDirectory C:\Users\ctorleo571\Desktop\Proyectos\Tema2AD\Tema2AD\khibernate_v25\src\main\resources
2026-01-20 21:56:38,046 [Worker-51: Building] INFO  o.a.m.s.f.DefaultMavenResourcesFiltering - skip non existing resourceDirectory C:\Users\ctorleo571\Desktop\Proyectos\Tema2AD\Tema2AD\khibernate_v25\src\test\resources
2026-01-20 21:56:38,047 [Worker-51: Building] WARN  o.apache.maven.project.MavenProject - Direct modification of compileSourceRoots through clear() is deprecated and will not work in Maven 4.0.0. Please use the add/remove methods instead. If you're using a plugin that causes this warning, please upgrade to the latest version and report an issue if the warning persists. To disable these warnings, set -Dmaven.project.sourceRoots.warningsDisabled=true on the command line, in the .mvn/maven.config file, or in project POM properties.
2026-01-20 21:56:38,048 [Worker-51: Building] WARN  o.apache.maven.project.MavenProject - Direct modification of compileSourceRoots through add() is deprecated and will not work in Maven 4.0.0. Please use the add/remove methods instead. If you're using a plugin that causes this warning, please upgrade to the latest version and report an issue if the warning persists. To disable these warnings, set -Dmaven.project.sourceRoots.warningsDisabled=true on the command line, in the .mvn/maven.config file, or in project POM properties.
2026-01-20 21:56:38,048 [Worker-51: Building] WARN  o.apache.maven.project.MavenProject - Direct modification of testCompileSourceRoots through clear() is deprecated and will not work in Maven 4.0.0. Please use the add/remove methods instead. If you're using a plugin that causes this warning, please upgrade to the latest version and report an issue if the warning persists. To disable these warnings, set -Dmaven.project.sourceRoots.warningsDisabled=true on the command line, in the .mvn/maven.config file, or in project POM properties.
2026-01-20 21:56:38,050 [Worker-51: Building] WARN  o.apache.maven.project.MavenProject - Direct modification of testCompileSourceRoots through add() is deprecated and will not work in Maven 4.0.0. Please use the add/remove methods instead. If you're using a plugin that causes this warning, please upgrade to the latest version and report an issue if the warning persists. To disable these warnings, set -Dmaven.project.sourceRoots.warningsDisabled=true on the command line, in the .mvn/maven.config file, or in project POM properties.
2026-01-20 21:57:08,005 [Worker-48: Building] INFO  o.a.m.s.f.DefaultMavenResourcesFiltering - skip non existing resourceDirectory C:\Users\ctorleo571\Desktop\Proyectos\Tema2AD\Tema2AD\khibernate_v25\src\main\resources
2026-01-20 21:57:08,007 [Worker-48: Building] INFO  o.a.m.s.f.DefaultMavenResourcesFiltering - skip non existing resourceDirectory C:\Users\ctorleo571\Desktop\Proyectos\Tema2AD\Tema2AD\khibernate_v25\src\test\resources
2026-01-20 21:57:08,007 [Worker-48: Building] WARN  o.apache.maven.project.MavenProject - Direct modification of compileSourceRoots through clear() is deprecated and will not work in Maven 4.0.0. Please use the add/remove methods instead. If you're using a plugin that causes this warning, please upgrade to the latest version and report an issue if the warning persists. To disable these warnings, set -Dmaven.project.sourceRoots.warningsDisabled=true on the command line, in the .mvn/maven.config file, or in project POM properties.
2026-01-20 21:57:08,008 [Worker-48: Building] WARN  o.apache.maven.project.MavenProject - Direct modification of compileSourceRoots through add() is deprecated and will not work in Maven 4.0.0. Please use the add/remove methods instead. If you're using a plugin that causes this warning, please upgrade to the latest version and report an issue if the warning persists. To disable these warnings, set -Dmaven.project.sourceRoots.warningsDisabled=true on the command line, in the .mvn/maven.config file, or in project POM properties.
2026-01-20 21:57:08,008 [Worker-48: Building] WARN  o.apache.maven.project.MavenProject - Direct modification of testCompileSourceRoots through clear() is deprecated and will not work in Maven 4.0.0. Please use the add/remove methods instead. If you're using a plugin that causes this warning, please upgrade to the latest version and report an issue if the warning persists. To disable these warnings, set -Dmaven.project.sourceRoots.warningsDisabled=true on the command line, in the .mvn/maven.config file, or in project POM properties.
2026-01-20 21:57:08,009 [Worker-48: Building] WARN  o.apache.maven.project.MavenProject - Direct modification of testCompileSourceRoots through add() is deprecated and will not work in Maven 4.0.0. Please use the add/remove methods instead. If you're using a plugin that causes this warning, please upgrade to the latest version and report an issue if the warning persists. To disable these warnings, set -Dmaven.project.sourceRoots.warningsDisabled=true on the command line, in the .mvn/maven.config file, or in project POM properties.
2026-01-20 22:03:47,509 [Worker-53: Building] INFO  o.a.m.s.f.DefaultMavenResourcesFiltering - skip non existing resourceDirectory C:\Users\ctorleo571\Desktop\Proyectos\Tema2AD\Tema2AD\khibernate_v25\src\main\resources
2026-01-20 22:03:47,511 [Worker-53: Building] INFO  o.a.m.s.f.DefaultMavenResourcesFiltering - skip non existing resourceDirectory C:\Users\ctorleo571\Desktop\Proyectos\Tema2AD\Tema2AD\khibernate_v25\src\test\resources
2026-01-20 22:03:47,511 [Worker-53: Building] WARN  o.apache.maven.project.MavenProject - Direct modification of compileSourceRoots through clear() is deprecated and will not work in Maven 4.0.0. Please use the add/remove methods instead. If you're using a plugin that causes this warning, please upgrade to the latest version and report an issue if the warning persists. To disable these warnings, set -Dmaven.project.sourceRoots.warningsDisabled=true on the command line, in the .mvn/maven.config file, or in project POM properties.
2026-01-20 22:03:47,512 [Worker-53: Building] WARN  o.apache.maven.project.MavenProject - Direct modification of compileSourceRoots through add() is deprecated and will not work in Maven 4.0.0. Please use the add/remove methods instead. If you're using a plugin that causes this warning, please upgrade to the latest version and report an issue if the warning persists. To disable these warnings, set -Dmaven.project.sourceRoots.warningsDisabled=true on the command line, in the .mvn/maven.config file, or in project POM properties.
2026-01-20 22:03:47,513 [Worker-53: Building] WARN  o.apache.maven.project.MavenProject - Direct modification of testCompileSourceRoots through clear() is deprecated and will not work in Maven 4.0.0. Please use the add/remove methods instead. If you're using a plugin that causes this warning, please upgrade to the latest version and report an issue if the warning persists. To disable these warnings, set -Dmaven.project.sourceRoots.warningsDisabled=true on the command line, in the .mvn/maven.config file, or in project POM properties.
2026-01-20 22:03:47,513 [Worker-53: Building] WARN  o.apache.maven.project.MavenProject - Direct modification of testCompileSourceRoots through add() is deprecated and will not work in Maven 4.0.0. Please use the add/remove methods instead. If you're using a plugin that causes this warning, please upgrade to the latest version and report an issue if the warning persists. To disable these warnings, set -Dmaven.project.sourceRoots.warningsDisabled=true on the command line, in the .mvn/maven.config file, or in project POM properties.
2026-01-20 22:06:20,485 [Worker-48: Building] INFO  o.a.m.s.f.DefaultMavenResourcesFiltering - skip non existing resourceDirectory C:\Users\ctorleo571\Desktop\Proyectos\Tema2AD\Tema2AD\khibernate_v25\src\main\resources
2026-01-20 22:06:20,489 [Worker-48: Building] INFO  o.a.m.s.f.DefaultMavenResourcesFiltering - skip non existing resourceDirectory C:\Users\ctorleo571\Desktop\Proyectos\Tema2AD\Tema2AD\khibernate_v25\src\test\resources
2026-01-20 22:06:20,489 [Worker-48: Building] WARN  o.apache.maven.project.MavenProject - Direct modification of compileSourceRoots through clear() is deprecated and will not work in Maven 4.0.0. Please use the add/remove methods instead. If you're using a plugin that causes this warning, please upgrade to the latest version and report an issue if the warning persists. To disable these warnings, set -Dmaven.project.sourceRoots.warningsDisabled=true on the command line, in the .mvn/maven.config file, or in project POM properties.
2026-01-20 22:06:20,491 [Worker-48: Building] WARN  o.apache.maven.project.MavenProject - Direct modification of compileSourceRoots through add() is deprecated and will not work in Maven 4.0.0. Please use the add/remove methods instead. If you're using a plugin that causes this warning, please upgrade to the latest version and report an issue if the warning persists. To disable these warnings, set -Dmaven.project.sourceRoots.warningsDisabled=true on the command line, in the .mvn/maven.config file, or in project POM properties.
2026-01-20 22:06:20,492 [Worker-48: Building] WARN  o.apache.maven.project.MavenProject - Direct modification of testCompileSourceRoots through clear() is deprecated and will not work in Maven 4.0.0. Please use the add/remove methods instead. If you're using a plugin that causes this warning, please upgrade to the latest version and report an issue if the warning persists. To disable these warnings, set -Dmaven.project.sourceRoots.warningsDisabled=true on the command line, in the .mvn/maven.config file, or in project POM properties.
2026-01-20 22:06:20,493 [Worker-48: Building] WARN  o.apache.maven.project.MavenProject - Direct modification of testCompileSourceRoots through add() is deprecated and will not work in Maven 4.0.0. Please use the add/remove methods instead. If you're using a plugin that causes this warning, please upgrade to the latest version and report an issue if the warning persists. To disable these warnings, set -Dmaven.project.sourceRoots.warningsDisabled=true on the command line, in the .mvn/maven.config file, or in project POM properties.
2026-01-20 22:07:25,999 [Worker-55: Building] INFO  o.a.m.s.f.DefaultMavenResourcesFiltering - skip non existing resourceDirectory C:\Users\ctorleo571\Desktop\Proyectos\Tema2AD\Tema2AD\khibernate_v25\src\main\resources
2026-01-20 22:07:26,002 [Worker-55: Building] INFO  o.a.m.s.f.DefaultMavenResourcesFiltering - skip non existing resourceDirectory C:\Users\ctorleo571\Desktop\Proyectos\Tema2AD\Tema2AD\khibernate_v25\src\test\resources
2026-01-20 22:07:26,002 [Worker-55: Building] WARN  o.apache.maven.project.MavenProject - Direct modification of compileSourceRoots through clear() is deprecated and will not work in Maven 4.0.0. Please use the add/remove methods instead. If you're using a plugin that causes this warning, please upgrade to the latest version and report an issue if the warning persists. To disable these warnings, set -Dmaven.project.sourceRoots.warningsDisabled=true on the command line, in the .mvn/maven.config file, or in project POM properties.
2026-01-20 22:07:26,004 [Worker-55: Building] WARN  o.apache.maven.project.MavenProject - Direct modification of compileSourceRoots through add() is deprecated and will not work in Maven 4.0.0. Please use the add/remove methods instead. If you're using a plugin that causes this warning, please upgrade to the latest version and report an issue if the warning persists. To disable these warnings, set -Dmaven.project.sourceRoots.warningsDisabled=true on the command line, in the .mvn/maven.config file, or in project POM properties.
2026-01-20 22:07:26,004 [Worker-55: Building] WARN  o.apache.maven.project.MavenProject - Direct modification of testCompileSourceRoots through clear() is deprecated and will not work in Maven 4.0.0. Please use the add/remove methods instead. If you're using a plugin that causes this warning, please upgrade to the latest version and report an issue if the warning persists. To disable these warnings, set -Dmaven.project.sourceRoots.warningsDisabled=true on the command line, in the .mvn/maven.config file, or in project POM properties.
2026-01-20 22:07:26,005 [Worker-55: Building] WARN  o.apache.maven.project.MavenProject - Direct modification of testCompileSourceRoots through add() is deprecated and will not work in Maven 4.0.0. Please use the add/remove methods instead. If you're using a plugin that causes this warning, please upgrade to the latest version and report an issue if the warning persists. To disable these warnings, set -Dmaven.project.sourceRoots.warningsDisabled=true on the command line, in the .mvn/maven.config file, or in project POM properties.
2026-01-20 22:08:20,082 [Worker-58: Building] INFO  o.a.m.s.f.DefaultMavenResourcesFiltering - skip non existing resourceDirectory C:\Users\ctorleo571\Desktop\Proyectos\Tema2AD\Tema2AD\khibernate_v25\src\main\resources
2026-01-20 22:08:20,085 [Worker-58: Building] INFO  o.a.m.s.f.DefaultMavenResourcesFiltering - skip non existing resourceDirectory C:\Users\ctorleo571\Desktop\Proyectos\Tema2AD\Tema2AD\khibernate_v25\src\test\resources
2026-01-20 22:08:20,085 [Worker-58: Building] WARN  o.apache.maven.project.MavenProject - Direct modification of compileSourceRoots through clear() is deprecated and will not work in Maven 4.0.0. Please use the add/remove methods instead. If you're using a plugin that causes this warning, please upgrade to the latest version and report an issue if the warning persists. To disable these warnings, set -Dmaven.project.sourceRoots.warningsDisabled=true on the command line, in the .mvn/maven.config file, or in project POM properties.
2026-01-20 22:08:20,086 [Worker-58: Building] WARN  o.apache.maven.project.MavenProject - Direct modification of compileSourceRoots through add() is deprecated and will not work in Maven 4.0.0. Please use the add/remove methods instead. If you're using a plugin that causes this warning, please upgrade to the latest version and report an issue if the warning persists. To disable these warnings, set -Dmaven.project.sourceRoots.warningsDisabled=true on the command line, in the .mvn/maven.config file, or in project POM properties.
2026-01-20 22:08:20,086 [Worker-58: Building] WARN  o.apache.maven.project.MavenProject - Direct modification of testCompileSourceRoots through clear() is deprecated and will not work in Maven 4.0.0. Please use the add/remove methods instead. If you're using a plugin that causes this warning, please upgrade to the latest version and report an issue if the warning persists. To disable these warnings, set -Dmaven.project.sourceRoots.warningsDisabled=true on the command line, in the .mvn/maven.config file, or in project POM properties.
2026-01-20 22:08:20,087 [Worker-58: Building] WARN  o.apache.maven.project.MavenProject - Direct modification of testCompileSourceRoots through add() is deprecated and will not work in Maven 4.0.0. Please use the add/remove methods instead. If you're using a plugin that causes this warning, please upgrade to the latest version and report an issue if the warning persists. To disable these warnings, set -Dmaven.project.sourceRoots.warningsDisabled=true on the command line, in the .mvn/maven.config file, or in project POM properties.
2026-01-20 22:08:31,798 [Worker-59: Building] INFO  o.a.m.s.f.DefaultMavenResourcesFiltering - skip non existing resourceDirectory C:\Users\ctorleo571\Desktop\Proyectos\Tema2AD\Tema2AD\khibernate_v25\src\main\resources
2026-01-20 22:08:31,800 [Worker-59: Building] INFO  o.a.m.s.f.DefaultMavenResourcesFiltering - skip non existing resourceDirectory C:\Users\ctorleo571\Desktop\Proyectos\Tema2AD\Tema2AD\khibernate_v25\src\test\resources
2026-01-20 22:08:31,816 [Worker-59: Building] WARN  o.apache.maven.project.MavenProject - Direct modification of compileSourceRoots through clear() is deprecated and will not work in Maven 4.0.0. Please use the add/remove methods instead. If you're using a plugin that causes this warning, please upgrade to the latest version and report an issue if the warning persists. To disable these warnings, set -Dmaven.project.sourceRoots.warningsDisabled=true on the command line, in the .mvn/maven.config file, or in project POM properties.
2026-01-20 22:08:31,817 [Worker-59: Building] WARN  o.apache.maven.project.MavenProject - Direct modification of compileSourceRoots through add() is deprecated and will not work in Maven 4.0.0. Please use the add/remove methods instead. If you're using a plugin that causes this warning, please upgrade to the latest version and report an issue if the warning persists. To disable these warnings, set -Dmaven.project.sourceRoots.warningsDisabled=true on the command line, in the .mvn/maven.config file, or in project POM properties.
2026-01-20 22:08:31,817 [Worker-59: Building] WARN  o.apache.maven.project.MavenProject - Direct modification of testCompileSourceRoots through clear() is deprecated and will not work in Maven 4.0.0. Please use the add/remove methods instead. If you're using a plugin that causes this warning, please upgrade to the latest version and report an issue if the warning persists. To disable these warnings, set -Dmaven.project.sourceRoots.warningsDisabled=true on the command line, in the .mvn/maven.config file, or in project POM properties.
2026-01-20 22:08:31,818 [Worker-59: Building] WARN  o.apache.maven.project.MavenProject - Direct modification of testCompileSourceRoots through add() is deprecated and will not work in Maven 4.0.0. Please use the add/remove methods instead. If you're using a plugin that causes this warning, please upgrade to the latest version and report an issue if the warning persists. To disable these warnings, set -Dmaven.project.sourceRoots.warningsDisabled=true on the command line, in the .mvn/maven.config file, or in project POM properties.
